projeto_atividade_codigo;projeto_atividade_descricao;data;numero;empenho;tipo;conta;fonte;fornecedor_codigo;fornecedor_nome;liquidado;saldo_a_pagar;em_previsao;saldo_a_provisionar
04.122.0002-2001;MANUTENÇÃO DO GABINETE DO PREFEITO;29/05/2023;3340/2023;3376/2023;Ordinário;00070;00000;22687-4;PROBO CENTRO AUTOMOTIVO LTDA;700.00;700.00;0.00;700.00
04.122.0002-2001;MANUTENÇÃO DO GABINETE DO PREFEITO;29/05/2023;3339/2023;3375/2023;Ordinário;00050;00000;22687-4;PROBO CENTRO AUTOMOTIVO LTDA;460.00;460.00;0.00;460.00
04.122.0002-2001;MANUTENÇÃO DO GABINETE DO PREFEITO;15/09/2023;6554/2023;6014/2023;Ordinário;00070;00000;21092-7;MUNICÍPIO DE CURITIBA;293.46;293.46;0.00;293.46
04.122.0002-2001;MANUTENÇÃO DO GABINETE DO PREFEITO;04/10/2023;7144/2023;4259/2023;Ordinário;00050;00000;21951-7;PR COMERCIO ELETRONICO LTDA - EPP;60.00;60.00;0.00;60.00
04.122.0002-2001;MANUTENÇÃO DO GABINETE DO PREFEITO;18/10/2023;7462/2023;4260/2023;Ordinário;00050;00000;23808-2;HMA COMERCIO E ATACADISTA DE PRODUTOS DE INFORMATICA E;16.80;16.80;0.00;16.80
04.122.0002-2001;MANUTENÇÃO DO GABINETE DO PREFEITO;28/05/2025;3353/2025;3356/2025;Ordinário;00050;00000;20487-1;NÃO UTILIZAR CADASTRO INDEVIDO;30.00;30.00;0.00;30.00
04.124.0003-2003;MANUTENÇÃO DO SETOR DE CONTROLE INTERNO;16/09/2025;5646/2025;5577/2025;Ordinário;00200;00000;297-6;TABELIONATO DE NOTAS ANEXOS;8891.53;2195.06;0.00;2195.06
04.124.0003-2003;MANUTENÇÃO DO SETOR DE CONTROLE INTERNO;09/10/2025;6114/2025;6015/2025;Ordinário;00180;00000;20220-7;LUAN VICENTE DOS SANTOS;500.00;500.00;0.00;500.00
04.122.0005-1004;ESTRUTURAR SECRETARIA DE ADMINISTRAÇÃO;16/05/2023;3123/2023;2716/2023;Ordinário;00180;00000;23751-5;MARCOS FERARI LTDA;1055.54;1055.54;0.00;1055.54
04.122.0005-1004;ESTRUTURAR SECRETARIA DE ADMINISTRAÇÃO;23/06/2023;4150/2023;2717/2023;Ordinário;00180;00000;23869-4;TODON COMERCIAL LTDA;2080.00;2080.00;0.00;2080.00
04.122.0005-1004;ESTRUTURAR SECRETARIA DE ADMINISTRAÇÃO;30/06/2023;4461/2023;2715/2023;Ordinário;00180;00000;22331-0;I.L.MENDES JUNIOR EIRELI ME;7230.00;7230.00;0.00;7230.00
04.122.0005-1004;ESTRUTURAR SECRETARIA DE ADMINISTRAÇÃO;24/07/2023;4919/2023;4833/2023;Ordinário;00180;00000;24244-6;WYUT DO BRASIL DISTRIBUIDORA DE EQUIPAMENTOS - EIRELI;3200.00;3200.00;0.00;3200.00
04.122.0005-1004;ESTRUTURAR SECRETARIA DE ADMINISTRAÇÃO;05/09/2023;6303/2023;5509/2023;Ordinário;00180;00000;24331-1;BELLINEA IND E COM DE MOVEIS LTDA;399.00;399.00;0.00;399.00
04.122.0005-1004;ESTRUTURAR SECRETARIA DE ADMINISTRAÇÃO;06/10/2023;7277/2023;6628/2023;Ordinário;00195;11045;22322-1;REPREMIG REPRESENTAÇÃO E COMERCIO DE MINAS GERAIS LTDA;9920.00;9920.00;0.00;9920.00
04.122.0005-1004;ESTRUTURAR SECRETARIA DE ADMINISTRAÇÃO;28/12/2023;9720/2023;7515/2023;Ordinário;00180;00000;24331-1;BELLINEA IND E COM DE MOVEIS LTDA;401.00;401.00;0.00;401.00
04.122.0005-1004;ESTRUTURAR SECRETARIA DE ADMINISTRAÇÃO;11/03/2024;1703/2024;7476/2023;Ordinário;00180;00000;24338-8;DI MOVEIS LTDA;827.67;827.67;0.00;827.67
04.122.0005-2004;MANUTENÇÃO DA SECRETARIA DE ADMINISTRAÇÃO;02/02/2022;554/2022;583/2022;Ordinário;00310;00000;19823-4;ELAINE DE JESUS MIGUEL DOS SANTOS;20.00;20.00;0.00;20.00
04.122.0005-2004;MANUTENÇÃO DA SECRETARIA DE ADMINISTRAÇÃO;06/05/2022;2782/2022;2823/2022;Ordinário;00310;00000;23070-7;CENTRAL NETWORK COMERCIAL;0.20;0.20;0.00;0.20
04.122.0005-2004;MANUTENÇÃO DA SECRETARIA DE ADMINISTRAÇÃO;17/05/2022;2993/2022;3035/2022;Ordinário;00310;00000;1710-8;S. A . ORLANDO & CIA LTDA;10.50;10.50;0.00;10.50
04.122.0005-2004;MANUTENÇÃO DA SECRETARIA DE ADMINISTRAÇÃO;23/05/2022;3187/2022;3234/2022;Ordinário;00350;00000;22630-1;OLIVEIRA & ROCHA - CLINICA DE SERVIÇOS LTDA ME;4300.00;4300.00;0.00;4300.00
04.122.0005-2004;MANUTENÇÃO DA SECRETARIA DE ADMINISTRAÇÃO;06/06/2022;3708/2022;3772/2022;Ordinário;00310;00000;22877-0;HABITUS DIGITAL COMERCIAL LTDA;936.00;936.00;0.00;936.00
04.122.0005-2004;MANUTENÇÃO DA SECRETARIA DE ADMINISTRAÇÃO;10/08/2022;5241/2022;5271/2022;Ordinário;00370;00000;2117-2;MINISTERIO DA FAZENDA - RECEITA FEDERAL;2452.27;2452.27;0.00;2452.27
04.122.0005-2004;MANUTENÇÃO DA SECRETARIA DE ADMINISTRAÇÃO;10/08/2022;5242/2022;5272/2022;Ordinário;00370;00000;2117-2;MINISTERIO DA FAZENDA - RECEITA FEDERAL;3866.34;3866.34;0.00;3866.34
04.122.0005-2004;MANUTENÇÃO DA SECRETARIA DE ADMINISTRAÇÃO;12/08/2022;5307/2022;5341/2022;Ordinário;00350;00000;51-5;SANEPAR-COMPANHIA DE SANEAM.DO PARANA;167.94;167.94;0.00;167.94
04.122.0005-2004;MANUTENÇÃO DA SECRETARIA DE ADMINISTRAÇÃO;15/08/2022;5328/2022;5364/2022;Ordinário;00310;00000;149-0;FJP SUPRIMENTOS PARA INFORMATICA LTDA;149.90;149.90;0.00;149.90
04.122.0005-2004;MANUTENÇÃO DA SECRETARIA DE ADMINISTRAÇÃO;09/09/2022;6032/2022;6047/2022;Ordinário;00350;00000;32-9;AMEPAR-ASSOC MUNIC MEDIO PARANAPANEMA;2743.59;2743.59;0.00;2743.59
04.122.0005-2004;MANUTENÇÃO DA SECRETARIA DE ADMINISTRAÇÃO;12/09/2022;6045/2022;2077/2022;Ordinário;00310;00000;19751-3;VAC ESTEVES;10622.34;10622.34;0.00;10622.34
04.122.0005-2004;MANUTENÇÃO DA SECRETARIA DE ADMINISTRAÇÃO;15/09/2022;6105/2022;2077/2022;Ordinário;00310;00000;19751-3;VAC ESTEVES;10622.34;10622.34;0.00;10622.34
04.122.0005-2004;MANUTENÇÃO DA SECRETARIA DE ADMINISTRAÇÃO;15/09/2022;6092/2022;6087/2022;Ordinário;00310;00000;20392-1;ROBERTO NAKAMURA & CIA LTDA;1325.80;1325.80;0.00;1325.80
04.122.0005-2004;MANUTENÇÃO DA SECRETARIA DE ADMINISTRAÇÃO;10/10/2022;6696/2022;2077/2022;Ordinário;00310;00000;19751-3;VAC ESTEVES;0.40;0.40;0.00;0.40
04.122.0005-2004;MANUTENÇÃO DA SECRETARIA DE ADMINISTRAÇÃO;18/10/2022;6827/2022;6823/2022;Ordinário;00350;00000;22108-2;GENTE SEGURADORA S.A.;2500.00;2500.00;2500.00;0.00
04.122.0005-2004;MANUTENÇÃO DA SECRETARIA DE ADMINISTRAÇÃO;31/10/2022;7306/2022;7368/2022;Ordinário;00350;00000;63-9;ASSOCIACAO DOS MUNICIPIOS DO PARANA;909.00;909.00;0.00;909.00
04.122.0005-2004;MANUTENÇÃO DA SECRETARIA DE ADMINISTRAÇÃO;16/11/2022;7547/2022;6950/2022;Ordinário;00310;00000;23387-1;FG DE OLIVEIRA LTDA;208.00;208.00;0.00;208.00
04.122.0005-2004;MANUTENÇÃO DA SECRETARIA DE ADMINISTRAÇÃO;16/11/2022;7548/2022;7309/2022;Ordinário;00310;00000;23387-1;FG DE OLIVEIRA LTDA;260.00;260.00;0.00;260.00
04.122.0005-2004;MANUTENÇÃO DA SECRETARIA DE ADMINISTRAÇÃO;24/11/2022;7678/2022;7653/2022;Ordinário;00350;00000;32-9;AMEPAR-ASSOC MUNIC MEDIO PARANAPANEMA;2261.16;2261.16;0.00;2261.16
04.122.0005-2004;MANUTENÇÃO DA SECRETARIA DE ADMINISTRAÇÃO;24/11/2022;7679/2022;7654/2022;Ordinário;00350;00000;32-9;AMEPAR-ASSOC MUNIC MEDIO PARANAPANEMA;3015.03;3015.03;0.00;3015.03
04.122.0005-2004;MANUTENÇÃO DA SECRETARIA DE ADMINISTRAÇÃO;24/11/2022;7680/2022;7655/2022;Ordinário;00350;00000;32-9;AMEPAR-ASSOC MUNIC MEDIO PARANAPANEMA;2194.81;2194.81;0.00;2194.81
04.122.0005-2004;MANUTENÇÃO DA SECRETARIA DE ADMINISTRAÇÃO;24/11/2022;7720/2022;7742/2022;Ordinário;00350;00000;32-9;AMEPAR-ASSOC MUNIC MEDIO PARANAPANEMA;2287.28;2287.28;0.00;2287.28
04.122.0005-2004;MANUTENÇÃO DA SECRETARIA DE ADMINISTRAÇÃO;01/12/2022;8041/2022;7311/2022;Ordinário;00310;00000;23378-1;DAVOS COMERCIO DE EMBALAGENS EIRELI;837.80;837.80;0.00;837.80
04.122.0005-2004;MANUTENÇÃO DA SECRETARIA DE ADMINISTRAÇÃO;02/12/2022;8091/2022;7045/2022;Ordinário;00310;00000;23384-6;SUELEN DAIANE KANIS;144.90;144.90;0.00;144.90
04.122.0005-2004;MANUTENÇÃO DA SECRETARIA DE ADMINISTRAÇÃO;02/12/2022;8092/2022;7492/2022;Ordinário;00310;00000;23384-6;SUELEN DAIANE KANIS;579.60;579.60;0.00;579.60
04.122.0005-2004;MANUTENÇÃO DA SECRETARIA DE ADMINISTRAÇÃO;09/12/2022;8170/2022;8031/2022;Ordinário;00310;00000;23577-6;DIPAR DISTRIBUIDORA DE PAPEIS E REVISTAS LTDA;10200.00;10200.00;0.00;10200.00
04.122.0005-2004;MANUTENÇÃO DA SECRETARIA DE ADMINISTRAÇÃO;16/12/2022;8325/2022;8282/2022;Ordinário;00350;00000;2352-3;SYSMAR INFORMÁTICA LTDA EPP;928.00;928.00;0.00;928.00
04.122.0005-2004;MANUTENÇÃO DA SECRETARIA DE ADMINISTRAÇÃO;29/12/2022;8530/2022;8546/2022;Ordinário;00310;00000;1710-8;S. A . ORLANDO & CIA LTDA;2763.50;2763.50;0.00;2763.50
04.122.0005-2004;MANUTENÇÃO DA SECRETARIA DE ADMINISTRAÇÃO;29/12/2022;8781/2022;8797/2022;Ordinário;00310;00000;86-8;ONOFRE B. DA SILVA FILHO;313.42;313.42;0.00;313.42
04.122.0005-2004;MANUTENÇÃO DA SECRETARIA DE ADMINISTRAÇÃO;31/12/2022;8819/2022;8778/2022;Ordinário;00350;00000;32-9;AMEPAR-ASSOC MUNIC MEDIO PARANAPANEMA;2273.30;2273.30;0.00;2273.30
04.122.0005-2004;MANUTENÇÃO DA SECRETARIA DE ADMINISTRAÇÃO;09/01/2023;19/2023;20/2023;Ordinário;00300;00000;20329-7;TARUGÃO EQUIPAMENTOS PARA VEÍCULOS LTDA;7800.00;7800.00;0.00;7800.00
04.122.0005-2004;MANUTENÇÃO DA SECRETARIA DE ADMINISTRAÇÃO;31/01/2023;522/2023;106/2023;Ordinário;00260;00504;23764-7;ECOPLANET PRINT LTDA;696.00;696.00;0.00;696.00
04.122.0005-2004;MANUTENÇÃO DA SECRETARIA DE ADMINISTRAÇÃO;31/01/2023;551/2023;654/2023;Ordinário;00300;00000;32-9;AMEPAR-ASSOC MUNIC MEDIO PARANAPANEMA;2974.36;2974.36;0.00;2974.36
04.122.0005-2004;MANUTENÇÃO DA SECRETARIA DE ADMINISTRAÇÃO;31/01/2023;277/2023;192/2023;Ordinário;00300;00000;22796-0;GOVFACIL GESTAO & TECNOLOGIA LTDA;5000.00;5000.00;0.00;5000.00
04.122.0005-2004;MANUTENÇÃO DA SECRETARIA DE ADMINISTRAÇÃO;10/02/2023;681/2023;741/2023;Ordinário;00300;00000;32-9;AMEPAR-ASSOC MUNIC MEDIO PARANAPANEMA;2809.31;2809.31;0.00;2809.31
04.122.0005-2004;MANUTENÇÃO DA SECRETARIA DE ADMINISTRAÇÃO;15/02/2023;741/2023;757/2023;Ordinário;00300;00000;188-1;CART.REGIST.CIVIL TITULOS E DOCUMENTO;120.00;120.00;0.00;120.00
04.122.0005-2004;MANUTENÇÃO DA SECRETARIA DE ADMINISTRAÇÃO;10/04/2023;2138/2023;2230/2023;Ordinário;00300;00000;32-9;AMEPAR-ASSOC MUNIC MEDIO PARANAPANEMA;2712.08;2712.08;0.00;2712.08
04.122.0005-2004;MANUTENÇÃO DA SECRETARIA DE ADMINISTRAÇÃO;28/04/2023;2522/2023;2683/2023;Ordinário;00350;00000;550-9;CONSELHO REGIONAL DE MEDICINA VETERINARIA DO ESTADO PR;152.00;152.00;0.00;152.00
04.122.0005-2004;MANUTENÇÃO DA SECRETARIA DE ADMINISTRAÇÃO;11/05/2023;3033/2023;3029/2023;Ordinário;00300;00000;32-9;AMEPAR-ASSOC MUNIC MEDIO PARANAPANEMA;2663.80;2663.80;0.00;2663.80
04.122.0005-2004;MANUTENÇÃO DA SECRETARIA DE ADMINISTRAÇÃO;19/05/2023;3177/2023;1286/2023;Ordinário;00260;00504;23537-7;JOMK - COMERCIO DE LUBRIFICANTES LTDA;3665.00;3665.00;0.00;3665.00
04.122.0005-2004;MANUTENÇÃO DA SECRETARIA DE ADMINISTRAÇÃO;19/05/2023;3176/2023;1753/2023;Ordinário;00240;00000;21972-0;NORTE INDUSTRIA GRAFICA LTDA;3750.00;3750.00;0.00;3750.00
04.122.0005-2004;MANUTENÇÃO DA SECRETARIA DE ADMINISTRAÇÃO;29/05/2023;3338/2023;3393/2023;Ordinário;00300;00000;22108-2;GENTE SEGURADORA S.A.;1450.00;1450.00;0.00;1450.00
04.122.0005-2004;MANUTENÇÃO DA SECRETARIA DE ADMINISTRAÇÃO;15/06/2023;3938/2023;4002/2023;Ordinário;00300;00000;32-9;AMEPAR-ASSOC MUNIC MEDIO PARANAPANEMA;2407.24;2407.24;0.00;2407.24
04.122.0005-2004;MANUTENÇÃO DA SECRETARIA DE ADMINISTRAÇÃO;19/06/2023;4006/2023;2239/2023;Ordinário;00240;00000;22964-4;POLIMPRESSOS SERVIÇOS GRÁFICOS LTDA;1142.00;1142.00;0.00;1142.00
04.122.0005-2004;MANUTENÇÃO DA SECRETARIA DE ADMINISTRAÇÃO;19/06/2023;4027/2023;2386/2023;Ordinário;00240;00000;22964-4;POLIMPRESSOS SERVIÇOS GRÁFICOS LTDA;364.00;364.00;0.00;364.00
04.122.0005-2004;MANUTENÇÃO DA SECRETARIA DE ADMINISTRAÇÃO;06/07/2023;4583/2023;4223/2023;Ordinário;00240;00000;23764-7;ECOPLANET PRINT LTDA;1542.50;1542.50;0.00;1542.50
04.122.0005-2004;MANUTENÇÃO DA SECRETARIA DE ADMINISTRAÇÃO;10/07/2023;4624/2023;4659/2023;Ordinário;00300;00000;32-9;AMEPAR-ASSOC MUNIC MEDIO PARANAPANEMA;2538.75;2538.75;0.00;2538.75
04.122.0005-2004;MANUTENÇÃO DA SECRETARIA DE ADMINISTRAÇÃO;17/07/2023;4820/2023;3389/2023;Ordinário;00240;00000;23384-6;SUELEN DAIANE KANIS;289.80;289.80;0.00;289.80
04.122.0005-2004;MANUTENÇÃO DA SECRETARIA DE ADMINISTRAÇÃO;18/07/2023;4841/2023;4896/2023;Ordinário;00300;00000;50-7;COPEL DISTRIBUICAO S.A.;7553.45;7553.45;0.00;7553.45
04.122.0005-2004;MANUTENÇÃO DA SECRETARIA DE ADMINISTRAÇÃO;11/08/2023;5576/2023;5534/2023;Ordinário;00300;00000;32-9;AMEPAR-ASSOC MUNIC MEDIO PARANAPANEMA;2879.79;2879.79;0.00;2879.79
04.122.0005-2004;MANUTENÇÃO DA SECRETARIA DE ADMINISTRAÇÃO;01/09/2023;6116/2023;6171/2023;Ordinário;00240;00000;20212-6;NOVA VIDA ACESSÓRIOS PARA INFORMÁTICA LTDA.;1000.00;1000.00;0.00;1000.00
04.122.0005-2004;MANUTENÇÃO DA SECRETARIA DE ADMINISTRAÇÃO;13/09/2023;6512/2023;4353/2023;Ordinário;00240;00000;22964-4;POLIMPRESSOS SERVIÇOS GRÁFICOS LTDA;967.00;967.00;0.00;967.00
04.122.0005-2004;MANUTENÇÃO DA SECRETARIA DE ADMINISTRAÇÃO;14/09/2023;6527/2023;6571/2023;Ordinário;00310;00002;20197-9;SIMPLISS SISTEMAS DE INFORMAÇÃO LTDA;2070.00;2070.00;0.00;2070.00
04.122.0005-2004;MANUTENÇÃO DA SECRETARIA DE ADMINISTRAÇÃO;18/09/2023;6609/2023;6647/2023;Ordinário;00300;00000;50-7;COPEL DISTRIBUICAO S.A.;7730.19;7730.19;0.00;7730.19
04.122.0005-2004;MANUTENÇÃO DA SECRETARIA DE ADMINISTRAÇÃO;26/09/2023;6772/2023;6808/2023;Ordinário;00240;00000;22805-2;EDNA DE FATIMA CANTANTI PLASTICOS EP;344.70;344.70;0.00;344.70
04.122.0005-2004;MANUTENÇÃO DA SECRETARIA DE ADMINISTRAÇÃO;29/09/2023;7041/2023;7026/2023;Ordinário;00300;00000;73-6;BANCO DO BRASIL S.A.;474.00;474.00;0.00;474.00
04.122.0005-2004;MANUTENÇÃO DA SECRETARIA DE ADMINISTRAÇÃO;04/10/2023;7139/2023;6625/2023;Ordinário;00245;11045;21951-7;PR COMERCIO ELETRONICO LTDA - EPP;3000.00;3000.00;0.00;3000.00
04.122.0005-2004;MANUTENÇÃO DA SECRETARIA DE ADMINISTRAÇÃO;06/10/2023;7285/2023;4826/2023;Ordinário;00240;00000;23382-0;CRS DISTRIBUIDORA DE PRODUTOS EM GERAL LTDA;44.00;44.00;0.00;44.00
04.122.0005-2004;MANUTENÇÃO DA SECRETARIA DE ADMINISTRAÇÃO;17/10/2023;7436/2023;6400/2023;Ordinário;00300;00000;23077-4;SERCOMTEL S.A. - TELECOMUNICACOES;185.24;185.24;0.00;185.24
04.122.0005-2004;MANUTENÇÃO DA SECRETARIA DE ADMINISTRAÇÃO;18/10/2023;7461/2023;6626/2023;Ordinário;00245;11045;23808-2;HMA COMERCIO E ATACADISTA DE PRODUTOS DE INFORMATICA E;840.00;840.00;0.00;840.00
04.122.0005-2004;MANUTENÇÃO DA SECRETARIA DE ADMINISTRAÇÃO;18/10/2023;7460/2023;7516/2023;Ordinário;00300;00000;32-9;AMEPAR-ASSOC MUNIC MEDIO PARANAPANEMA;2597.84;2597.84;0.00;2597.84
04.122.0005-2004;MANUTENÇÃO DA SECRETARIA DE ADMINISTRAÇÃO;23/10/2023;7538/2023;7579/2023;Ordinário;00300;00000;20444-7;CLARO S/A;29.88;29.88;0.00;29.88
04.122.0005-2004;MANUTENÇÃO DA SECRETARIA DE ADMINISTRAÇÃO;27/10/2023;7827/2023;6629/2023;Ordinário;00245;11045;23799-0;A CASA DA INFORMATICA LTDA;65.98;65.98;0.00;65.98
04.122.0005-2004;MANUTENÇÃO DA SECRETARIA DE ADMINISTRAÇÃO;31/10/2023;7928/2023;7541/2023;Ordinário;00240;00000;24247-1;R&A COMÉRCIO DE EQUIPAMENTOS TELEFÔNICOS;8520.00;8520.00;0.00;8520.00
04.122.0005-2004;MANUTENÇÃO DA SECRETARIA DE ADMINISTRAÇÃO;24/11/2023;8483/2023;6750/2023;Ordinário;00310;00002;49-3;VIACAO GARCIA LTDA.;202.87;202.87;0.00;202.87
04.122.0005-2004;MANUTENÇÃO DA SECRETARIA DE ADMINISTRAÇÃO;28/11/2023;8505/2023;8592/2023;Ordinário;00350;00000;358-1;CREA-PR CONSELHO REG.ENG.ARQ.AGRON.PR;96.62;96.62;0.00;96.62
04.122.0005-2004;MANUTENÇÃO DA SECRETARIA DE ADMINISTRAÇÃO;15/12/2023;9342/2023;9323/2023;Ordinário;00300;00000;32-9;AMEPAR-ASSOC MUNIC MEDIO PARANAPANEMA;2280.60;2280.60;0.00;2280.60
04.122.0005-2004;MANUTENÇÃO DA SECRETARIA DE ADMINISTRAÇÃO;19/12/2023;9564/2023;9452/2023;Ordinário;00300;00000;50-7;COPEL DISTRIBUICAO S.A.;10217.67;10217.67;0.00;10217.67
04.122.0005-2004;MANUTENÇÃO DA SECRETARIA DE ADMINISTRAÇÃO;19/01/2024;296/2024;342/2024;Ordinário;00340;00000;49-3;VIACAO GARCIA LTDA.;179.99;179.99;0.00;179.99
04.122.0005-2004;MANUTENÇÃO DA SECRETARIA DE ADMINISTRAÇÃO;22/01/2024;301/2024;339/2024;Ordinário;00360;00000;32-9;AMEPAR-ASSOC MUNIC MEDIO PARANAPANEMA;3019.64;3019.64;0.00;3019.64
04.122.0005-2004;MANUTENÇÃO DA SECRETARIA DE ADMINISTRAÇÃO;19/02/2024;917/2024;1051/2024;Ordinário;00430;00000;358-1;CREA-PR CONSELHO REG.ENG.ARQ.AGRON.PR;99.64;99.64;0.00;99.64
04.122.0005-2004;MANUTENÇÃO DA SECRETARIA DE ADMINISTRAÇÃO;27/02/2024;1107/2024;1246/2024;Ordinário;00360;00000;20444-7;CLARO S/A;26.81;26.81;0.00;26.81
04.122.0005-2004;MANUTENÇÃO DA SECRETARIA DE ADMINISTRAÇÃO;13/03/2024;1775/2024;1932/2024;Ordinário;00360;00000;32-9;AMEPAR-ASSOC MUNIC MEDIO PARANAPANEMA;3729.72;3729.72;0.00;3729.72
04.122.0005-2004;MANUTENÇÃO DA SECRETARIA DE ADMINISTRAÇÃO;15/03/2024;1889/2024;9785/2023;Ordinário;00350;00000;358-1;CREA-PR CONSELHO REG.ENG.ARQ.AGRON.PR;99.64;99.64;0.00;99.64
04.122.0005-2004;MANUTENÇÃO DA SECRETARIA DE ADMINISTRAÇÃO;28/03/2024;2279/2024;2400/2024;Ordinário;00365;00501;73-6;BANCO DO BRASIL S.A.;12.00;12.00;0.00;12.00
04.122.0005-2004;MANUTENÇÃO DA SECRETARIA DE ADMINISTRAÇÃO;11/04/2024;2653/2024;2480/2024;Ordinário;00280;00000;25339-1;ALPHA MIX DISTRIBUIDORA LTDA;1625.00;1625.00;0.00;1625.00
04.122.0005-2004;MANUTENÇÃO DA SECRETARIA DE ADMINISTRAÇÃO;12/04/2024;2700/2024;2817/2024;Ordinário;00360;00000;32-9;AMEPAR-ASSOC MUNIC MEDIO PARANAPANEMA;3053.19;3053.19;0.00;3053.19
04.122.0005-2004;MANUTENÇÃO DA SECRETARIA DE ADMINISTRAÇÃO;18/04/2024;2812/2024;2479/2024;Ordinário;00280;00000;24730-8;LOJA LOU ART LTDA;81.00;81.00;0.00;81.00
04.122.0005-2004;MANUTENÇÃO DA SECRETARIA DE ADMINISTRAÇÃO;19/04/2024;2820/2024;2481/2024;Ordinário;00280;00000;23378-1;DAVOS COMERCIO DE EMBALAGENS EIRELI;2704.70;2704.70;0.00;2704.70
04.122.0005-2004;MANUTENÇÃO DA SECRETARIA DE ADMINISTRAÇÃO;15/05/2024;3574/2024;3664/2024;Ordinário;00360;00000;32-9;AMEPAR-ASSOC MUNIC MEDIO PARANAPANEMA;2944.82;2944.82;0.00;2944.82
04.122.0005-2004;MANUTENÇÃO DA SECRETARIA DE ADMINISTRAÇÃO;22/05/2024;3746/2024;2483/2024;Ordinário;00280;00000;25338-3;MASCARELLO E SANTOS LTDA;120.00;120.00;0.00;120.00
04.122.0005-2004;MANUTENÇÃO DA SECRETARIA DE ADMINISTRAÇÃO;29/05/2024;4093/2024;4249/2024;Ordinário;00360;00000;73-6;BANCO DO BRASIL S.A.;10.79;10.79;0.00;10.79
04.122.0005-2004;MANUTENÇÃO DA SECRETARIA DE ADMINISTRAÇÃO;21/06/2024;4746/2024;4758/2024;Ordinário;00360;00000;20444-7;CLARO S/A;31.37;31.37;0.00;31.37
04.122.0005-2004;MANUTENÇÃO DA SECRETARIA DE ADMINISTRAÇÃO;26/06/2024;5044/2024;2697/2024;Ordinário;00360;00000;25618-8;BRUNO APARECIDO POLETO;600.00;600.00;0.00;600.00
04.122.0005-2004;MANUTENÇÃO DA SECRETARIA DE ADMINISTRAÇÃO;11/07/2024;5437/2024;5174/2024;Ordinário;00280;00000;25771-1;JESUE THEMOTEO PINTO - EXTINTORES;700.00;700.00;0.00;700.00
04.122.0005-2004;MANUTENÇÃO DA SECRETARIA DE ADMINISTRAÇÃO;11/07/2024;5436/2024;5417/2024;Ordinário;00360;00000;9-4;DEPARTAMENTO DE TRANSITO - DETRAN/PR;172.80;172.80;0.00;172.80
04.122.0005-2004;MANUTENÇÃO DA SECRETARIA DE ADMINISTRAÇÃO;16/07/2024;5515/2024;5485/2024;Ordinário;00360;00000;279-8;SECRETARIA DE ESTADO DA FAZENDA DO PARANA;270.00;270.00;0.00;270.00
04.122.0005-2004;MANUTENÇÃO DA SECRETARIA DE ADMINISTRAÇÃO;07/08/2024;6221/2024;6254/2024;Ordinário;00360;00000;25892-0;EDSON CARLOS BEANES 32900769892;1500.00;1500.00;1500.00;0.00
04.122.0005-2004;MANUTENÇÃO DA SECRETARIA DE ADMINISTRAÇÃO;15/08/2024;6324/2024;6328/2024;Ordinário;00360;00000;32-9;AMEPAR-ASSOC MUNIC MEDIO PARANAPANEMA;3302.85;3302.85;0.00;3302.85
04.122.0005-2004;MANUTENÇÃO DA SECRETARIA DE ADMINISTRAÇÃO;18/09/2024;7251/2024;6450/2024;Ordinário;00280;00000;23378-1;DAVOS COMERCIO DE EMBALAGENS EIRELI;2258.00;2258.00;0.00;2258.00
04.122.0005-2004;MANUTENÇÃO DA SECRETARIA DE ADMINISTRAÇÃO;18/09/2024;7243/2024;7154/2024;Ordinário;00360;00000;32-9;AMEPAR-ASSOC MUNIC MEDIO PARANAPANEMA;3214.47;3214.47;0.00;3214.47
04.122.0005-2004;MANUTENÇÃO DA SECRETARIA DE ADMINISTRAÇÃO;20/09/2024;7307/2024;5588/2024;Ordinário;00280;00000;25806-7;FAZAN ETIQUETAS METALICAS LTDA;2100.00;2100.00;0.00;2100.00
04.122.0005-2004;MANUTENÇÃO DA SECRETARIA DE ADMINISTRAÇÃO;09/10/2024;7877/2024;7886/2024;Ordinário;00350;00000;23940-2;ROGERIO SIGNOBERTO;1568.00;1568.00;0.00;1568.00
04.122.0005-2004;MANUTENÇÃO DA SECRETARIA DE ADMINISTRAÇÃO;18/10/2024;8039/2024;8016/2024;Ordinário;00360;00000;9-4;DEPARTAMENTO DE TRANSITO - DETRAN/PR;374.75;374.75;0.00;374.75
04.122.0005-2004;MANUTENÇÃO DA SECRETARIA DE ADMINISTRAÇÃO;23/10/2024;8126/2024;6252/2024;Ordinário;00280;00000;24288-8;AFA INDUSTRIA COMERCIO E SERVICOS LTDA;3000.00;3000.00;0.00;3000.00
04.122.0005-2004;MANUTENÇÃO DA SECRETARIA DE ADMINISTRAÇÃO;25/10/2024;8317/2024;8229/2024;Ordinário;00360;00000;32-9;AMEPAR-ASSOC MUNIC MEDIO PARANAPANEMA;3140.71;3140.71;0.00;3140.71
04.122.0005-2004;MANUTENÇÃO DA SECRETARIA DE ADMINISTRAÇÃO;30/10/2024;8430/2024;8266/2024;Ordinário;00360;00000;20444-7;CLARO S/A;22.90;22.90;0.00;22.90
04.122.0005-2004;MANUTENÇÃO DA SECRETARIA DE ADMINISTRAÇÃO;31/10/2024;8447/2024;8506/2024;Ordinário;00360;00000;25505-0;DILEUZA APARECIDA DE MELO SILVA;370.00;370.00;0.00;370.00
04.122.0005-2004;MANUTENÇÃO DA SECRETARIA DE ADMINISTRAÇÃO;18/12/2024;9687/2024;8713/2024;Ordinário;00280;00000;26055-0;DARLU INDUSTRIA TEXTIL LTDA;394.00;394.00;0.00;394.00
04.122.0005-2004;MANUTENÇÃO DA SECRETARIA DE ADMINISTRAÇÃO;18/12/2024;9766/2024;9660/2024;Ordinário;00360;00000;32-9;AMEPAR-ASSOC MUNIC MEDIO PARANAPANEMA;2763.68;2763.68;0.00;2763.68
04.122.0005-2004;MANUTENÇÃO DA SECRETARIA DE ADMINISTRAÇÃO;10/01/2025;192/2025;197/2025;Ordinário;00340;00000;20444-7;CLARO S/A;9.90;9.90;0.00;9.90
04.122.0005-2004;MANUTENÇÃO DA SECRETARIA DE ADMINISTRAÇÃO;17/07/2025;4394/2025;4315/2025;Ordinário;00340;00000;32-9;AMEPAR-ASSOC MUNIC MEDIO PARANAPANEMA;3240.39;3240.39;0.00;3240.39
04.122.0005-2004;MANUTENÇÃO DA SECRETARIA DE ADMINISTRAÇÃO;17/07/2025;4393/2025;4316/2025;Ordinário;00340;00000;32-9;AMEPAR-ASSOC MUNIC MEDIO PARANAPANEMA;2179.94;2179.94;0.00;2179.94
04.122.0005-2004;MANUTENÇÃO DA SECRETARIA DE ADMINISTRAÇÃO;18/07/2025;4417/2025;4379/2025;Ordinário;00340;00000;20935-0;YELUM SEGUROS S.A;1196.81;1196.81;0.00;1196.81
04.122.0005-2004;MANUTENÇÃO DA SECRETARIA DE ADMINISTRAÇÃO;28/07/2025;4493/2025;4477/2025;Ordinário;00260;00000;20220-7;LUAN VICENTE DOS SANTOS;1000.00;1000.00;0.00;1000.00
04.122.0005-2004;MANUTENÇÃO DA SECRETARIA DE ADMINISTRAÇÃO;15/08/2025;5045/2025;4877/2025;Ordinário;00340;00000;32-9;AMEPAR-ASSOC MUNIC MEDIO PARANAPANEMA;3063.57;3063.57;0.00;3063.57
04.122.0005-2004;MANUTENÇÃO DA SECRETARIA DE ADMINISTRAÇÃO;12/09/2025;5560/2025;5501/2025;Ordinário;00340;00000;32-9;AMEPAR-ASSOC MUNIC MEDIO PARANAPANEMA;2869.77;2869.77;0.00;2869.77
04.122.0005-2004;MANUTENÇÃO DA SECRETARIA DE ADMINISTRAÇÃO;23/09/2025;5701/2025;5406/2025;Ordinário;00260;00000;22963-6;MHFH PAPELARIA LTDA - ME;240.00;240.00;0.00;240.00
04.122.0005-2004;MANUTENÇÃO DA SECRETARIA DE ADMINISTRAÇÃO;21/10/2025;6323/2025;6229/2025;Ordinário;00340;00000;1983-6;R. F. COVRE INFORMATICA ME;459.90;459.90;0.00;459.90
04.122.0005-2004;MANUTENÇÃO DA SECRETARIA DE ADMINISTRAÇÃO;28/10/2025;6484/2025;6371/2025;Ordinário;00340;00000;32-9;AMEPAR-ASSOC MUNIC MEDIO PARANAPANEMA;2460.00;2460.00;0.00;2460.00
04.122.0005-2004;MANUTENÇÃO DA SECRETARIA DE ADMINISTRAÇÃO;18/11/2025;6929/2025;5414/2025;Ordinário;00260;00000;26055-0;DARLU INDUSTRIA TEXTIL LTDA;137.90;137.90;0.00;137.90
04.122.0005-2004;MANUTENÇÃO DA SECRETARIA DE ADMINISTRAÇÃO;15/12/2025;7588/2025;7447/2025;Ordinário;00340;00000;22995-4;VALE SOLUÇÕES EM GESTÃO;750.00;750.00;0.00;750.00
04.122.0005-2004;MANUTENÇÃO DA SECRETARIA DE ADMINISTRAÇÃO;19/12/2025;7680/2025;7532/2025;Ordinário;00260;00000;18303-2;V.D.B.R PISSININI - EPP;1388.50;1388.50;0.00;1388.50
04.122.0005-2004;MANUTENÇÃO DA SECRETARIA DE ADMINISTRAÇÃO;30/12/2025;7886/2025;7734/2025;Ordinário;00340;00000;22995-4;VALE SOLUÇÕES EM GESTÃO;750.00;750.00;0.00;750.00
04.122.0005-2037;MANUTENÇÃO DOS SERVIÇOS DA SECRETARIA DE ADMINISTRAÇÃO.;11/01/2021;77/2021;80/2021;Ordinário;00390;00000;32-9;AMEPAR-ASSOC MUNIC MEDIO PARANAPANEMA;2405.12;2405.12;0.00;2405.12
04.122.0005-2037;MANUTENÇÃO DOS SERVIÇOS DA SECRETARIA DE ADMINISTRAÇÃO.;17/03/2021;1202/2021;1223/2021;Ordinário;00360;00000;2482-1;FREIO STOP COMERCIO DE AUTO PEÇAS LTDA.;850.00;850.00;0.00;850.00
04.122.0005-2037;MANUTENÇÃO DOS SERVIÇOS DA SECRETARIA DE ADMINISTRAÇÃO.;26/11/2021;5857/2021;5907/2021;Ordinário;00390;00000;51-5;SANEPAR-COMPANHIA DE SANEAM.DO PARANA;38.79;38.79;0.00;38.79
04.122.0005-2037;MANUTENÇÃO DOS SERVIÇOS DA SECRETARIA DE ADMINISTRAÇÃO.;23/06/2023;4164/2023;3288/2021;Ordinário;00390;00000;20025-5;FUNDAÇÃO DE APOIO AO DESENV. DA UNIV. ESTADUAL DE LONDRINA - FAUEL;553.85;553.85;0.00;553.85
04.846.0007-2326;EFETUAR PAGAMENTO DE DÍVIDA COM A SANEPAR;07/12/2020;5742/2020;5743/2020;Ordinário;00470;00000;51-5;SANEPAR-COMPANHIA DE SANEAM.DO PARANA;11952.06;11952.06;0.00;11952.06
04.122.0007-2005;MANUTENÇÃO DA SECRETARIA DE FAZENDA;29/08/2022;5588/2022;5622/2022;Ordinário;06390;00303;19563-4;JOSE CARLOS BRAZ CRUZ;23.98;23.98;23.98;0.00
04.122.0007-2005;MANUTENÇÃO DA SECRETARIA DE FAZENDA;31/10/2022;7288/2022;7072/2022;Ordinário;00420;00000;22238-1;SSBARCAR VEÍCULOS LTDA;12.04;12.04;0.00;12.04
04.122.0007-2005;MANUTENÇÃO DA SECRETARIA DE FAZENDA;14/12/2022;8181/2022;8193/2022;Ordinário;00460;00000;19534-1;ERLI PEREIRA LIMA;150.00;150.00;0.00;150.00
04.122.0007-2005;MANUTENÇÃO DA SECRETARIA DE FAZENDA;21/12/2022;8408/2022;8341/2022;Ordinário;00460;00000;19534-1;ERLI PEREIRA LIMA;100.00;100.00;0.00;100.00
04.122.0007-2005;MANUTENÇÃO DA SECRETARIA DE FAZENDA;29/12/2022;8496/2022;8537/2022;Ordinário;00440;00000;73-6;BANCO DO BRASIL S.A.;9.20;9.20;0.00;9.20
04.122.0007-2005;MANUTENÇÃO DA SECRETARIA DE FAZENDA;31/01/2023;348/2023;471/2023;Ordinário;00430;00000;19534-1;ERLI PEREIRA LIMA;30.00;30.00;0.00;30.00
04.122.0007-2005;MANUTENÇÃO DA SECRETARIA DE FAZENDA;04/04/2023;2107/2023;2203/2023;Ordinário;00430;00000;20220-7;LUAN VICENTE DOS SANTOS;113.70;113.70;0.00;113.70
04.122.0007-2005;MANUTENÇÃO DA SECRETARIA DE FAZENDA;24/05/2023;3230/2023;3326/2023;Ordinário;00430;00000;1351-0;FUNDO MUNICIPAL DE ASSISTENCIA SOCIAL;52.30;52.30;0.00;52.30
04.122.0007-2005;MANUTENÇÃO DA SECRETARIA DE FAZENDA;12/06/2023;3829/2023;3729/2023;Ordinário;00430;00000;18906-5;SANDRA REGINA RAMOS MIRANDA;2711.16;2711.16;0.00;2711.16
04.122.0007-2005;MANUTENÇÃO DA SECRETARIA DE FAZENDA;23/06/2023;4147/2023;4211/2023;Ordinário;00430;00000;19339-9;KEILA CRISTINA DA SILVA GARCIA;128.27;128.27;0.00;128.27
04.122.0007-2005;MANUTENÇÃO DA SECRETARIA DE FAZENDA;20/07/2023;4913/2023;4941/2023;Ordinário;00430;00000;1351-0;FUNDO MUNICIPAL DE ASSISTENCIA SOCIAL;52.30;52.30;0.00;52.30
04.122.0007-2005;MANUTENÇÃO DA SECRETARIA DE FAZENDA;15/08/2023;5647/2023;5721/2023;Ordinário;00430;00000;2423-6;MARIA ANTONIA DAL BEM VITORINO;213.09;213.09;0.00;213.09
04.122.0007-2005;MANUTENÇÃO DA SECRETARIA DE FAZENDA;30/08/2023;5932/2023;6019/2023;Ordinário;00360;00000;1695-1;Municipio de Centenario do Sul;238.00;238.00;238.00;0.00
04.122.0007-2005;MANUTENÇÃO DA SECRETARIA DE FAZENDA;30/08/2023;5931/2023;6018/2023;Ordinário;00360;00000;1695-1;Municipio de Centenario do Sul;5711.86;5711.86;5711.86;0.00
04.122.0007-2005;MANUTENÇÃO DA SECRETARIA DE FAZENDA;30/08/2023;5933/2023;6020/2023;Ordinário;00360;00000;1695-1;Municipio de Centenario do Sul;1903.95;1903.95;1903.95;0.00
04.122.0007-2005;MANUTENÇÃO DA SECRETARIA DE FAZENDA;24/10/2023;7571/2023;7649/2023;Estimativa;00410;00000;73-6;BANCO DO BRASIL S.A.;1513.60;1513.60;0.00;1513.60
04.122.0007-2005;MANUTENÇÃO DA SECRETARIA DE FAZENDA;14/11/2023;8271/2023;8341/2023;Ordinário;00447;00371;18415-2;LYRIA LUA AMADEA GONZAGA ZANONI;0.60;0.60;0.00;0.60
04.122.0007-2005;MANUTENÇÃO DA SECRETARIA DE FAZENDA;17/11/2023;8324/2023;8381/2023;Ordinário;00431;00303;20837-0;BRUNA MARTINS DA SILVA;40.00;40.00;0.00;40.00
04.122.0007-2005;MANUTENÇÃO DA SECRETARIA DE FAZENDA;19/12/2023;9379/2023;9398/2023;Ordinário;00410;00000;24439-2;ORGANIZA EVENTOS LTDA ME;143.97;143.97;0.00;143.97
04.122.0007-2005;MANUTENÇÃO DA SECRETARIA DE FAZENDA;29/02/2024;1466/2024;1417/2024;Ordinário;00550;00000;18895-6;FABIO DE SOUZA;58.15;58.15;0.00;58.15
04.122.0007-2005;MANUTENÇÃO DA SECRETARIA DE FAZENDA;13/03/2024;1788/2024;9946/2023;Ordinário;00430;00000;22441-3;RONALDO PEREIRA DA SILVA;269.12;269.12;0.00;269.12
04.122.0007-2005;MANUTENÇÃO DA SECRETARIA DE FAZENDA;15/03/2024;1877/2024;1052/2024;Ordinário;00555;00303;24272-1;SERGIO NAITZK;200.00;200.00;0.00;200.00
04.122.0007-2005;MANUTENÇÃO DA SECRETARIA DE FAZENDA;22/03/2024;2151/2024;2069/2024;Ordinário;00550;00000;18657-1;JOSNEILE FERREIRA RIBEIRO;38.09;38.09;0.00;38.09
04.122.0007-2005;MANUTENÇÃO DA SECRETARIA DE FAZENDA;26/03/2024;2202/2024;2070/2024;Ordinário;00550;00000;20837-0;BRUNA MARTINS DA SILVA;4.40;4.40;0.00;4.40
04.122.0007-2005;MANUTENÇÃO DA SECRETARIA DE FAZENDA;26/03/2024;2203/2024;2068/2024;Ordinário;00550;00000;18657-1;JOSNEILE FERREIRA RIBEIRO;44.40;44.40;0.00;44.40
04.122.0007-2005;MANUTENÇÃO DA SECRETARIA DE FAZENDA;30/04/2024;3292/2024;3074/2024;Ordinário;00550;00000;18895-6;FABIO DE SOUZA;32.00;32.00;0.00;32.00
04.122.0007-2005;MANUTENÇÃO DA SECRETARIA DE FAZENDA;30/04/2024;3288/2024;3404/2024;Ordinário;00445;01100;18331-8;SUELI CASTELUZZI VECHIATTO;171.62;171.62;0.00;171.62
04.122.0007-2005;MANUTENÇÃO DA SECRETARIA DE FAZENDA;08/05/2024;3404/2024;3110/2024;Ordinário;00555;00303;22391-3;RACHEL CRISTIANE DE SOUZA;88.93;88.93;0.00;88.93
04.122.0007-2005;MANUTENÇÃO DA SECRETARIA DE FAZENDA;09/05/2024;3521/2024;3413/2024;Ordinário;00550;00000;25624-2;ADEMIR MANÇAN JUNIOR;99.64;99.64;0.00;99.64
04.122.0007-2005;MANUTENÇÃO DA SECRETARIA DE FAZENDA;28/05/2024;4052/2024;3983/2024;Ordinário;00550;00000;18943-0;BRUNA FRANCISCHETTI MARDEGAM GOMES;116.84;116.84;0.00;116.84
04.122.0007-2005;MANUTENÇÃO DA SECRETARIA DE FAZENDA;12/02/2025;729/2025;765/2025;Ordinário;00520;00000;73-6;BANCO DO BRASIL S.A.;167.05;167.05;0.00;167.05
04.122.0007-2005;MANUTENÇÃO DA SECRETARIA DE FAZENDA;27/02/2025;1232/2025;1109/2025;Ordinário;00520;00000;31-1;I.N.S.S.;38368.98;38368.98;0.00;38368.98
04.122.0007-2005;MANUTENÇÃO DA SECRETARIA DE FAZENDA;29/05/2025;3362/2025;3164/2025;Ordinário;00560;00000;18331-8;SUELI CASTELUZZI VECHIATTO;595.54;595.54;0.00;595.54
04.122.0007-2005;MANUTENÇÃO DA SECRETARIA DE FAZENDA;13/06/2025;3622/2025;3165/2025;Ordinário;00560;00000;18331-8;SUELI CASTELUZZI VECHIATTO;307.44;307.44;0.00;307.44
04.122.0007-2005;MANUTENÇÃO DA SECRETARIA DE FAZENDA;05/09/2025;5403/2025;5409/2025;Ordinário;00520;00000;26852-6;GEPAM - GESTAO PUBLICA AUDITORIA CONTABIL ASSESSORIA E CONSULTORIA;714.00;714.00;0.00;714.00
04.122.0007-2005;MANUTENÇÃO DA SECRETARIA DE FAZENDA;18/12/2025;7651/2025;7498/2025;Ordinário;00560;00000;22412-0;REGINALDO FERREIRA ALVES;295.00;295.00;0.00;295.00
04.122.0007-2006;EFETUAR PAGAMENTO DE DÍVIDA COM SENTENÇAS JUDICIAIS;21/11/2023;8411/2023;8410/2023;Ordinário;00440;00000;2318-3;TRIBUNAL REGIONAL DO TRABALHO DA 9º REGIÃO;2296.98;2296.98;0.00;2296.98
04.122.0007-2006;EFETUAR PAGAMENTO DE DÍVIDA COM SENTENÇAS JUDICIAIS;18/07/2024;5575/2024;5460/2024;Ordinário;00590;00000;2318-3;TRIBUNAL REGIONAL DO TRABALHO DA 9º REGIÃO;9163.56;9163.56;0.00;9163.56
04.122.0007-2006;EFETUAR PAGAMENTO DE DÍVIDA COM SENTENÇAS JUDICIAIS;10/01/2025;183/2025;199/2025;Ordinário;00630;00000;23406-1;INPHARMA HOSPITALAR LTDA;5458.75;5458.75;0.00;5458.75
04.122.0007-2031;MANUTENÇÃO DAS ATIVIDADES DO DEPARTAMENTO DE FAZENDA.;17/08/2020;3525/2020;3565/2020;Ordinário;05600;00518;20434-0;EFETIVE PRODUTOS MEDICO HOSPOTALARES;886.50;886.50;0.00;886.50
04.123.0007-2007;EFETUAR PAGAMENTO DE DÍVIDA DO INSS;19/10/2023;7490/2023;7490/2023;Ordinário;00460;00000;2117-2;MINISTERIO DA FAZENDA - RECEITA FEDERAL;17493.29;17493.29;0.00;17493.29
04.123.0007-2007;EFETUAR PAGAMENTO DE DÍVIDA DO INSS;08/12/2023;9011/2023;9082/2023;Ordinário;00460;00000;2117-2;MINISTERIO DA FAZENDA - RECEITA FEDERAL;19940.00;19940.00;0.00;19940.00
04.123.0007-2008;RECOLHIMENTO DO PASEP;20/06/2023;4038/2023;4099/2023;Ordinário;00470;00000;2117-2;MINISTERIO DA FAZENDA - RECEITA FEDERAL;7482.43;7482.43;0.00;7482.43
04.123.0007-2008;RECOLHIMENTO DO PASEP;30/12/2024;10019/2024;9933/2024;Ordinário;00620;00000;59-1;P. A. S. E. P - Ministério do Trabalho e Emprego;392.39;392.39;0.00;392.39
04.123.0007-2008;RECOLHIMENTO DO PASEP;09/07/2025;4292/2025;4271/2025;Ordinário;00650;00000;59-1;P. A. S. E. P - Ministério do Trabalho e Emprego;24341.47;24341.47;0.00;24341.47
04.123.0007-2008;RECOLHIMENTO DO PASEP;21/10/2025;6311/2025;6237/2025;Ordinário;00650;00000;59-1;P. A. S. E. P - Ministério do Trabalho e Emprego;23308.17;23308.17;0.00;23308.17
04.123.0007-2010;EFETUAR PAGAMENTO DE DÍVIDA COM FGTS;14/04/2023;2214/2023;2346/2023;Ordinário;00520;00000;19874-9;CAIXA ECONÖMICA FEDERAL - TJ PR;11110.39;11110.39;0.00;11110.39
04.123.0007-2010;EFETUAR PAGAMENTO DE DÍVIDA COM FGTS;14/04/2023;2215/2023;2347/2023;Ordinário;00520;00000;19874-9;CAIXA ECONÖMICA FEDERAL - TJ PR;3978.94;3978.94;0.00;3978.94
04.123.0007-2010;EFETUAR PAGAMENTO DE DÍVIDA COM FGTS;14/04/2023;2225/2023;2348/2023;Ordinário;00520;00000;19874-9;CAIXA ECONÖMICA FEDERAL - TJ PR;1169.83;1169.83;0.00;1169.83
04.123.0007-2062;ATENDIMENTO À PRECATÓRIOS REQUISITÓRIOS;29/09/2023;7049/2023;7035/2023;Ordinário;00530;00000;19874-9;CAIXA ECONÖMICA FEDERAL - TJ PR;6277.34;6277.34;0.00;6277.34
22.661.0008-2011;MANUTENÇÃO DA SECRETARIA DE DESENVOLVIMENTO ECONÔMICO;17/08/2023;5697/2023;5456/2023;Ordinário;00670;00000;24439-2;ORGANIZA EVENTOS LTDA ME;719.85;719.85;0.00;719.85
22.661.0008-2011;MANUTENÇÃO DA SECRETARIA DE DESENVOLVIMENTO ECONÔMICO;09/09/2024;7008/2024;6957/2024;Ordinário;00740;00000;22450-2;PAULO VINICIUS MIGUEL DOS SANTOS;1568.00;1568.00;0.00;1568.00
22.661.0008-2011;MANUTENÇÃO DA SECRETARIA DE DESENVOLVIMENTO ECONÔMICO;19/12/2025;7684/2025;7548/2025;Ordinário;00760;00000;23822-8;VALERIA RODRIGUES DE SOUZA TRAMBAIOLI-ME;246.50;246.50;0.00;246.50
10.122.0015-2014;MANUTENÇÃO DO GABINETE DO SECRETÁRIO DE SAÚDE;30/12/2024;10075/2024;9200/2024;Ordinário;00810;00000;20321-1;ALEXANDRO PEREIRA;332.50;332.50;0.00;332.50
10.122.0015-2014;MANUTENÇÃO DO GABINETE DO SECRETÁRIO DE SAÚDE;12/02/2025;714/2025;771/2025;Ordinário;00890;00000;2465-1;CAIXA ECONOMICA FEDERAL;12.00;12.00;0.00;12.00
10.122.0015-2015;MANUTENÇÃO DO ATENDIMENTO NO DEPARTAMENTO DE SAÚDE;04/05/2022;2696/2022;739/2022;Ordinário;01070;00000;22553-3;DAGEAL - COMÉRCIO DE MATERIAL DE ESCRITÓRIO LTDA;972.74;972.74;0.00;972.74
10.122.0015-2015;MANUTENÇÃO DO ATENDIMENTO NO DEPARTAMENTO DE SAÚDE;14/02/2023;700/2023;754/2023;Ordinário;00850;00000;1539-3;SERGIO BORGES DA SILVA;130.00;130.00;0.00;130.00
10.122.0015-2015;MANUTENÇÃO DO ATENDIMENTO NO DEPARTAMENTO DE SAÚDE;18/07/2023;4848/2023;4901/2023;Ordinário;00890;00000;50-7;COPEL DISTRIBUICAO S.A.;286.61;286.61;0.00;286.61
10.122.0015-2015;MANUTENÇÃO DO ATENDIMENTO NO DEPARTAMENTO DE SAÚDE;18/09/2023;6614/2023;6656/2023;Ordinário;00890;00000;50-7;COPEL DISTRIBUICAO S.A.;817.76;817.76;0.00;817.76
10.122.0015-2015;MANUTENÇÃO DO ATENDIMENTO NO DEPARTAMENTO DE SAÚDE;24/10/2023;7552/2023;7588/2023;Ordinário;00890;00000;50-7;COPEL DISTRIBUICAO S.A.;1147.07;1147.07;0.00;1147.07
10.122.0015-2015;MANUTENÇÃO DO ATENDIMENTO NO DEPARTAMENTO DE SAÚDE;07/11/2023;8170/2023;8252/2023;Ordinário;00860;00000;19534-1;ERLI PEREIRA LIMA;500.00;500.00;0.00;500.00
10.122.0015-2015;MANUTENÇÃO DO ATENDIMENTO NO DEPARTAMENTO DE SAÚDE;01/12/2023;8917/2023;8989/2023;Ordinário;00865;11494;19059-4;GEYSON CRUZ PREMOLI;130.00;130.00;0.00;130.00
10.122.0015-2015;MANUTENÇÃO DO ATENDIMENTO NO DEPARTAMENTO DE SAÚDE;19/12/2023;9570/2023;9456/2023;Ordinário;00890;00000;50-7;COPEL DISTRIBUICAO S.A.;1360.31;1360.31;0.00;1360.31
10.122.0029-2005;ESTRUTURAR UNIDADE DEPARTAMENTO DE SAÚDE;18/12/2020;5879/2020;5293/2020;Ordinário;05490;00945;20421-8;ALTERMED MATERIAL MEDICO HOSPITALAR LTDA;408.50;408.50;0.00;408.50
10.122.0029-2005;ESTRUTURAR UNIDADE DEPARTAMENTO DE SAÚDE;30/01/2021;393/2021;4735/2020;Ordinário;05490;00945;19145-1;AWR DISTRIBUIDORA DE PRODUTOS HOSPITALARES LTDA;2532.00;2532.00;0.00;2532.00
10.122.0029-2005;ESTRUTURAR UNIDADE DEPARTAMENTO DE SAÚDE;29/03/2021;1284/2021;4677/2020;Ordinário;05490;00945;20421-8;ALTERMED MATERIAL MEDICO HOSPITALAR LTDA;3520.00;3520.00;0.00;3520.00
10.122.0021-1056;ESTRUTURAR A UNIDADE DE ATENDIMENTO VILA PROGRESSO;17/08/2020;3527/2020;4420/2018;Ordinário;00671;00518;20434-0;EFETIVE PRODUTOS MEDICO HOSPOTALARES;5352.00;5352.00;0.00;5352.00
10.122.0021-1056;ESTRUTURAR A UNIDADE DE ATENDIMENTO VILA PROGRESSO;17/08/2020;3528/2020;4420/2018;Ordinário;00671;00518;20434-0;EFETIVE PRODUTOS MEDICO HOSPOTALARES;2590.00;2590.00;0.00;2590.00
10.122.0037-2337;ENFRENTAMENTO DA EMERGENCIA COVID 19;19/06/2020;2612/2020;2476/2020;Ordinário;05310;01019;22161-9;DISTRIBUIDORA DE MEDICAMENTOS BOEING EIRELI;4845.00;4845.00;0.00;4845.00
10.122.0037-2337;ENFRENTAMENTO DA EMERGENCIA COVID 19;24/09/2020;4187/2020;4089/2020;Ordinário;05310;01019;21644-5;PROMEFARMA MEDICAMENTOS E PRODUTOS HOSPITALARES LTDA;203.00;203.00;0.00;203.00
10.122.0037-2337;ENFRENTAMENTO DA EMERGENCIA COVID 19;25/09/2020;4208/2020;4086/2020;Ordinário;05310;01019;21644-5;PROMEFARMA MEDICAMENTOS E PRODUTOS HOSPITALARES LTDA;2084.86;2084.86;0.00;2084.86
10.122.0037-2337;ENFRENTAMENTO DA EMERGENCIA COVID 19;07/10/2020;4524/2020;4087/2020;Ordinário;05310;01019;20421-8;ALTERMED MATERIAL MEDICO HOSPITALAR LTDA;23.50;23.50;0.00;23.50
10.122.0037-2337;ENFRENTAMENTO DA EMERGENCIA COVID 19;09/10/2020;4534/2020;4088/2020;Ordinário;05310;01019;20421-8;ALTERMED MATERIAL MEDICO HOSPITALAR LTDA;387.40;387.40;0.00;387.40
10.122.0037-2337;ENFRENTAMENTO DA EMERGENCIA COVID 19;16/10/2020;4576/2020;4086/2020;Ordinário;05310;01019;21644-5;PROMEFARMA MEDICAMENTOS E PRODUTOS HOSPITALARES LTDA;376.06;376.06;0.00;376.06
10.122.0037-2337;ENFRENTAMENTO DA EMERGENCIA COVID 19;20/10/2020;4633/2020;4089/2020;Ordinário;05310;01019;21644-5;PROMEFARMA MEDICAMENTOS E PRODUTOS HOSPITALARES LTDA;487.50;487.50;0.00;487.50
10.122.0037-2337;ENFRENTAMENTO DA EMERGENCIA COVID 19;22/12/2020;6034/2020;4086/2020;Ordinário;05310;01019;21644-5;PROMEFARMA MEDICAMENTOS E PRODUTOS HOSPITALARES LTDA;632.21;632.21;0.00;632.21
10.301.0011-1013;ESTRUTURAR POSTOS DE SAÚDE;17/07/2023;4812/2023;4188/2023;Ordinário;01000;00000;24244-6;WYUT DO BRASIL DISTRIBUIDORA DE EQUIPAMENTOS - EIRELI;3200.00;3200.00;0.00;3200.00
10.301.0011-2018;MANUTENÇÃO DOS POSTOS DE SAÚDE;05/05/2022;2717/2022;2547/2022;Ordinário;01430;01494;30-2;M. D. MARTINS & CIA. LTDA.;450.00;450.00;0.00;450.00
10.301.0011-2018;MANUTENÇÃO DOS POSTOS DE SAÚDE;06/05/2022;2781/2022;987/2022;Ordinário;01410;00000;22817-6;JV COMERCIO DE MATERIAIS ELETRICOS E DECORAÇÃO LTDA ME;3052.35;3052.35;0.00;3052.35
10.301.0011-2018;MANUTENÇÃO DOS POSTOS DE SAÚDE;27/05/2022;3352/2022;3408/2022;Ordinário;01500;00303;22021-3;LOGSAT RASTREADORES LTDA- EPP;598.80;598.80;0.00;598.80
10.301.0011-2018;MANUTENÇÃO DOS POSTOS DE SAÚDE;27/05/2022;3353/2022;3409/2022;Ordinário;01500;00303;22021-3;LOGSAT RASTREADORES LTDA- EPP;598.80;598.80;0.00;598.80
10.301.0011-2018;MANUTENÇÃO DOS POSTOS DE SAÚDE;01/07/2022;4373/2022;4411/2022;Ordinário;01520;01494;21670-4;CLINIMAGEM CLÍNICA DE IMAGENS LTDA;3002.84;3002.84;0.00;3002.84
10.301.0011-2018;MANUTENÇÃO DOS POSTOS DE SAÚDE;04/08/2022;5148/2022;2079/2022;Ordinário;01420;00303;19751-3;VAC ESTEVES;4867.06;4867.06;0.00;4867.06
10.301.0011-2018;MANUTENÇÃO DOS POSTOS DE SAÚDE;09/08/2022;5227/2022;5264/2022;Ordinário;01500;00303;18575-2;ALMIRO GONSALVES CABRAL 93431600972;600.00;600.00;600.00;0.00
10.301.0011-2018;MANUTENÇÃO DOS POSTOS DE SAÚDE;09/09/2022;5984/2022;5278/2022;Ordinário;01420;00303;20421-8;ALTERMED MATERIAL MEDICO HOSPITALAR LTDA;16.00;16.00;0.00;16.00
10.301.0011-2018;MANUTENÇÃO DOS POSTOS DE SAÚDE;30/09/2022;6621/2022;6342/2022;Ordinário;01500;00303;22161-9;DISTRIBUIDORA DE MEDICAMENTOS BOEING EIRELI;241.00;241.00;0.00;241.00
10.301.0011-2018;MANUTENÇÃO DOS POSTOS DE SAÚDE;03/10/2022;6628/2022;6625/2022;Ordinário;01430;01494;18303-2;V.D.B.R PISSININI - EPP;0.80;0.80;0.00;0.80
10.301.0011-2018;MANUTENÇÃO DOS POSTOS DE SAÚDE;10/10/2022;6715/2022;5278/2022;Ordinário;01420;00303;20421-8;ALTERMED MATERIAL MEDICO HOSPITALAR LTDA;47.70;47.70;47.70;0.00
10.301.0011-2018;MANUTENÇÃO DOS POSTOS DE SAÚDE;28/10/2022;7286/2022;6929/2022;Ordinário;01420;00303;23094-4;A. G. KIENEN & CIA LTDA;798.00;798.00;0.00;798.00
10.301.0011-2018;MANUTENÇÃO DOS POSTOS DE SAÚDE;11/11/2022;7539/2022;6928/2022;Ordinário;01420;00303;21644-5;PROMEFARMA MEDICAMENTOS E PRODUTOS HOSPITALARES LTDA;341.60;341.60;0.00;341.60
10.301.0011-2018;MANUTENÇÃO DOS POSTOS DE SAÚDE;16/11/2022;7541/2022;6767/2022;Ordinário;01430;01494;23387-1;FG DE OLIVEIRA LTDA;446.00;446.00;0.00;446.00
10.301.0011-2018;MANUTENÇÃO DOS POSTOS DE SAÚDE;01/12/2022;8040/2022;6766/2022;Ordinário;01430;01494;23378-1;DAVOS COMERCIO DE EMBALAGENS EIRELI;1256.70;1256.70;0.00;1256.70
10.301.0011-2018;MANUTENÇÃO DOS POSTOS DE SAÚDE;14/12/2022;8183/2022;3602/2022;Ordinário;01500;00303;20627-0;INDREL INDÚSTRIA DE REFRIGERAÇÃO LONDRINENSE LTDA;950.00;950.00;0.00;950.00
10.301.0011-2018;MANUTENÇÃO DOS POSTOS DE SAÚDE;31/01/2023;561/2023;443/2023;Ordinário;01110;00303;22121-0;EJW TELECOMUNICAÇÕES LTDA;136.94;136.94;0.00;136.94
10.301.0011-2018;MANUTENÇÃO DOS POSTOS DE SAÚDE;31/01/2023;560/2023;85/2023;Ordinário;01070;00303;23532-6;A. BATISTA FARIAS LTDA;1617.00;1617.00;0.00;1617.00
10.301.0011-2018;MANUTENÇÃO DOS POSTOS DE SAÚDE;02/02/2023;598/2023;95/2023;Ordinário;01070;00303;23384-6;SUELEN DAIANE KANIS;144.90;144.90;0.00;144.90
10.301.0011-2018;MANUTENÇÃO DOS POSTOS DE SAÚDE;15/03/2023;1466/2023;1569/2023;Ordinário;01120;01494;22358-1;WELTON DE ARAUJO GOIS 07700786992;800.00;800.00;0.00;800.00
10.301.0011-2018;MANUTENÇÃO DOS POSTOS DE SAÚDE;15/03/2023;1449/2023;1570/2023;Ordinário;01120;01494;22358-1;WELTON DE ARAUJO GOIS 07700786992;400.00;400.00;0.00;400.00
10.301.0011-2018;MANUTENÇÃO DOS POSTOS DE SAÚDE;16/03/2023;1570/2023;1125/2023;Ordinário;01070;00303;23080-4;UNIVEN HEALTHCARE S/A;1360.80;1360.80;0.00;1360.80
10.301.0011-2018;MANUTENÇÃO DOS POSTOS DE SAÚDE;30/03/2023;1729/2023;904/2023;Ordinário;01070;00303;22012-4;REALLUZ - COMERCIO DE MATERIAIS ELETRICOS;307.11;307.11;0.00;307.11
10.301.0011-2018;MANUTENÇÃO DOS POSTOS DE SAÚDE;10/04/2023;2139/2023;1279/2023;Ordinário;01110;00303;22108-2;GENTE SEGURADORA S.A.;4750.00;4750.00;0.00;4750.00
10.301.0011-2018;MANUTENÇÃO DOS POSTOS DE SAÚDE;14/04/2023;2206/2023;393/2023;Ordinário;01060;00000;23588-1;ELETRO MARINGA ILUMINAÇÃO EIRELI;138.00;138.00;0.00;138.00
10.301.0011-2018;MANUTENÇÃO DOS POSTOS DE SAÚDE;03/05/2023;2915/2023;6768/2022;Ordinário;01430;01494;23385-4;SUPERMEDCOMERCIO DE PRODUTOS MEDICOS E HOSPITALARES LTDA;117.00;117.00;0.00;117.00
10.301.0011-2018;MANUTENÇÃO DOS POSTOS DE SAÚDE;11/05/2023;3037/2023;3107/2023;Ordinário;01110;00303;22108-2;GENTE SEGURADORA S.A.;2037.50;2037.50;0.00;2037.50
10.301.0011-2018;MANUTENÇÃO DOS POSTOS DE SAÚDE;12/06/2023;3825/2023;2607/2023;Ordinário;01080;01494;23384-6;SUELEN DAIANE KANIS;289.80;289.80;0.00;289.80
10.301.0011-2018;MANUTENÇÃO DOS POSTOS DE SAÚDE;20/06/2023;4045/2023;2609/2023;Ordinário;01080;01494;21972-0;NORTE INDUSTRIA GRAFICA LTDA;4905.00;4905.00;0.00;4905.00
10.301.0011-2018;MANUTENÇÃO DOS POSTOS DE SAÚDE;21/06/2023;4104/2023;4101/2023;Ordinário;01110;00303;22108-2;GENTE SEGURADORA S.A.;2037.50;2037.50;0.00;2037.50
10.301.0011-2018;MANUTENÇÃO DOS POSTOS DE SAÚDE;23/06/2023;4127/2023;3033/2023;Ordinário;01110;00303;22145-7;RDC BRASIL - EMPRESA BRASILEIRA DE DETECCAO DE RADIAÇAO LTDA;2200.00;2200.00;0.00;2200.00
10.301.0011-2018;MANUTENÇÃO DOS POSTOS DE SAÚDE;30/06/2023;4473/2023;3873/2023;Ordinário;01080;01494;23094-4;A. G. KIENEN & CIA LTDA;2378.00;2378.00;0.00;2378.00
10.301.0011-2018;MANUTENÇÃO DOS POSTOS DE SAÚDE;30/06/2023;4470/2023;3923/2023;Ordinário;01080;01494;20421-8;ALTERMED MATERIAL MEDICO HOSPITALAR LTDA;440.00;440.00;0.00;440.00
10.301.0011-2018;MANUTENÇÃO DOS POSTOS DE SAÚDE;04/07/2023;4546/2023;4539/2023;Ordinário;01110;00303;22704-8;M. F. TEIXEIRA PALANDRI BERNARDI;0.54;0.54;0.00;0.54
10.301.0011-2018;MANUTENÇÃO DOS POSTOS DE SAÚDE;07/07/2023;4588/2023;4186/2023;Ordinário;01060;00000;24247-1;R&A COMÉRCIO DE EQUIPAMENTOS TELEFÔNICOS;14040.00;14040.00;0.00;14040.00
10.301.0011-2018;MANUTENÇÃO DOS POSTOS DE SAÚDE;13/07/2023;4751/2023;392/2023;Ordinário;01060;00000;23775-2;GRAND COMMERCE LTDA;36.55;36.55;0.00;36.55
10.301.0011-2018;MANUTENÇÃO DOS POSTOS DE SAÚDE;18/07/2023;4849/2023;4900/2023;Ordinário;01125;00000;50-7;COPEL DISTRIBUICAO S.A.;230.88;230.88;0.00;230.88
10.301.0011-2018;MANUTENÇÃO DOS POSTOS DE SAÚDE;24/07/2023;4916/2023;3874/2023;Ordinário;01080;01494;23101-1;VALE COMERCIO DE PRODUTOS MEDICOS E HOSPITALARES;220.00;220.00;0.00;220.00
10.301.0011-2018;MANUTENÇÃO DOS POSTOS DE SAÚDE;03/08/2023;5312/2023;2608/2023;Ordinário;01080;01494;23996-8;GIF PRINT SOLUÇÕES EMPRESARIAIS LTDA;1750.00;1750.00;0.00;1750.00
10.301.0011-2018;MANUTENÇÃO DOS POSTOS DE SAÚDE;07/08/2023;5411/2023;5336/2023;Ordinário;01090;00303;18889-1;MARIA DO CARMO OTONI ANGELO;1931.74;1931.74;0.00;1931.74
10.301.0011-2018;MANUTENÇÃO DOS POSTOS DE SAÚDE;28/08/2023;5890/2023;5923/2023;Ordinário;01136;11494;21233-4;REFORMADORA TORALBUS EIRELI;710.00;710.00;0.00;710.00
10.301.0011-2018;MANUTENÇÃO DOS POSTOS DE SAÚDE;29/08/2023;5897/2023;5942/2023;Ordinário;01110;00303;24617-4;GALVAO E GALVAO CLINICA ORTOPEDICA LTDA;850.00;850.00;0.00;850.00
10.301.0011-2018;MANUTENÇÃO DOS POSTOS DE SAÚDE;18/09/2023;6612/2023;6655/2023;Ordinário;01125;00000;50-7;COPEL DISTRIBUICAO S.A.;275.31;275.31;0.00;275.31
10.301.0011-2018;MANUTENÇÃO DOS POSTOS DE SAÚDE;21/09/2023;6703/2023;3921/2023;Ordinário;01080;01494;18385-7;NOROESTE MEDICAMENTOS - LTDA;350.00;350.00;0.00;350.00
10.301.0011-2018;MANUTENÇÃO DOS POSTOS DE SAÚDE;25/09/2023;6755/2023;6790/2023;Ordinário;01110;00303;24427-9;J.DEUS DE SOUZA ME;1400.00;1400.00;0.00;1400.00
10.301.0011-2018;MANUTENÇÃO DOS POSTOS DE SAÚDE;13/10/2023;7389/2023;7425/2023;Ordinário;01136;11494;24728-6;NATALYA NILES DA SILVA;75.00;75.00;0.00;75.00
10.301.0011-2018;MANUTENÇÃO DOS POSTOS DE SAÚDE;23/10/2023;7535/2023;7580/2023;Ordinário;01136;11494;24758-8;L. DEREZENDE PISSININI LTDA;35.00;35.00;0.00;35.00
10.301.0011-2018;MANUTENÇÃO DOS POSTOS DE SAÚDE;24/10/2023;7551/2023;7586/2023;Ordinário;01125;00000;50-7;COPEL DISTRIBUICAO S.A.;340.36;340.36;0.00;340.36
10.301.0011-2018;MANUTENÇÃO DOS POSTOS DE SAÚDE;14/11/2023;8240/2023;8271/2023;Ordinário;01086;11494;24752-9;TAYANE FERNANDA DOMINGOS LAGO;243.00;243.00;0.00;243.00
10.301.0011-2018;MANUTENÇÃO DOS POSTOS DE SAÚDE;29/11/2023;8605/2023;8538/2023;Ordinário;01086;11494;2482-1;FREIO STOP COMERCIO DE AUTO PEÇAS LTDA.;70.00;70.00;0.00;70.00
10.301.0011-2018;MANUTENÇÃO DOS POSTOS DE SAÚDE;30/11/2023;8815/2023;8870/2023;Ordinário;01136;11494;2208-0;ELANDERSON DA SILVA DOMINGOS;800.00;800.00;0.00;800.00
10.301.0011-2018;MANUTENÇÃO DOS POSTOS DE SAÚDE;05/12/2023;8948/2023;8642/2023;Ordinário;01136;11494;18580-9;JGA - COMERCIO ASSISTENCIA TECNICA ODONTOLOGICA LTDA;2700.00;2700.00;0.00;2700.00
10.301.0011-2018;MANUTENÇÃO DOS POSTOS DE SAÚDE;08/12/2023;9128/2023;9172/2023;Ordinário;01090;00303;23904-6;KATIA CYLENE DOS SANTOS REIMÃO;108.14;108.14;0.00;108.14
10.301.0011-2018;MANUTENÇÃO DOS POSTOS DE SAÚDE;08/12/2023;9180/2023;9183/2023;Ordinário;01090;00303;19317-8;KEITY REGINA VIEIRA;1120.00;1120.00;1120.00;0.00
10.301.0011-2018;MANUTENÇÃO DOS POSTOS DE SAÚDE;19/12/2023;9567/2023;9455/2023;Ordinário;01125;00000;50-7;COPEL DISTRIBUICAO S.A.;868.64;868.64;0.00;868.64
10.301.0011-2018;MANUTENÇÃO DOS POSTOS DE SAÚDE;29/12/2023;9857/2023;9920/2023;Ordinário;01110;00303;25524-6;HOFTALON CENTRO DE ESTUDO E PESQUISA DE VISÃO;570.00;570.00;0.00;570.00
10.301.0011-2018;MANUTENÇÃO DOS POSTOS DE SAÚDE;06/02/2024;660/2024;760/2024;Ordinário;01100;01494;22704-8;M. F. TEIXEIRA PALANDRI BERNARDI;0.54;0.54;0.00;0.54
10.301.0011-2018;MANUTENÇÃO DOS POSTOS DE SAÚDE;29/02/2024;1207/2024;1323/2024;Ordinário;01050;00303;18889-1;MARIA DO CARMO OTONI ANGELO;0.10;0.10;0.00;0.10
10.301.0011-2018;MANUTENÇÃO DOS POSTOS DE SAÚDE;11/03/2024;1698/2024;7074/2023;Ordinário;01136;11494;24439-2;ORGANIZA EVENTOS LTDA ME;1151.76;1151.76;0.00;1151.76
10.301.0011-2018;MANUTENÇÃO DOS POSTOS DE SAÚDE;12/03/2024;1732/2024;9419/2023;Ordinário;01086;11494;20431-5;LICIMED DISTRIBUIDORA DE MEDICAMENTOS, CORRELATOS E PRODUTOS;684.90;684.90;0.00;684.90
10.301.0011-2018;MANUTENÇÃO DOS POSTOS DE SAÚDE;27/03/2024;2210/2024;2026/2024;Ordinário;01100;01494;22108-2;GENTE SEGURADORA S.A.;46.80;46.80;0.00;46.80
10.301.0011-2018;MANUTENÇÃO DOS POSTOS DE SAÚDE;27/03/2024;2214/2024;2027/2024;Ordinário;01100;01494;22108-2;GENTE SEGURADORA S.A.;46.80;46.80;0.00;46.80
10.301.0011-2018;MANUTENÇÃO DOS POSTOS DE SAÚDE;24/04/2024;3128/2024;1212/2024;Ordinário;01030;00303;24376-1;NILCELI DA SILVA - ME;98.00;98.00;0.00;98.00
10.301.0011-2018;MANUTENÇÃO DOS POSTOS DE SAÚDE;08/05/2024;3388/2024;3568/2024;Ordinário;01065;01064;22114-7;MILENA FRANCISCO RAMOS SILVA;994.42;994.42;0.00;994.42
10.301.0011-2018;MANUTENÇÃO DOS POSTOS DE SAÚDE;29/05/2024;4087/2024;4185/2024;Ordinário;01025;11494;240-2;EDIVALDO MACHADO & CIA. LTDA.;307.00;307.00;0.00;307.00
10.301.0011-2018;MANUTENÇÃO DOS POSTOS DE SAÚDE;20/06/2024;4713/2024;4724/2024;Ordinário;01025;11494;240-2;EDIVALDO MACHADO & CIA. LTDA.;62.42;62.42;0.00;62.42
10.301.0011-2018;MANUTENÇÃO DOS POSTOS DE SAÚDE;21/06/2024;4789/2024;4616/2024;Ordinário;01025;11494;22699-8;CASINI PNEUS LTDA ME;15000.00;15000.00;0.00;15000.00
10.301.0011-2018;MANUTENÇÃO DOS POSTOS DE SAÚDE;26/06/2024;5012/2024;3966/2024;Ordinário;01040;01494;20431-5;LICIMED DISTRIBUIDORA DE MEDICAMENTOS, CORRELATOS E PRODUTOS;778.29;778.29;0.00;778.29
10.301.0011-2018;MANUTENÇÃO DOS POSTOS DE SAÚDE;26/06/2024;5028/2024;4318/2024;Ordinário;01025;11494;22515-1;SAMUEL PASIM DO NASCIMENTO 06679737966;543.50;543.50;0.00;543.50
10.301.0011-2018;MANUTENÇÃO DOS POSTOS DE SAÚDE;26/06/2024;5015/2024;4296/2024;Ordinário;01075;11494;21983-5;ALAN VICENTIN 04662879922;168.00;168.00;0.00;168.00
10.301.0011-2018;MANUTENÇÃO DOS POSTOS DE SAÚDE;26/06/2024;5039/2024;3463/2024;Ordinário;01030;00303;20295-9;RODO SERVICE LTDA;4295.28;4295.28;0.00;4295.28
10.301.0011-2018;MANUTENÇÃO DOS POSTOS DE SAÚDE;05/07/2024;5277/2024;797/2024;Ordinário;01120;00303;24321-3;EMMA INDUSTRIA E COMERCIO DE MOVEIS LTDA;4240.00;4240.00;0.00;4240.00
10.301.0011-2018;MANUTENÇÃO DOS POSTOS DE SAÚDE;16/07/2024;5552/2024;5575/2024;Ordinário;01080;00303;22704-8;M. F. TEIXEIRA PALANDRI BERNARDI;0.54;0.54;0.00;0.54
10.301.0011-2018;MANUTENÇÃO DOS POSTOS DE SAÚDE;23/07/2024;5668/2024;2619/2024;Ordinário;01040;01494;24283-7;JOAO E MARIA ATELIE LTDA.;1200.00;1200.00;0.00;1200.00
10.301.0011-2018;MANUTENÇÃO DOS POSTOS DE SAÚDE;25/07/2024;5691/2024;5652/2024;Ordinário;01075;11494;19731-9;GONCALVES & NOVAES LTDA;4900.00;4900.00;0.00;4900.00
10.301.0011-2018;MANUTENÇÃO DOS POSTOS DE SAÚDE;06/08/2024;6115/2024;5452/2024;Ordinário;01025;11494;21744-1;ALC - CENTRO AUTOMOTIVO LTDA;200.00;200.00;0.00;200.00
10.301.0011-2018;MANUTENÇÃO DOS POSTOS DE SAÚDE;07/08/2024;6182/2024;6009/2024;Ordinário;01025;11494;240-2;EDIVALDO MACHADO & CIA. LTDA.;660.80;660.80;0.00;660.80
10.301.0011-2018;MANUTENÇÃO DOS POSTOS DE SAÚDE;07/08/2024;6183/2024;6010/2024;Ordinário;01025;11494;240-2;EDIVALDO MACHADO & CIA. LTDA.;154.14;154.14;0.00;154.14
10.301.0011-2018;MANUTENÇÃO DOS POSTOS DE SAÚDE;15/08/2024;6376/2024;6431/2024;Ordinário;01025;11494;240-2;EDIVALDO MACHADO & CIA. LTDA.;955.26;955.26;0.00;955.26
10.301.0011-2018;MANUTENÇÃO DOS POSTOS DE SAÚDE;20/08/2024;6465/2024;6316/2024;Ordinário;01075;11494;14-1;CISMEPAR-CONS.INT.DE S.MEDIO PARANAP.;1597.43;1597.43;0.00;1597.43
10.301.0011-2018;MANUTENÇÃO DOS POSTOS DE SAÚDE;20/08/2024;6467/2024;6318/2024;Ordinário;01075;11494;14-1;CISMEPAR-CONS.INT.DE S.MEDIO PARANAP.;30.51;30.51;0.00;30.51
10.301.0011-2018;MANUTENÇÃO DOS POSTOS DE SAÚDE;20/08/2024;6469/2024;6320/2024;Ordinário;01075;11494;14-1;CISMEPAR-CONS.INT.DE S.MEDIO PARANAP.;2960.85;2960.85;0.00;2960.85
10.301.0011-2018;MANUTENÇÃO DOS POSTOS DE SAÚDE;20/08/2024;6464/2024;6315/2024;Ordinário;01075;11494;14-1;CISMEPAR-CONS.INT.DE S.MEDIO PARANAP.;62039.92;62039.92;0.00;62039.92
10.301.0011-2018;MANUTENÇÃO DOS POSTOS DE SAÚDE;20/08/2024;6451/2024;6498/2024;Ordinário;01025;11494;21744-1;ALC - CENTRO AUTOMOTIVO LTDA;615.00;615.00;0.00;615.00
10.301.0011-2018;MANUTENÇÃO DOS POSTOS DE SAÚDE;20/08/2024;6454/2024;6499/2024;Ordinário;01075;11494;21744-1;ALC - CENTRO AUTOMOTIVO LTDA;250.00;250.00;0.00;250.00
10.301.0011-2018;MANUTENÇÃO DOS POSTOS DE SAÚDE;20/08/2024;6453/2024;6482/2024;Ordinário;01025;11494;22238-1;SSBARCAR VEÍCULOS LTDA;908.92;908.92;0.00;908.92
10.301.0011-2018;MANUTENÇÃO DOS POSTOS DE SAÚDE;20/08/2024;6452/2024;6481/2024;Ordinário;01075;11494;22238-1;SSBARCAR VEÍCULOS LTDA;507.00;507.00;0.00;507.00
10.301.0011-2018;MANUTENÇÃO DOS POSTOS DE SAÚDE;22/08/2024;6559/2024;2531/2024;Ordinário;01040;01494;22515-1;SAMUEL PASIM DO NASCIMENTO 06679737966;867.05;867.05;867.05;0.00
10.301.0011-2018;MANUTENÇÃO DOS POSTOS DE SAÚDE;22/08/2024;6558/2024;2850/2024;Ordinário;01040;01494;22515-1;SAMUEL PASIM DO NASCIMENTO 06679737966;8509.08;8509.08;8509.08;0.00
10.301.0011-2018;MANUTENÇÃO DOS POSTOS DE SAÚDE;22/08/2024;6564/2024;5735/2024;Ordinário;01025;11494;24725-1;DENTAL MED MAIS LTDA;761.88;761.88;0.00;761.88
10.301.0011-2018;MANUTENÇÃO DOS POSTOS DE SAÚDE;25/10/2024;8325/2024;8069/2024;Ordinário;01020;00000;24725-1;DENTAL MED MAIS LTDA;2453.46;2453.46;0.00;2453.46
10.301.0011-2018;MANUTENÇÃO DOS POSTOS DE SAÚDE;30/10/2024;8420/2024;8459/2024;Ordinário;01020;00000;25921-7;REINILDE MARCELINO CUNHA;480.00;480.00;0.00;480.00
10.301.0011-2018;MANUTENÇÃO DOS POSTOS DE SAÚDE;18/11/2024;8930/2024;8210/2024;Ordinário;01020;00000;22963-6;MHFH PAPELARIA LTDA - ME;320.84;320.84;0.00;320.84
10.301.0011-2018;MANUTENÇÃO DOS POSTOS DE SAÚDE;18/11/2024;8920/2024;8212/2024;Ordinário;01020;00000;25904-7;SCHALOM PAPELARIA LTDA;412.29;412.29;0.00;412.29
10.301.0011-2018;MANUTENÇÃO DOS POSTOS DE SAÚDE;09/12/2024;9312/2024;8442/2024;Ordinário;01020;00000;22515-1;SAMUEL PASIM DO NASCIMENTO 06679737966;335.85;335.85;0.00;335.85
10.301.0011-2018;MANUTENÇÃO DOS POSTOS DE SAÚDE;11/12/2024;9359/2024;9397/2024;Ordinário;01025;11494;22040-0;MARYMED DISTRIBUIDORA DE MEDICAMENTOS E CORRELATOS EIRELI ME;24990.65;24990.65;0.00;24990.65
10.301.0011-2018;MANUTENÇÃO DOS POSTOS DE SAÚDE;13/12/2024;9549/2024;8205/2024;Ordinário;01020;00000;21972-0;NORTE INDUSTRIA GRAFICA LTDA;3480.00;3480.00;0.00;3480.00
10.301.0011-2018;MANUTENÇÃO DOS POSTOS DE SAÚDE;20/12/2024;9990/2024;4786/2024;Estimativa;01025;11494;24226-8;PREMIUM PNEUS EIRELI;3026.00;3026.00;0.00;3026.00
10.301.0011-2018;MANUTENÇÃO DOS POSTOS DE SAÚDE;30/12/2024;10119/2024;4786/2024;Estimativa;01025;11494;24226-8;PREMIUM PNEUS EIRELI;12640.00;12640.00;0.00;12640.00
10.301.0011-2018;MANUTENÇÃO DOS POSTOS DE SAÚDE;25/02/2025;976/2025;6186/2024;Ordinário;01025;11494;20295-9;RODO SERVICE LTDA;399.00;399.00;0.00;399.00
10.301.0011-2018;MANUTENÇÃO DOS POSTOS DE SAÚDE;25/02/2025;973/2025;6341/2024;Ordinário;01025;11494;20295-9;RODO SERVICE LTDA;202.52;202.52;0.00;202.52
10.301.0011-2018;MANUTENÇÃO DOS POSTOS DE SAÚDE;25/02/2025;972/2025;6339/2024;Ordinário;01075;11494;20295-9;RODO SERVICE LTDA;1320.00;1320.00;0.00;1320.00
10.301.0011-2018;MANUTENÇÃO DOS POSTOS DE SAÚDE;31/03/2025;2075/2025;6437/2024;Ordinário;01025;11494;22238-1;SSBARCAR VEÍCULOS LTDA;8200.00;8200.00;0.00;8200.00
10.301.0011-2018;MANUTENÇÃO DOS POSTOS DE SAÚDE;21/05/2025;3041/2025;2306/2025;Estimativa;01170;00303;25294-8;MERCO SOLUCOES EM SAUDE S/A;1450.00;1450.00;0.00;1450.00
10.301.0011-2018;MANUTENÇÃO DOS POSTOS DE SAÚDE;02/07/2025;4087/2025;2500/2025;Ordinário;01250;00303;49-3;VIACAO GARCIA LTDA.;9334.84;9334.84;0.00;9334.84
10.301.0011-2018;MANUTENÇÃO DOS POSTOS DE SAÚDE;29/08/2025;5267/2025;2306/2025;Estimativa;01170;00303;25294-8;MERCO SOLUCOES EM SAUDE S/A;2900.00;2900.00;0.00;2900.00
10.301.0011-2018;MANUTENÇÃO DOS POSTOS DE SAÚDE;28/10/2025;6460/2025;5538/2025;Ordinário;01161;11494;19751-3;VAC ESTEVES;658.25;658.25;0.00;658.25
10.301.0011-2018;MANUTENÇÃO DOS POSTOS DE SAÚDE;14/11/2025;6902/2025;6697/2025;Ordinário;01279;11497;22108-2;GENTE SEGURADORA S.A.;499.20;499.20;0.00;499.20
10.301.0022-2009;MANUTENÇÃO DOS POSTOS DE SAÚDE;21/02/2020;848/2020;927/2020;Ordinário;01450;00303;1983-6;R. F. COVRE INFORMATICA ME;79.90;79.90;0.00;79.90
10.301.0022-2009;MANUTENÇÃO DOS POSTOS DE SAÚDE;21/02/2020;849/2020;928/2020;Ordinário;01450;00303;1983-6;R. F. COVRE INFORMATICA ME;79.90;79.90;0.00;79.90
10.301.0022-2009;MANUTENÇÃO DOS POSTOS DE SAÚDE;15/04/2020;1725/2020;1758/2020;Ordinário;01450;00303;1983-6;R. F. COVRE INFORMATICA ME;79.90;79.90;0.00;79.90
10.301.0022-2009;MANUTENÇÃO DOS POSTOS DE SAÚDE;24/06/2020;2674/2020;2706/2020;Ordinário;01480;01494;21339-0;ARAVEL ARAPONGAS VEICULOS LTDA;1080.00;1080.00;0.00;1080.00
10.301.0022-2009;MANUTENÇÃO DOS POSTOS DE SAÚDE;30/10/2020;4985/2020;5019/2020;Ordinário;01450;00303;21698-4;JVA SERVIÇOS MÉDICOS E DIAGNÓSTICOS EIRELI-EPP;6745.00;6745.00;0.00;6745.00
10.301.0022-2009;MANUTENÇÃO DOS POSTOS DE SAÚDE;30/10/2020;4915/2020;4997/2020;Ordinário;01360;00303;21708-5;PLANALTO CLEAN MATERIAIS DE LIMPEZA LTDA;1998.85;1998.85;0.00;1998.85
10.301.0022-2009;MANUTENÇÃO DOS POSTOS DE SAÚDE;30/10/2020;4916/2020;4998/2020;Ordinário;01360;00303;21708-5;PLANALTO CLEAN MATERIAIS DE LIMPEZA LTDA;2001.00;2001.00;0.00;2001.00
10.301.0022-2009;MANUTENÇÃO DOS POSTOS DE SAÚDE;30/10/2020;4917/2020;4999/2020;Ordinário;01360;00303;21708-5;PLANALTO CLEAN MATERIAIS DE LIMPEZA LTDA;3002.29;3002.29;0.00;3002.29
10.301.0022-2009;MANUTENÇÃO DOS POSTOS DE SAÚDE;30/10/2020;4918/2020;5000/2020;Ordinário;01360;00303;21708-5;PLANALTO CLEAN MATERIAIS DE LIMPEZA LTDA;3002.10;3002.10;0.00;3002.10
10.301.0022-2009;MANUTENÇÃO DOS POSTOS DE SAÚDE;30/10/2020;4919/2020;5001/2020;Ordinário;01360;00303;21708-5;PLANALTO CLEAN MATERIAIS DE LIMPEZA LTDA;4000.05;4000.05;0.00;4000.05
10.301.0022-2009;MANUTENÇÃO DOS POSTOS DE SAÚDE;30/10/2020;4920/2020;5002/2020;Ordinário;01360;00303;21708-5;PLANALTO CLEAN MATERIAIS DE LIMPEZA LTDA;4036.60;4036.60;0.00;4036.60
10.301.0022-2009;MANUTENÇÃO DOS POSTOS DE SAÚDE;30/10/2020;4921/2020;5003/2020;Ordinário;01360;00303;21708-5;PLANALTO CLEAN MATERIAIS DE LIMPEZA LTDA;2988.75;2988.75;0.00;2988.75
10.301.0022-2009;MANUTENÇÃO DOS POSTOS DE SAÚDE;30/10/2020;4922/2020;5004/2020;Ordinário;01360;00303;21708-5;PLANALTO CLEAN MATERIAIS DE LIMPEZA LTDA;8000.90;8000.90;0.00;8000.90
10.301.0022-2009;MANUTENÇÃO DOS POSTOS DE SAÚDE;26/11/2020;5397/2020;5412/2020;Ordinário;01380;01494;2482-1;FREIO STOP COMERCIO DE AUTO PEÇAS LTDA.;811.00;811.00;0.00;811.00
10.301.0022-2009;MANUTENÇÃO DOS POSTOS DE SAÚDE;02/12/2020;5675/2020;5421/2020;Ordinário;01450;00303;2481-3;ULTRACLIN DIAGNOSTICOS POR IMAGEM LTDA.;2430.00;2430.00;0.00;2430.00
10.301.0022-2009;MANUTENÇÃO DOS POSTOS DE SAÚDE;02/12/2020;5667/2020;5428/2020;Ordinário;01450;00303;2481-3;ULTRACLIN DIAGNOSTICOS POR IMAGEM LTDA.;2430.00;2430.00;0.00;2430.00
10.301.0022-2009;MANUTENÇÃO DOS POSTOS DE SAÚDE;02/12/2020;5672/2020;5422/2020;Ordinário;01450;00303;21698-4;JVA SERVIÇOS MÉDICOS E DIAGNÓSTICOS EIRELI-EPP;8495.00;8495.00;0.00;8495.00
10.301.0022-2009;MANUTENÇÃO DOS POSTOS DE SAÚDE;07/12/2020;5701/2020;5399/2020;Ordinário;01380;01494;22161-9;DISTRIBUIDORA DE MEDICAMENTOS BOEING EIRELI;7216.60;7216.60;0.00;7216.60
10.301.0022-2009;MANUTENÇÃO DOS POSTOS DE SAÚDE;22/12/2020;6033/2020;5390/2020;Ordinário;01380;01494;21644-5;PROMEFARMA MEDICAMENTOS E PRODUTOS HOSPITALARES LTDA;1463.35;1463.35;0.00;1463.35
10.301.0022-2009;MANUTENÇÃO DOS POSTOS DE SAÚDE;15/01/2021;119/2021;121/2021;Ordinário;01480;01494;21698-4;JVA SERVIÇOS MÉDICOS E DIAGNÓSTICOS EIRELI-EPP;4130.00;4130.00;0.00;4130.00
10.301.0022-2009;MANUTENÇÃO DOS POSTOS DE SAÚDE;01/02/2021;574/2021;414/2021;Ordinário;01410;00303;20847-7;KAREN CAROLINA GUSMÃO DE SOUZA;1404.69;1404.69;0.00;1404.69
10.301.0022-2009;MANUTENÇÃO DOS POSTOS DE SAÚDE;31/03/2021;1505/2021;1515/2021;Ordinário;01380;01494;20421-8;ALTERMED MATERIAL MEDICO HOSPITALAR LTDA;74.00;74.00;0.00;74.00
10.301.0022-2009;MANUTENÇÃO DOS POSTOS DE SAÚDE;31/03/2021;1506/2021;1516/2021;Ordinário;01380;01494;20421-8;ALTERMED MATERIAL MEDICO HOSPITALAR LTDA;74.00;74.00;0.00;74.00
10.301.0022-2009;MANUTENÇÃO DOS POSTOS DE SAÚDE;26/04/2021;1723/2021;1749/2021;Ordinário;01360;00303;21644-5;PROMEFARMA MEDICAMENTOS E PRODUTOS HOSPITALARES LTDA;264.00;264.00;0.00;264.00
10.301.0022-2009;MANUTENÇÃO DOS POSTOS DE SAÚDE;14/05/2021;2131/2021;1649/2021;Ordinário;01360;00303;21644-5;PROMEFARMA MEDICAMENTOS E PRODUTOS HOSPITALARES LTDA;822.00;822.00;0.00;822.00
10.301.0022-2009;MANUTENÇÃO DOS POSTOS DE SAÚDE;31/08/2021;3876/2021;3923/2021;Ordinário;01360;00303;19374-7;DAMASCO & DAMASCO LTDA;2106.73;2106.73;0.00;2106.73
10.301.0022-2009;MANUTENÇÃO DOS POSTOS DE SAÚDE;03/09/2021;4070/2021;3484/2021;Ordinário;01360;00303;22681-5;PRO-VIDA COMERCIO DE EQUIPAMENTOS LTDA;741.00;741.00;0.00;741.00
10.301.0022-2009;MANUTENÇÃO DOS POSTOS DE SAÚDE;20/09/2021;4424/2021;4111/2021;Ordinário;01380;01494;22699-8;CASINI PNEUS LTDA ME;1200.00;1200.00;0.00;1200.00
10.301.0022-2009;MANUTENÇÃO DOS POSTOS DE SAÚDE;25/04/2023;2502/2023;5129/2021;Ordinário;01360;00303;20295-9;RODO SERVICE LTDA;129.35;129.35;0.00;129.35
10.301.0025-1005;ESTRUTURAR A UNIDADE DE ATENDIMENTO ANITA CANET;17/08/2020;3526/2020;4431/2018;Ordinário;00870;00518;20434-0;EFETIVE PRODUTOS MEDICO HOSPOTALARES;6940.00;6940.00;0.00;6940.00
10.302.0010-2024;MANUTENÇÃO DO ATENDIMENTO QUALIFICADO ININTERRUPTO NO HOSPITAL;01/07/2022;4371/2022;4361/2022;Ordinário;01980;00303;2125-3;CALL ECG SERVIÇOS DE TELEMEDICINA LTDA.;27.00;27.00;0.00;27.00
10.302.0010-2024;MANUTENÇÃO DO ATENDIMENTO QUALIFICADO ININTERRUPTO NO HOSPITAL;18/07/2022;4580/2022;4520/2022;Ordinário;01880;00000;21644-5;PROMEFARMA MEDICAMENTOS E PRODUTOS HOSPITALARES LTDA;935.20;935.20;0.00;935.20
10.302.0010-2024;MANUTENÇÃO DO ATENDIMENTO QUALIFICADO ININTERRUPTO NO HOSPITAL;29/07/2022;4912/2022;3024/2022;Ordinário;01890;00303;22773-1;BACELAR & BACELAR LTDA;675.00;675.00;0.00;675.00
10.302.0010-2024;MANUTENÇÃO DO ATENDIMENTO QUALIFICADO ININTERRUPTO NO HOSPITAL;29/07/2022;4911/2022;4706/2022;Ordinário;01880;00000;22773-1;BACELAR & BACELAR LTDA;675.00;675.00;0.00;675.00
10.302.0010-2024;MANUTENÇÃO DO ATENDIMENTO QUALIFICADO ININTERRUPTO NO HOSPITAL;15/08/2022;5326/2022;3023/2022;Ordinário;01890;00303;22834-6;H. A. ERBE & CIA LTDA;2223.50;2223.50;0.00;2223.50
10.302.0010-2024;MANUTENÇÃO DO ATENDIMENTO QUALIFICADO ININTERRUPTO NO HOSPITAL;29/08/2022;5599/2022;2406/2022;Ordinário;01890;00303;22648-3;AZO PRODUTOS E SERVIÇOS LTDA;1111.55;1111.55;0.00;1111.55
10.302.0010-2024;MANUTENÇÃO DO ATENDIMENTO QUALIFICADO ININTERRUPTO NO HOSPITAL;21/09/2022;6236/2022;4523/2022;Ordinário;01900;00371;23089-8;MEDIGRAM COMERCIO DE MEDICAMENTOS LTDA;59.40;59.40;0.00;59.40
10.302.0010-2024;MANUTENÇÃO DO ATENDIMENTO QUALIFICADO ININTERRUPTO NO HOSPITAL;27/09/2022;6350/2022;4525/2022;Ordinário;01900;00371;23079-1;MAGNUS MED COMERCIO DE PRODUTOS HOSPITALARES E MEDICAMENTOS;422.10;422.10;0.00;422.10
10.302.0010-2024;MANUTENÇÃO DO ATENDIMENTO QUALIFICADO ININTERRUPTO NO HOSPITAL;28/10/2022;7066/2022;2406/2022;Ordinário;01890;00303;22648-3;AZO PRODUTOS E SERVIÇOS LTDA;1510.67;1510.67;0.00;1510.67
10.302.0010-2024;MANUTENÇÃO DO ATENDIMENTO QUALIFICADO ININTERRUPTO NO HOSPITAL;23/11/2022;7646/2022;6918/2022;Ordinário;01890;00303;23407-9;PLENA MEDICA HOSPITALAR EIRELI;43.92;43.92;0.00;43.92
10.302.0010-2024;MANUTENÇÃO DO ATENDIMENTO QUALIFICADO ININTERRUPTO NO HOSPITAL;30/11/2022;8003/2022;4520/2022;Ordinário;01880;00000;21644-5;PROMEFARMA MEDICAMENTOS E PRODUTOS HOSPITALARES LTDA;324.96;324.96;0.00;324.96
10.302.0010-2024;MANUTENÇÃO DO ATENDIMENTO QUALIFICADO ININTERRUPTO NO HOSPITAL;30/11/2022;7743/2022;7741/2022;Ordinário;01980;00303;18490-0;CHARLENE FABRI VITORINO 03654172970;0.60;0.60;0.00;0.60
10.302.0010-2024;MANUTENÇÃO DO ATENDIMENTO QUALIFICADO ININTERRUPTO NO HOSPITAL;20/12/2022;8378/2022;8045/2022;Ordinário;01900;00371;20421-8;ALTERMED MATERIAL MEDICO HOSPITALAR LTDA;168.20;168.20;0.00;168.20
10.302.0010-2024;MANUTENÇÃO DO ATENDIMENTO QUALIFICADO ININTERRUPTO NO HOSPITAL;20/12/2022;8385/2022;8050/2022;Ordinário;01900;00371;18385-7;NOROESTE MEDICAMENTOS - LTDA;688.50;688.50;0.00;688.50
10.302.0010-2024;MANUTENÇÃO DO ATENDIMENTO QUALIFICADO ININTERRUPTO NO HOSPITAL;20/12/2022;8384/2022;8051/2022;Ordinário;01900;00371;18385-7;NOROESTE MEDICAMENTOS - LTDA;161.50;161.50;0.00;161.50
10.302.0010-2024;MANUTENÇÃO DO ATENDIMENTO QUALIFICADO ININTERRUPTO NO HOSPITAL;20/12/2022;8386/2022;8056/2022;Ordinário;01900;00371;22672-6;SALVI E LOPES E CIA LTDA.;100.70;100.70;0.00;100.70
10.302.0010-2024;MANUTENÇÃO DO ATENDIMENTO QUALIFICADO ININTERRUPTO NO HOSPITAL;31/01/2023;274/2023;141/2023;Ordinário;01390;00303;22262-3;QUALLYS SAUDE SS LTDA;0.50;0.50;0.00;0.50
10.302.0010-2024;MANUTENÇÃO DO ATENDIMENTO QUALIFICADO ININTERRUPTO NO HOSPITAL;03/05/2023;2917/2023;3037/2023;Ordinário;01330;00303;18576-1;ROSELY DE MELO KUBIÇA;536.00;536.00;0.00;536.00
10.302.0010-2024;MANUTENÇÃO DO ATENDIMENTO QUALIFICADO ININTERRUPTO NO HOSPITAL;10/05/2023;2990/2023;2043/2023;Ordinário;01330;00303;23776-1;INSTALART MATERIAIS ELÉTRICOS LTDA;689.00;689.00;0.00;689.00
10.302.0010-2024;MANUTENÇÃO DO ATENDIMENTO QUALIFICADO ININTERRUPTO NO HOSPITAL;19/06/2023;3998/2023;3234/2023;Ordinário;01340;00371;20421-8;ALTERMED MATERIAL MEDICO HOSPITALAR LTDA;462.48;462.48;0.00;462.48
10.302.0010-2024;MANUTENÇÃO DO ATENDIMENTO QUALIFICADO ININTERRUPTO NO HOSPITAL;19/06/2023;3999/2023;3234/2023;Ordinário;01340;00371;20421-8;ALTERMED MATERIAL MEDICO HOSPITALAR LTDA;635.00;635.00;0.00;635.00
10.302.0010-2024;MANUTENÇÃO DO ATENDIMENTO QUALIFICADO ININTERRUPTO NO HOSPITAL;17/08/2023;5710/2023;5431/2023;Ordinário;01320;00000;24255-1;DDC COMERCIO DE PULSEIRAS HOSPITALARES LTDA;1498.00;1498.00;0.00;1498.00
10.302.0010-2024;MANUTENÇÃO DO ATENDIMENTO QUALIFICADO ININTERRUPTO NO HOSPITAL;29/09/2023;6981/2023;5703/2023;Ordinário;01350;00496;23384-6;SUELEN DAIANE KANIS;144.90;144.90;0.00;144.90
10.302.0010-2024;MANUTENÇÃO DO ATENDIMENTO QUALIFICADO ININTERRUPTO NO HOSPITAL;29/09/2023;7022/2023;7108/2023;Ordinário;01395;01064;1695-1;Municipio de Centenario do Sul;0.04;0.04;0.00;0.04
10.302.0010-2024;MANUTENÇÃO DO ATENDIMENTO QUALIFICADO ININTERRUPTO NO HOSPITAL;06/10/2023;7313/2023;4372/2023;Ordinário;01330;00303;23382-0;CRS DISTRIBUIDORA DE PRODUTOS EM GERAL LTDA;562.80;562.80;0.00;562.80
10.302.0010-2024;MANUTENÇÃO DO ATENDIMENTO QUALIFICADO ININTERRUPTO NO HOSPITAL;18/10/2023;7457/2023;4373/2023;Ordinário;01330;00303;23382-0;CRS DISTRIBUIDORA DE PRODUTOS EM GERAL LTDA;220.80;220.80;0.00;220.80
10.302.0010-2024;MANUTENÇÃO DO ATENDIMENTO QUALIFICADO ININTERRUPTO NO HOSPITAL;18/10/2023;7456/2023;7292/2023;Ordinário;01330;00303;23382-0;CRS DISTRIBUIDORA DE PRODUTOS EM GERAL LTDA;596.80;596.80;0.00;596.80
10.302.0010-2024;MANUTENÇÃO DO ATENDIMENTO QUALIFICADO ININTERRUPTO NO HOSPITAL;18/10/2023;7458/2023;7293/2023;Ordinário;01330;00303;23382-0;CRS DISTRIBUIDORA DE PRODUTOS EM GERAL LTDA;318.20;318.20;0.00;318.20
10.302.0010-2024;MANUTENÇÃO DO ATENDIMENTO QUALIFICADO ININTERRUPTO NO HOSPITAL;23/10/2023;7546/2023;7275/2023;Ordinário;01390;00303;24265-9;F.P. CLIMATIZAÇÃO DE AR CONDICIONADO LTDA;229.90;229.90;0.00;229.90
10.302.0010-2024;MANUTENÇÃO DO ATENDIMENTO QUALIFICADO ININTERRUPTO NO HOSPITAL;05/12/2023;8947/2023;5672/2023;Ordinário;01330;00303;21895-2;BELA KOMPRA DISTRIBUIDORA EIRELI;18.12;18.12;0.00;18.12
10.302.0010-2024;MANUTENÇÃO DO ATENDIMENTO QUALIFICADO ININTERRUPTO NO HOSPITAL;15/12/2023;9333/2023;9152/2023;Ordinário;01370;00303;22109-1;FLAVIA CRISTIANE CHAGAS;34.36;34.36;0.00;34.36
10.302.0010-2024;MANUTENÇÃO DO ATENDIMENTO QUALIFICADO ININTERRUPTO NO HOSPITAL;27/02/2024;1104/2024;1201/2024;Ordinário;01180;00303;24752-9;TAYANE FERNANDA DOMINGOS LAGO;280.00;280.00;0.00;280.00
10.302.0010-2024;MANUTENÇÃO DO ATENDIMENTO QUALIFICADO ININTERRUPTO NO HOSPITAL;05/04/2024;2554/2024;2407/2024;Ordinário;01190;00371;24422-8;AMB DISTRIBUIDORA DE MEDICAMENTOS E PRODUTOS HOSPITALARES LTDA;9095.85;9095.85;0.00;9095.85
10.302.0010-2024;MANUTENÇÃO DO ATENDIMENTO QUALIFICADO ININTERRUPTO NO HOSPITAL;15/04/2024;2706/2024;2857/2024;Ordinário;01220;00303;21090-1;DANIELLE ANTONIO;0.80;0.80;0.00;0.80
10.302.0010-2024;MANUTENÇÃO DO ATENDIMENTO QUALIFICADO ININTERRUPTO NO HOSPITAL;22/04/2024;2839/2024;2995/2024;Ordinário;01270;00496;2125-3;CALL ECG SERVIÇOS DE TELEMEDICINA LTDA.;890.00;890.00;0.00;890.00
10.302.0010-2024;MANUTENÇÃO DO ATENDIMENTO QUALIFICADO ININTERRUPTO NO HOSPITAL;24/04/2024;3118/2024;932/2024;Ordinário;01190;00371;23378-1;DAVOS COMERCIO DE EMBALAGENS EIRELI;5517.60;5517.60;0.00;5517.60
10.302.0010-2024;MANUTENÇÃO DO ATENDIMENTO QUALIFICADO ININTERRUPTO NO HOSPITAL;24/04/2024;3115/2024;933/2024;Ordinário;01190;00371;25339-1;ALPHA MIX DISTRIBUIDORA LTDA;933.00;933.00;0.00;933.00
10.302.0010-2024;MANUTENÇÃO DO ATENDIMENTO QUALIFICADO ININTERRUPTO NO HOSPITAL;08/05/2024;3398/2024;1792/2024;Ordinário;01260;00371;22169-4;EUGENIO & MARQUES LTDA;990.00;990.00;0.00;990.00
10.302.0010-2024;MANUTENÇÃO DO ATENDIMENTO QUALIFICADO ININTERRUPTO NO HOSPITAL;20/06/2024;4717/2024;1216/2024;Ordinário;01190;00371;25339-1;ALPHA MIX DISTRIBUIDORA LTDA;2938.00;2938.00;0.00;2938.00
10.302.0010-2024;MANUTENÇÃO DO ATENDIMENTO QUALIFICADO ININTERRUPTO NO HOSPITAL;21/06/2024;4799/2024;931/2024;Ordinário;01190;00371;24730-8;LOJA LOU ART LTDA;350.00;350.00;0.00;350.00
10.302.0010-2024;MANUTENÇÃO DO ATENDIMENTO QUALIFICADO ININTERRUPTO NO HOSPITAL;23/07/2024;5654/2024;1707/2024;Ordinário;01190;00371;25294-8;MERCO SOLUCOES EM SAUDE S/A;695.00;695.00;0.00;695.00
10.302.0010-2024;MANUTENÇÃO DO ATENDIMENTO QUALIFICADO ININTERRUPTO NO HOSPITAL;23/07/2024;5657/2024;1711/2024;Ordinário;01190;00371;25307-3;SULMEDIC COMÉRCIO DE MEDICAMENTOS LTDA;792.00;792.00;0.00;792.00
10.302.0010-2024;MANUTENÇÃO DO ATENDIMENTO QUALIFICADO ININTERRUPTO NO HOSPITAL;31/07/2024;6003/2024;5935/2024;Ordinário;01180;00303;25817-2;UP EXPRESS UNIFORMES PARANÁ;1575.00;1575.00;0.00;1575.00
10.302.0010-2024;MANUTENÇÃO DO ATENDIMENTO QUALIFICADO ININTERRUPTO NO HOSPITAL;13/08/2024;6299/2024;6362/2024;Ordinário;01180;00303;25902-1;CARDOSO KF COMERCIO DE MATERIAL HIDRAULICO ELETRONICO E;118.50;118.50;0.00;118.50
10.302.0010-2024;MANUTENÇÃO DO ATENDIMENTO QUALIFICADO ININTERRUPTO NO HOSPITAL;13/08/2024;6298/2024;6361/2024;Ordinário;01330;00303;25902-1;CARDOSO KF COMERCIO DE MATERIAL HIDRAULICO ELETRONICO E;414.50;414.50;0.00;414.50
10.302.0010-2024;MANUTENÇÃO DO ATENDIMENTO QUALIFICADO ININTERRUPTO NO HOSPITAL;11/09/2024;7178/2024;5357/2024;Ordinário;01180;00303;19777-7;RM EQUIPAMENTOS HOSPITALAR LTDA.;390.00;390.00;0.00;390.00
10.302.0010-2024;MANUTENÇÃO DO ATENDIMENTO QUALIFICADO ININTERRUPTO NO HOSPITAL;12/09/2024;7188/2024;7158/2024;Ordinário;01180;00303;19777-7;RM EQUIPAMENTOS HOSPITALAR LTDA.;630.00;630.00;0.00;630.00
10.302.0010-2024;MANUTENÇÃO DO ATENDIMENTO QUALIFICADO ININTERRUPTO NO HOSPITAL;12/09/2024;7190/2024;7159/2024;Ordinário;01250;00303;19777-7;RM EQUIPAMENTOS HOSPITALAR LTDA.;350.00;350.00;0.00;350.00
10.302.0010-2024;MANUTENÇÃO DO ATENDIMENTO QUALIFICADO ININTERRUPTO NO HOSPITAL;21/10/2024;8091/2024;5751/2024;Ordinário;01250;00303;22169-4;EUGENIO & MARQUES LTDA;1000.00;1000.00;0.00;1000.00
10.302.0010-2024;MANUTENÇÃO DO ATENDIMENTO QUALIFICADO ININTERRUPTO NO HOSPITAL;30/10/2024;8423/2024;8177/2024;Ordinário;01170;00000;572-0;BONIN & FURLANETO LTDA;518.70;518.70;0.00;518.70
10.302.0010-2024;MANUTENÇÃO DO ATENDIMENTO QUALIFICADO ININTERRUPTO NO HOSPITAL;30/10/2024;8422/2024;8178/2024;Ordinário;01170;00000;572-0;BONIN & FURLANETO LTDA;473.20;473.20;0.00;473.20
10.302.0010-2024;MANUTENÇÃO DO ATENDIMENTO QUALIFICADO ININTERRUPTO NO HOSPITAL;31/10/2024;8530/2024;1692/2024;Ordinário;01190;00371;23096-1;COMERCIAL MARK ATACADISTA LTDA;1089.00;1089.00;0.00;1089.00
10.302.0010-2024;MANUTENÇÃO DO ATENDIMENTO QUALIFICADO ININTERRUPTO NO HOSPITAL;31/10/2024;8527/2024;1709/2024;Ordinário;01190;00371;21644-5;PROMEFARMA MEDICAMENTOS E PRODUTOS HOSPITALARES LTDA;389.44;389.44;0.00;389.44
10.302.0010-2024;MANUTENÇÃO DO ATENDIMENTO QUALIFICADO ININTERRUPTO NO HOSPITAL;31/10/2024;8529/2024;1780/2024;Ordinário;01190;00371;22515-1;SAMUEL PASIM DO NASCIMENTO 06679737966;288.02;288.02;0.00;288.02
10.302.0010-2024;MANUTENÇÃO DO ATENDIMENTO QUALIFICADO ININTERRUPTO NO HOSPITAL;08/11/2024;8713/2024;8708/2024;Ordinário;01220;00303;1980-1;MARCELO PIMENTA MOTA;1412.00;1412.00;0.00;1412.00
10.302.0010-2024;MANUTENÇÃO DO ATENDIMENTO QUALIFICADO ININTERRUPTO NO HOSPITAL;09/12/2024;9348/2024;9354/2024;Ordinário;01236;01064;25728-1;JANAINA MICHELLY BIAGI;0.70;0.70;0.00;0.70
10.302.0010-2024;MANUTENÇÃO DO ATENDIMENTO QUALIFICADO ININTERRUPTO NO HOSPITAL;18/12/2024;9770/2024;9719/2024;Ordinário;01271;11494;2125-3;CALL ECG SERVIÇOS DE TELEMEDICINA LTDA.;890.00;890.00;0.00;890.00
10.302.0010-2024;MANUTENÇÃO DO ATENDIMENTO QUALIFICADO ININTERRUPTO NO HOSPITAL;18/12/2024;9781/2024;9717/2024;Ordinário;01271;11494;22169-4;EUGENIO & MARQUES LTDA;1000.00;1000.00;0.00;1000.00
10.302.0010-2024;MANUTENÇÃO DO ATENDIMENTO QUALIFICADO ININTERRUPTO NO HOSPITAL;10/02/2025;697/2025;720/2025;Ordinário;01460;00000;25728-1;JANAINA MICHELLY BIAGI;134.62;134.62;0.00;134.62
10.302.0010-2024;MANUTENÇÃO DO ATENDIMENTO QUALIFICADO ININTERRUPTO NO HOSPITAL;29/04/2025;2684/2025;8493/2024;Ordinário;01240;00000;22169-4;EUGENIO & MARQUES LTDA;1000.00;1000.00;0.00;1000.00
10.302.0010-2024;MANUTENÇÃO DO ATENDIMENTO QUALIFICADO ININTERRUPTO NO HOSPITAL;28/05/2025;3177/2025;8493/2024;Ordinário;01240;00000;22169-4;EUGENIO & MARQUES LTDA;1000.00;1000.00;0.00;1000.00
10.302.0010-2024;MANUTENÇÃO DO ATENDIMENTO QUALIFICADO ININTERRUPTO NO HOSPITAL;28/05/2025;3178/2025;8493/2024;Ordinário;01240;00000;22169-4;EUGENIO & MARQUES LTDA;1000.00;1000.00;0.00;1000.00
10.302.0010-2024;MANUTENÇÃO DO ATENDIMENTO QUALIFICADO ININTERRUPTO NO HOSPITAL;30/06/2025;4003/2025;3988/2025;Ordinário;01420;00371;22040-0;MARYMED DISTRIBUIDORA DE MEDICAMENTOS E CORRELATOS EIRELI ME;0.40;0.40;0.00;0.40
10.302.0010-2024;MANUTENÇÃO DO ATENDIMENTO QUALIFICADO ININTERRUPTO NO HOSPITAL;11/09/2025;5515/2025;5474/2025;Ordinário;01453;11494;25815-6;GILMAR ABRIL;3.96;3.96;0.00;3.96
10.302.0010-2024;MANUTENÇÃO DO ATENDIMENTO QUALIFICADO ININTERRUPTO NO HOSPITAL;15/12/2025;7539/2025;7391/2025;Ordinário;01510;00303;2125-3;CALL ECG SERVIÇOS DE TELEMEDICINA LTDA.;550.27;550.27;0.00;550.27
10.302.0010-2024;MANUTENÇÃO DO ATENDIMENTO QUALIFICADO ININTERRUPTO NO HOSPITAL;18/12/2025;7638/2025;7488/2025;Ordinário;01500;00000;21174-5;OMS AMBIENTAL EIRELI;1190.00;1190.00;0.00;1190.00
10.302.0012-2021;MANUTENÇÃO DO ATENDIMENTO NA UNIDADE BÁSICA - SAMU;07/08/2024;6172/2024;5712/2024;Ordinário;01380;01494;21983-5;ALAN VICENTIN 04662879922;140.00;140.00;0.00;140.00
10.302.0020-2008;MANUTENÇÃO DO ATENDIMENTO QUALIFICADO ININTERRUPTO NO HOSPITAL;21/02/2020;840/2020;797/2020;Ordinário;01800;00303;18689-9;A M MENDES - ACESSORIOS;1596.00;1596.00;0.00;1596.00
10.302.0020-2008;MANUTENÇÃO DO ATENDIMENTO QUALIFICADO ININTERRUPTO NO HOSPITAL;31/07/2020;3165/2020;3092/2020;Ordinário;01800;00303;2338-8;J. C. M. COSTA & CIA LTDA;1290.80;1290.80;0.00;1290.80
10.302.0020-2008;MANUTENÇÃO DO ATENDIMENTO QUALIFICADO ININTERRUPTO NO HOSPITAL;04/09/2020;3904/2020;3959/2020;Ordinário;01870;00303;21000-5;MEDIC TEC AMBIENTAL LTDA - EPP;1030.00;1030.00;0.00;1030.00
10.302.0020-2008;MANUTENÇÃO DO ATENDIMENTO QUALIFICADO ININTERRUPTO NO HOSPITAL;23/09/2020;4186/2020;4114/2020;Ordinário;01800;00303;2338-8;J. C. M. COSTA & CIA LTDA;2431.80;2431.80;0.00;2431.80
10.302.0020-2008;MANUTENÇÃO DO ATENDIMENTO QUALIFICADO ININTERRUPTO NO HOSPITAL;15/10/2020;4568/2020;4622/2020;Ordinário;01870;00303;20350-5;LORENÇO PIRES CORREIA NETO;300.00;300.00;0.00;300.00
10.302.0020-2008;MANUTENÇÃO DO ATENDIMENTO QUALIFICADO ININTERRUPTO NO HOSPITAL;16/10/2020;4588/2020;4572/2020;Ordinário;01800;00303;2338-8;J. C. M. COSTA & CIA LTDA;2359.90;2359.90;0.00;2359.90
10.302.0020-2008;MANUTENÇÃO DO ATENDIMENTO QUALIFICADO ININTERRUPTO NO HOSPITAL;16/10/2020;4587/2020;4571/2020;Ordinário;01800;00303;2338-8;J. C. M. COSTA & CIA LTDA;353.10;353.10;0.00;353.10
10.302.0020-2008;MANUTENÇÃO DO ATENDIMENTO QUALIFICADO ININTERRUPTO NO HOSPITAL;29/10/2020;4766/2020;809/2020;Ordinário;01800;00303;20209-6;WP DO BRASIL LTDA EPP;1591.00;1591.00;0.00;1591.00
10.302.0020-2008;MANUTENÇÃO DO ATENDIMENTO QUALIFICADO ININTERRUPTO NO HOSPITAL;17/11/2020;5251/2020;5089/2020;Ordinário;01800;00303;2338-8;J. C. M. COSTA & CIA LTDA;2123.00;2123.00;0.00;2123.00
10.302.0020-2008;MANUTENÇÃO DO ATENDIMENTO QUALIFICADO ININTERRUPTO NO HOSPITAL;17/11/2020;5250/2020;5090/2020;Ordinário;01800;00303;2338-8;J. C. M. COSTA & CIA LTDA;90.00;90.00;0.00;90.00
10.302.0020-2008;MANUTENÇÃO DO ATENDIMENTO QUALIFICADO ININTERRUPTO NO HOSPITAL;04/12/2020;5686/2020;5370/2020;Ordinário;01800;00303;2338-8;J. C. M. COSTA & CIA LTDA;101.40;101.40;0.00;101.40
10.302.0020-2008;MANUTENÇÃO DO ATENDIMENTO QUALIFICADO ININTERRUPTO NO HOSPITAL;04/12/2020;5687/2020;5369/2020;Ordinário;01800;00303;2338-8;J. C. M. COSTA & CIA LTDA;5631.35;5631.35;0.00;5631.35
10.302.0020-2008;MANUTENÇÃO DO ATENDIMENTO QUALIFICADO ININTERRUPTO NO HOSPITAL;17/02/2021;732/2021;95/2021;Ordinário;01800;00303;2338-8;J. C. M. COSTA & CIA LTDA;3039.20;3039.20;0.00;3039.20
10.302.0020-2008;MANUTENÇÃO DO ATENDIMENTO QUALIFICADO ININTERRUPTO NO HOSPITAL;17/02/2021;734/2021;96/2021;Ordinário;01800;00303;2338-8;J. C. M. COSTA & CIA LTDA;3084.55;3084.55;0.00;3084.55
10.302.0020-2008;MANUTENÇÃO DO ATENDIMENTO QUALIFICADO ININTERRUPTO NO HOSPITAL;02/03/2021;1120/2021;62/2021;Ordinário;01800;00303;21644-5;PROMEFARMA MEDICAMENTOS E PRODUTOS HOSPITALARES LTDA;2657.42;2657.42;0.00;2657.42
10.302.0020-2008;MANUTENÇÃO DO ATENDIMENTO QUALIFICADO ININTERRUPTO NO HOSPITAL;29/03/2021;1283/2021;56/2021;Ordinário;01800;00303;22286-1;MULTIHOSP COMERCIAL DE PRODUTOS HOSPITALARES LTDA;1518.00;1518.00;0.00;1518.00
10.302.0020-2008;MANUTENÇÃO DO ATENDIMENTO QUALIFICADO ININTERRUPTO NO HOSPITAL;31/03/2021;1337/2021;673/2021;Ordinário;01800;00303;22286-1;MULTIHOSP COMERCIAL DE PRODUTOS HOSPITALARES LTDA;257.12;257.12;0.00;257.12
10.302.0020-2008;MANUTENÇÃO DO ATENDIMENTO QUALIFICADO ININTERRUPTO NO HOSPITAL;31/03/2021;1338/2021;672/2021;Ordinário;01800;00303;22286-1;MULTIHOSP COMERCIAL DE PRODUTOS HOSPITALARES LTDA;3499.00;3499.00;0.00;3499.00
10.302.0020-2008;MANUTENÇÃO DO ATENDIMENTO QUALIFICADO ININTERRUPTO NO HOSPITAL;01/04/2021;1570/2021;663/2021;Ordinário;01800;00303;22286-1;MULTIHOSP COMERCIAL DE PRODUTOS HOSPITALARES LTDA;3499.00;3499.00;0.00;3499.00
10.302.0020-2008;MANUTENÇÃO DO ATENDIMENTO QUALIFICADO ININTERRUPTO NO HOSPITAL;01/04/2021;1568/2021;1158/2021;Ordinário;01800;00303;22161-9;DISTRIBUIDORA DE MEDICAMENTOS BOEING EIRELI;9344.00;9344.00;0.00;9344.00
10.302.0020-2008;MANUTENÇÃO DO ATENDIMENTO QUALIFICADO ININTERRUPTO NO HOSPITAL;06/04/2021;1583/2021;1142/2021;Ordinário;01800;00303;21644-5;PROMEFARMA MEDICAMENTOS E PRODUTOS HOSPITALARES LTDA;2982.00;2982.00;0.00;2982.00
10.302.0020-2008;MANUTENÇÃO DO ATENDIMENTO QUALIFICADO ININTERRUPTO NO HOSPITAL;08/04/2021;1614/2021;62/2021;Ordinário;01800;00303;21644-5;PROMEFARMA MEDICAMENTOS E PRODUTOS HOSPITALARES LTDA;79.06;79.06;0.00;79.06
10.302.0020-2008;MANUTENÇÃO DO ATENDIMENTO QUALIFICADO ININTERRUPTO NO HOSPITAL;08/04/2021;1608/2021;666/2021;Ordinário;01800;00303;21644-5;PROMEFARMA MEDICAMENTOS E PRODUTOS HOSPITALARES LTDA;2752.98;2752.98;0.00;2752.98
10.302.0020-2008;MANUTENÇÃO DO ATENDIMENTO QUALIFICADO ININTERRUPTO NO HOSPITAL;13/04/2021;1643/2021;666/2021;Ordinário;01800;00303;21644-5;PROMEFARMA MEDICAMENTOS E PRODUTOS HOSPITALARES LTDA;176.56;176.56;0.00;176.56
10.302.0020-2008;MANUTENÇÃO DO ATENDIMENTO QUALIFICADO ININTERRUPTO NO HOSPITAL;14/04/2021;1647/2021;1146/2021;Ordinário;01800;00303;22286-1;MULTIHOSP COMERCIAL DE PRODUTOS HOSPITALARES LTDA;3499.00;3499.00;0.00;3499.00
10.302.0020-2008;MANUTENÇÃO DO ATENDIMENTO QUALIFICADO ININTERRUPTO NO HOSPITAL;26/04/2021;1732/2021;1758/2021;Ordinário;01870;00303;21000-5;MEDIC TEC AMBIENTAL LTDA - EPP;1400.00;1400.00;0.00;1400.00
10.302.0020-2008;MANUTENÇÃO DO ATENDIMENTO QUALIFICADO ININTERRUPTO NO HOSPITAL;26/04/2021;1735/2021;1665/2021;Ordinário;01800;00303;21644-5;PROMEFARMA MEDICAMENTOS E PRODUTOS HOSPITALARES LTDA;152.50;152.50;0.00;152.50
10.302.0020-2008;MANUTENÇÃO DO ATENDIMENTO QUALIFICADO ININTERRUPTO NO HOSPITAL;27/04/2021;1759/2021;662/2021;Ordinário;01800;00303;22286-1;MULTIHOSP COMERCIAL DE PRODUTOS HOSPITALARES LTDA;717.32;717.32;0.00;717.32
10.302.0020-2008;MANUTENÇÃO DO ATENDIMENTO QUALIFICADO ININTERRUPTO NO HOSPITAL;06/05/2021;2044/2021;2078/2021;Ordinário;01870;00303;21000-5;MEDIC TEC AMBIENTAL LTDA - EPP;1400.00;1400.00;0.00;1400.00
10.302.0020-2008;MANUTENÇÃO DO ATENDIMENTO QUALIFICADO ININTERRUPTO NO HOSPITAL;11/05/2021;2108/2021;1142/2021;Ordinário;01800;00303;21644-5;PROMEFARMA MEDICAMENTOS E PRODUTOS HOSPITALARES LTDA;305.00;305.00;0.00;305.00
10.302.0020-2008;MANUTENÇÃO DO ATENDIMENTO QUALIFICADO ININTERRUPTO NO HOSPITAL;14/05/2021;2130/2021;1645/2021;Ordinário;01800;00303;21644-5;PROMEFARMA MEDICAMENTOS E PRODUTOS HOSPITALARES LTDA;3313.00;3313.00;0.00;3313.00
10.302.0020-2008;MANUTENÇÃO DO ATENDIMENTO QUALIFICADO ININTERRUPTO NO HOSPITAL;17/05/2021;2137/2021;1651/2021;Ordinário;01800;00303;22161-9;DISTRIBUIDORA DE MEDICAMENTOS BOEING EIRELI;4787.00;4787.00;0.00;4787.00
10.302.0020-2008;MANUTENÇÃO DO ATENDIMENTO QUALIFICADO ININTERRUPTO NO HOSPITAL;26/05/2021;2267/2021;1643/2021;Ordinário;01800;00303;22286-1;MULTIHOSP COMERCIAL DE PRODUTOS HOSPITALARES LTDA;101.70;101.70;0.00;101.70
10.302.0020-2008;MANUTENÇÃO DO ATENDIMENTO QUALIFICADO ININTERRUPTO NO HOSPITAL;26/05/2021;2264/2021;1147/2021;Ordinário;01800;00303;20421-8;ALTERMED MATERIAL MEDICO HOSPITALAR LTDA;38.56;38.56;0.00;38.56
10.302.0020-2008;MANUTENÇÃO DO ATENDIMENTO QUALIFICADO ININTERRUPTO NO HOSPITAL;26/05/2021;2223/2021;1645/2021;Ordinário;01800;00303;21644-5;PROMEFARMA MEDICAMENTOS E PRODUTOS HOSPITALARES LTDA;598.00;598.00;0.00;598.00
10.302.0020-2008;MANUTENÇÃO DO ATENDIMENTO QUALIFICADO ININTERRUPTO NO HOSPITAL;26/05/2021;2263/2021;1647/2021;Ordinário;01800;00303;20421-8;ALTERMED MATERIAL MEDICO HOSPITALAR LTDA;46.00;46.00;0.00;46.00
10.302.0020-2008;MANUTENÇÃO DO ATENDIMENTO QUALIFICADO ININTERRUPTO NO HOSPITAL;14/06/2021;2589/2021;1645/2021;Ordinário;01800;00303;21644-5;PROMEFARMA MEDICAMENTOS E PRODUTOS HOSPITALARES LTDA;236.61;236.61;0.00;236.61
10.302.0020-2008;MANUTENÇÃO DO ATENDIMENTO QUALIFICADO ININTERRUPTO NO HOSPITAL;28/06/2021;2755/2021;2685/2021;Ordinário;01800;00303;19145-1;AWR DISTRIBUIDORA DE PRODUTOS HOSPITALARES LTDA;0.60;0.60;0.00;0.60
10.302.0020-2008;MANUTENÇÃO DO ATENDIMENTO QUALIFICADO ININTERRUPTO NO HOSPITAL;06/07/2021;2995/2021;3014/2021;Ordinário;01870;00303;21000-5;MEDIC TEC AMBIENTAL LTDA - EPP;1400.00;1400.00;0.00;1400.00
10.302.0020-2008;MANUTENÇÃO DO ATENDIMENTO QUALIFICADO ININTERRUPTO NO HOSPITAL;07/07/2021;3023/2021;2748/2021;Ordinário;01800;00303;21644-5;PROMEFARMA MEDICAMENTOS E PRODUTOS HOSPITALARES LTDA;977.50;977.50;0.00;977.50
10.302.0020-2008;MANUTENÇÃO DO ATENDIMENTO QUALIFICADO ININTERRUPTO NO HOSPITAL;09/07/2021;3054/2021;2748/2021;Ordinário;01800;00303;21644-5;PROMEFARMA MEDICAMENTOS E PRODUTOS HOSPITALARES LTDA;299.00;299.00;0.00;299.00
10.302.0020-2008;MANUTENÇÃO DO ATENDIMENTO QUALIFICADO ININTERRUPTO NO HOSPITAL;30/07/2021;3330/2021;3021/2021;Ordinário;01800;00303;21644-5;PROMEFARMA MEDICAMENTOS E PRODUTOS HOSPITALARES LTDA;1326.00;1326.00;0.00;1326.00
10.302.0020-2008;MANUTENÇÃO DO ATENDIMENTO QUALIFICADO ININTERRUPTO NO HOSPITAL;15/09/2021;4332/2021;4390/2021;Ordinário;01880;00496;19262-7;FUNDO MUNICIPAL DE SAÚDE DE LONDRINA;12342.78;12342.78;0.00;12342.78
10.302.0020-2008;MANUTENÇÃO DO ATENDIMENTO QUALIFICADO ININTERRUPTO NO HOSPITAL;05/10/2021;4789/2021;4474/2021;Ordinário;01800;00303;22681-5;PRO-VIDA COMERCIO DE EQUIPAMENTOS LTDA;1453.00;1453.00;0.00;1453.00
10.302.0020-2008;MANUTENÇÃO DO ATENDIMENTO QUALIFICADO ININTERRUPTO NO HOSPITAL;18/10/2021;4918/2021;4954/2021;Ordinário;01840;00303;1980-1;MARCELO PIMENTA MOTA;1100.00;1100.00;0.00;1100.00
10.302.0020-2008;MANUTENÇÃO DO ATENDIMENTO QUALIFICADO ININTERRUPTO NO HOSPITAL;22/10/2021;5104/2021;5149/2021;Ordinário;01870;00303;19262-7;FUNDO MUNICIPAL DE SAÚDE DE LONDRINA;6171.39;6171.39;0.00;6171.39
10.302.0020-2008;MANUTENÇÃO DO ATENDIMENTO QUALIFICADO ININTERRUPTO NO HOSPITAL;01/11/2021;5383/2021;4505/2021;Ordinário;01800;00303;21651-8;COLIBRI PAPEIS LTDA;1939.90;1939.90;0.00;1939.90
10.302.0020-2008;MANUTENÇÃO DO ATENDIMENTO QUALIFICADO ININTERRUPTO NO HOSPITAL;17/11/2021;5639/2021;5373/2021;Ordinário;01800;00303;22782-0;PRIMUS MAGAZINE LTDA;426.26;426.26;0.00;426.26
10.302.0020-2008;MANUTENÇÃO DO ATENDIMENTO QUALIFICADO ININTERRUPTO NO HOSPITAL;29/11/2021;5890/2021;5506/2021;Ordinário;01800;00303;22681-5;PRO-VIDA COMERCIO DE EQUIPAMENTOS LTDA;1453.00;1453.00;0.00;1453.00
10.302.0020-2008;MANUTENÇÃO DO ATENDIMENTO QUALIFICADO ININTERRUPTO NO HOSPITAL;01/12/2021;6165/2021;5678/2021;Ordinário;01800;00303;22782-0;PRIMUS MAGAZINE LTDA;860.10;860.10;0.00;860.10
10.302.0020-2008;MANUTENÇÃO DO ATENDIMENTO QUALIFICADO ININTERRUPTO NO HOSPITAL;03/02/2022;566/2022;5840/2021;Ordinário;01800;00303;22681-5;PRO-VIDA COMERCIO DE EQUIPAMENTOS LTDA;817.00;817.00;0.00;817.00
10.302.0020-2008;MANUTENÇÃO DO ATENDIMENTO QUALIFICADO ININTERRUPTO NO HOSPITAL;11/02/2022;728/2022;5840/2021;Ordinário;01800;00303;22681-5;PRO-VIDA COMERCIO DE EQUIPAMENTOS LTDA;636.00;636.00;0.00;636.00
10.303.0015-2078;FORNECIMENTO DE MEDICAMENTOS;31/10/2024;8532/2024;1132/2024;Ordinário;01400;00303;24394-9;LUMANN DISTRIBUIDORA DE MEDICAMENTOS LTDA - EPP;1490.00;1490.00;0.00;1490.00
10.304.0014-1017;ESTRUTURAR VIGILÂNCIA SANITÁRIA;04/09/2023;6270/2023;5667/2023;Ordinário;01505;00496;24331-1;BELLINEA IND E COM DE MOVEIS LTDA;399.00;399.00;0.00;399.00
10.304.0014-2025;MANUTENÇAO DOS SERVIÇOS DE SAÚDE - VIGILANCIA SANITÁRIA;30/09/2025;5990/2025;5927/2025;Ordinário;01670;01494;87-6;ARNALDO ZAMBERLAN TOMASI;711.65;711.65;711.65;0.00
08.243.0016-2026;MANUTENÇÃO DO CONSELHO TUTELAR;15/01/2024;245/2024;284/2024;Ordinário;01520;00000;20837-0;BRUNA MARTINS DA SILVA;3108.41;3108.41;3108.41;0.00
08.243.0016-2026;MANUTENÇÃO DO CONSELHO TUTELAR;15/01/2024;243/2024;282/2024;Ordinário;01520;00000;22412-0;REGINALDO FERREIRA ALVES;3321.13;3321.13;3321.13;0.00
08.243.0016-2026;MANUTENÇÃO DO CONSELHO TUTELAR;15/01/2024;244/2024;283/2024;Ordinário;01520;00000;18657-1;JOSNEILE FERREIRA RIBEIRO;3108.41;3108.41;3108.41;0.00
08.243.0016-2026;MANUTENÇÃO DO CONSELHO TUTELAR;15/01/2024;241/2024;280/2024;Ordinário;01520;00000;20258-4;FRANCIELLE PIZZE APOLONIO;5235.58;5235.58;5235.58;0.00
08.243.0016-2026;MANUTENÇÃO DO CONSELHO TUTELAR;15/01/2024;242/2024;281/2024;Ordinário;01520;00000;20659-8;TAIRA TAISA AZEVEDO;3602.75;3602.75;3602.75;0.00
08.244.0016-2027;MANUTENÇÃO DA SECRETARIA MUNICIPAL DE ASSISTÊNCIA SOCIAL;18/07/2023;4846/2023;4903/2023;Ordinário;01680;00000;50-7;COPEL DISTRIBUICAO S.A.;217.86;217.86;0.00;217.86
08.244.0016-2027;MANUTENÇÃO DA SECRETARIA MUNICIPAL DE ASSISTÊNCIA SOCIAL;18/09/2023;6617/2023;6658/2023;Ordinário;01680;00000;50-7;COPEL DISTRIBUICAO S.A.;196.71;196.71;0.00;196.71
08.244.0016-2027;MANUTENÇÃO DA SECRETARIA MUNICIPAL DE ASSISTÊNCIA SOCIAL;24/10/2023;7554/2023;7590/2023;Ordinário;01680;00000;50-7;COPEL DISTRIBUICAO S.A.;184.24;184.24;0.00;184.24
08.244.0016-2027;MANUTENÇÃO DA SECRETARIA MUNICIPAL DE ASSISTÊNCIA SOCIAL;19/12/2023;9572/2023;9458/2023;Ordinário;01680;00000;50-7;COPEL DISTRIBUICAO S.A.;197.00;197.00;0.00;197.00
08.244.0016-2027;MANUTENÇÃO DA SECRETARIA MUNICIPAL DE ASSISTÊNCIA SOCIAL;28/05/2024;4065/2024;4178/2024;Ordinário;01610;00000;1351-0;FUNDO MUNICIPAL DE ASSISTENCIA SOCIAL;1756.09;1756.09;0.00;1756.09
08.244.0018-2030;MANUTENÇÃO DA COZINHA POPULAR COMUNITÁRIA;16/03/2022;1488/2022;802/2022;Ordinário;02500;00000;22800-1;ROSEMEIRE GORKS ROUTULO;1488.00;1488.00;0.00;1488.00
08.244.0018-2030;MANUTENÇÃO DA COZINHA POPULAR COMUNITÁRIA;18/07/2023;4845/2023;4904/2023;Ordinário;01790;00000;50-7;COPEL DISTRIBUICAO S.A.;193.96;193.96;0.00;193.96
08.244.0018-2030;MANUTENÇÃO DA COZINHA POPULAR COMUNITÁRIA;18/09/2023;6616/2023;6659/2023;Ordinário;01790;00000;50-7;COPEL DISTRIBUICAO S.A.;203.23;203.23;0.00;203.23
08.244.0018-2030;MANUTENÇÃO DA COZINHA POPULAR COMUNITÁRIA;24/10/2023;7557/2023;7591/2023;Ordinário;01790;00000;50-7;COPEL DISTRIBUICAO S.A.;203.52;203.52;0.00;203.52
08.244.0018-2030;MANUTENÇÃO DA COZINHA POPULAR COMUNITÁRIA;19/12/2023;9573/2023;9459/2023;Ordinário;01790;00000;50-7;COPEL DISTRIBUICAO S.A.;192.92;192.92;0.00;192.92
08.244.0018-2030;MANUTENÇÃO DA COZINHA POPULAR COMUNITÁRIA;13/03/2024;1777/2024;4189/2023;Ordinário;01770;00000;22552-5;DISFRIMAR DISTRIBUIDORA EIRELI;204.70;204.70;0.00;204.70
08.244.0018-2030;MANUTENÇÃO DA COZINHA POPULAR COMUNITÁRIA;26/04/2024;3136/2024;4189/2023;Ordinário;01770;00000;22552-5;DISFRIMAR DISTRIBUIDORA EIRELI;204.70;204.70;0.00;204.70
08.244.0036-2080;MANUTENÇÃO DA COZINHA POPULAR COMUNITÁRIA;30/11/2020;5419/2020;4573/2020;Ordinário;02340;00000;2338-8;J. C. M. COSTA & CIA LTDA;5023.00;5023.00;0.00;5023.00
08.244.0036-2080;MANUTENÇÃO DA COZINHA POPULAR COMUNITÁRIA;27/02/2021;1081/2021;361/2021;Ordinário;02340;00000;2338-8;J. C. M. COSTA & CIA LTDA;6506.35;6506.35;0.00;6506.35
08.244.0036-2080;MANUTENÇÃO DA COZINHA POPULAR COMUNITÁRIA;27/02/2021;1082/2021;362/2021;Ordinário;02340;00000;2338-8;J. C. M. COSTA & CIA LTDA;976.00;976.00;0.00;976.00
08.243.0018-2031;MANUTENÇÃO DOS PROGRAMAS DE ATENDIMENTO A CRIANÇA E AO ADOLESCENTE;15/03/2022;1467/2022;1501/2022;Ordinário;06280;00774;22898-2;MAIKON JUNIOR DE SOUZA COMERCIO E SERVIÇOS DE LIMPEZA;800.00;800.00;0.00;800.00
08.244.0016-2035;MANUTENÇÃO DA SECRETARIA DE ASSISTÊNCIA SOCIAL;31/05/2023;3553/2023;3177/2023;Ordinário;02010;00000;22644-1;J H CAVALCANTE ME;3500.00;3500.00;0.00;3500.00
08.244.0016-2035;MANUTENÇÃO DA SECRETARIA DE ASSISTÊNCIA SOCIAL;08/08/2023;5479/2023;5526/2023;Ordinário;02050;00000;19226-1;MAV DA SILVA SERVIÇOS TERCEIRIZADOS ME;0.01;0.01;0.00;0.01
08.244.0016-2035;MANUTENÇÃO DA SECRETARIA DE ASSISTÊNCIA SOCIAL;27/10/2023;7871/2023;6794/2023;Ordinário;02050;00000;24439-2;ORGANIZA EVENTOS LTDA ME;191.96;191.96;0.00;191.96
08.244.0016-2036;MANUTENÇÃO DO PROGRAMA IGD - SUAS;27/10/2023;7828/2023;7112/2023;Ordinário;02090;02940;23799-0;A CASA DA INFORMATICA LTDA;65.98;65.98;0.00;65.98
08.244.0017-2042;MANUTENÇÃO DO CREAS;29/07/2022;5118/2022;2258/2022;Ordinário;03080;00940;23011-1;FAST NET INFORMATICA LTDA;119.50;119.50;0.00;119.50
08.244.0017-2042;MANUTENÇÃO DO CREAS;16/12/2022;8338/2022;2258/2022;Ordinário;03080;00940;23011-1;FAST NET INFORMATICA LTDA;119.50;119.50;0.00;119.50
08.244.0017-2042;MANUTENÇÃO DO CREAS;30/03/2023;1863/2023;376/2023;Ordinário;02290;00942;23588-1;ELETRO MARINGA ILUMINAÇÃO EIRELI;24.65;24.65;0.00;24.65
08.244.0017-2042;MANUTENÇÃO DO CREAS;23/10/2023;7544/2023;5497/2023;Ordinário;02380;00940;24265-9;F.P. CLIMATIZAÇÃO DE AR CONDICIONADO LTDA;229.90;229.90;0.00;229.90
08.244.0017-2042;MANUTENÇÃO DO CREAS;27/05/2025;3173/2025;853/2025;Ordinário;02220;00000;26282-0;BENÍCIO PNEUS LTDA;1104.00;1104.00;0.00;1104.00
08.244.0017-2042;MANUTENÇÃO DO CREAS;26/11/2025;7179/2025;6659/2025;Ordinário;02220;00000;19751-3;VAC ESTEVES;862.65;862.65;0.00;862.65
08.244.0018-1031;AQUISIÇÂO DE EQUIPAMENTOS PARA PESSOAS COM NECESSIDADES ESPECIAIS;07/11/2022;7451/2022;5360/2022;Ordinário;03191;00774;23142-8;MULTBRANDS COMERCIO DE ELETRONICO LTDA;960.00;960.00;0.00;960.00
08.244.0018-2039;MANUTENÇÃO DO CRAS;02/12/2022;8073/2022;7256/2022;Ordinário;03360;02940;19823-4;ELAINE DE JESUS MIGUEL DOS SANTOS;62.50;62.50;0.00;62.50
08.244.0018-2039;MANUTENÇÃO DO CRAS;11/01/2023;39/2023;44/2023;Ordinário;02630;00000;23888-1;ANA FLAVIA RODRIGUES CASTRO;65.00;65.00;0.00;65.00
08.244.0018-2039;MANUTENÇÃO DO CRAS;18/07/2023;4847/2023;4902/2023;Ordinário;02650;00000;50-7;COPEL DISTRIBUICAO S.A.;151.26;151.26;0.00;151.26
08.244.0018-2039;MANUTENÇÃO DO CRAS;18/09/2023;6618/2023;6657/2023;Ordinário;02650;00000;50-7;COPEL DISTRIBUICAO S.A.;262.45;262.45;0.00;262.45
08.244.0018-2039;MANUTENÇÃO DO CRAS;24/10/2023;7553/2023;7589/2023;Ordinário;02650;00000;50-7;COPEL DISTRIBUICAO S.A.;292.87;292.87;0.00;292.87
08.244.0018-2039;MANUTENÇÃO DO CRAS;19/12/2023;9571/2023;9457/2023;Ordinário;02650;00000;50-7;COPEL DISTRIBUICAO S.A.;416.62;416.62;0.00;416.62
08.244.0018-2039;MANUTENÇÃO DO CRAS;29/12/2023;9831/2023;9857/2023;Ordinário;02620;00000;49-3;VIACAO GARCIA LTDA.;62.01;62.01;0.00;62.01
08.244.0018-2039;MANUTENÇÃO DO CRAS;29/12/2023;9832/2023;9885/2023;Ordinário;02620;00000;49-3;VIACAO GARCIA LTDA.;1929.61;1929.61;0.00;1929.61
08.244.0018-2039;MANUTENÇÃO DO CRAS;18/06/2024;4629/2024;2910/2024;Ordinário;02060;00000;24730-8;LOJA LOU ART LTDA;12.00;12.00;0.00;12.00
08.244.0018-2039;MANUTENÇÃO DO CRAS;18/12/2024;9779/2024;9508/2024;Ordinário;02090;00000;24433-3;A.DE O. BERTONCELO - SERVIÇOS FUNERARIOS - ME;1750.00;1750.00;0.00;1750.00
08.244.0018-2039;MANUTENÇÃO DO CRAS;07/07/2025;4098/2025;2499/2025;Ordinário;02480;00000;49-3;VIACAO GARCIA LTDA.;3222.38;3222.38;0.00;3222.38
08.244.0036-1500;MANUTENÇÃO DO CRAS.;26/11/2020;5391/2020;5265/2020;Ordinário;02880;02940;2338-8;J. C. M. COSTA & CIA LTDA;294.00;294.00;0.00;294.00
08.244.0036-1500;MANUTENÇÃO DO CRAS.;26/11/2020;5392/2020;5264/2020;Ordinário;02880;02940;2338-8;J. C. M. COSTA & CIA LTDA;176.80;176.80;0.00;176.80
08.244.0036-1500;MANUTENÇÃO DO CRAS.;31/12/2020;6263/2020;4487/2020;Ordinário;02970;02940;19183-3;PERAS & ROSSI LTDA;936.00;936.00;0.00;936.00
08.244.0036-1500;MANUTENÇÃO DO CRAS.;31/12/2020;6264/2020;4488/2020;Ordinário;02880;02940;19183-3;PERAS & ROSSI LTDA;717.99;717.99;0.00;717.99
08.244.0037-2339;ACÕES DO COVID NO SUAS - AQUISIÇÃO DE ALIMENTOS - PORTARIA 369;26/11/2020;5404/2020;5263/2020;Ordinário;05465;01022;2338-8;J. C. M. COSTA & CIA LTDA;2228.70;2228.70;0.00;2228.70
08.244.0037-2339;ACÕES DO COVID NO SUAS - AQUISIÇÃO DE ALIMENTOS - PORTARIA 369;01/12/2020;5659/2020;5320/2020;Ordinário;05465;01022;2338-8;J. C. M. COSTA & CIA LTDA;277.20;277.20;0.00;277.20
12.122.0021-2043;MANUTENÇÃO DA SECRETARIA DE EDUCAÇÃO;15/03/2022;1471/2022;792/2022;Ordinário;03820;00104;22898-2;MAIKON JUNIOR DE SOUZA COMERCIO E SERVIÇOS DE LIMPEZA;4533.80;4533.80;0.00;4533.80
12.122.0021-2043;MANUTENÇÃO DA SECRETARIA DE EDUCAÇÃO;28/10/2022;7278/2022;7291/2022;Ordinário;03800;00000;22393-0;CENTER COMERCIO DE PLACAS PARA VEICULOS LTDA;200.00;200.00;0.00;200.00
12.122.0021-2043;MANUTENÇÃO DA SECRETARIA DE EDUCAÇÃO;14/12/2022;8179/2022;8187/2022;Ordinário;03840;00000;23851-1;ZIZO COPIAS COMERCIO DE COPIADORAS LDTA;76.00;76.00;0.00;76.00
12.306.0013-2049;MANUTENÇÃO DO SERVIÇO DA COZINHA CENTRAL;17/02/2021;733/2021;133/2021;Ordinário;03500;00107;2338-8;J. C. M. COSTA & CIA LTDA;11117.35;11117.35;0.00;11117.35
12.306.0013-2049;MANUTENÇÃO DO SERVIÇO DA COZINHA CENTRAL;17/02/2021;735/2021;134/2021;Ordinário;03500;00107;2338-8;J. C. M. COSTA & CIA LTDA;5357.50;5357.50;0.00;5357.50
12.306.0013-2049;MANUTENÇÃO DO SERVIÇO DA COZINHA CENTRAL;05/03/2021;1135/2021;411/2021;Ordinário;03510;00115;2338-8;J. C. M. COSTA & CIA LTDA;46047.30;46047.30;0.00;46047.30
12.306.0020-2044;MANUTENÇÃO DA COZINHA CENTRAL;08/02/2022;603/2022;618/2022;Ordinário;03920;00000;22081-7;SCUISATO COMERCIO DE PRODUTOS ALIMENTICIOS - EIRELLI;155.28;155.28;0.00;155.28
12.306.0020-2044;MANUTENÇÃO DA COZINHA CENTRAL;10/03/2022;1362/2022;740/2022;Ordinário;03920;00000;22609-2;MARLUCE BEZERRA DOS SANTOS LORENCONE -ME;4320.00;4320.00;0.00;4320.00
12.306.0020-2044;MANUTENÇÃO DA COZINHA CENTRAL;28/07/2022;4808/2022;4854/2022;Ordinário;03940;01042;22124-4;ILDA DA SILVA QUEIROZ;4990.64;4990.64;0.00;4990.64
12.306.0020-2044;MANUTENÇÃO DA COZINHA CENTRAL;10/10/2022;6723/2022;6596/2022;Ordinário;03940;01042;23203-3;GALERA DA CESTA BASICA LTDA;8474.36;8474.36;0.00;8474.36
12.306.0020-2044;MANUTENÇÃO DA COZINHA CENTRAL;07/11/2022;7492/2022;7273/2022;Ordinário;03940;01042;23203-3;GALERA DA CESTA BASICA LTDA;5218.04;5218.04;0.00;5218.04
12.306.0020-2044;MANUTENÇÃO DA COZINHA CENTRAL;20/04/2023;2373/2023;2486/2023;Ordinário;03000;00000;24107-5;LUCIANA APARECIDA ABRILI;350.00;350.00;0.00;350.00
12.306.0020-2044;MANUTENÇÃO DA COZINHA CENTRAL;18/07/2023;4844/2023;4905/2023;Ordinário;03020;00000;50-7;COPEL DISTRIBUICAO S.A.;1056.77;1056.77;0.00;1056.77
12.306.0020-2044;MANUTENÇÃO DA COZINHA CENTRAL;18/09/2023;6615/2023;6660/2023;Ordinário;03020;00000;50-7;COPEL DISTRIBUICAO S.A.;1622.69;1622.69;0.00;1622.69
12.306.0020-2044;MANUTENÇÃO DA COZINHA CENTRAL;19/10/2023;7518/2023;7548/2023;Ordinário;02990;01042;22093-1;FÁTIMA ALVES DE AZEVEDO CANUTO;3.01;3.01;0.00;3.01
12.306.0020-2044;MANUTENÇÃO DA COZINHA CENTRAL;24/10/2023;7556/2023;7592/2023;Ordinário;03020;00000;50-7;COPEL DISTRIBUICAO S.A.;1383.59;1383.59;0.00;1383.59
12.306.0020-2044;MANUTENÇÃO DA COZINHA CENTRAL;16/11/2023;8288/2023;8217/2023;Ordinário;02990;01042;22093-1;FÁTIMA ALVES DE AZEVEDO CANUTO;0.10;0.10;0.00;0.10
12.306.0020-2044;MANUTENÇÃO DA COZINHA CENTRAL;19/12/2023;9574/2023;9460/2023;Ordinário;03020;00000;50-7;COPEL DISTRIBUICAO S.A.;1768.72;1768.72;0.00;1768.72
12.306.0020-2044;MANUTENÇÃO DA COZINHA CENTRAL;22/03/2024;2153/2024;2075/2024;Ordinário;02390;01042;21313-6;JÚLIO CÉSAR DIAS;0.01;0.01;0.00;0.01
12.361.0014-2051;MANUTENÇÃO DA SECRETARIA DE EDUCAÇÃO;18/02/2020;802/2020;876/2020;Ordinário;03660;00104;21063-3;AUTO POSTO BOX 9 LTDA;272.83;272.83;0.00;272.83
12.361.0015-2042;MANUTENÇÃO DAS ESCOLAS MUNICIPAIS - ENSINO FUNDAMENTAL;26/01/2021;267/2021;290/2021;Ordinário;04090;00000;51-5;SANEPAR-COMPANHIA DE SANEAM.DO PARANA;4.00;4.00;0.00;4.00
12.361.0015-2042;MANUTENÇÃO DAS ESCOLAS MUNICIPAIS - ENSINO FUNDAMENTAL;01/06/2021;2486/2021;1930/2021;Ordinário;04040;00102;19145-1;AWR DISTRIBUIDORA DE PRODUTOS HOSPITALARES LTDA;13032.30;13032.30;0.00;13032.30
12.361.0015-2042;MANUTENÇÃO DAS ESCOLAS MUNICIPAIS - ENSINO FUNDAMENTAL;03/09/2021;4067/2021;3574/2021;Ordinário;04040;00102;22672-6;SALVI E LOPES E CIA LTDA.;273.00;273.00;0.00;273.00
12.361.0019-2045;MANUTENÇÃO DO TRANSPORTE ESCOLAR;23/05/2024;3751/2024;3409/2024;Ordinário;02500;00102;27-2;G. B. ALMEIDA - ACESSORIOS;182.00;182.00;0.00;182.00
12.361.0019-2045;MANUTENÇÃO DO TRANSPORTE ESCOLAR;29/05/2024;4100/2024;4256/2024;Ordinário;02580;01013;73-6;BANCO DO BRASIL S.A.;23.45;23.45;0.00;23.45
12.361.0019-2045;MANUTENÇÃO DO TRANSPORTE ESCOLAR;16/07/2024;5549/2024;370/2024;Ordinário;02530;01013;20207-0;SERVOPA CAMINHÕES LTDA;165.38;165.38;0.00;165.38
12.361.0019-2045;MANUTENÇÃO DO TRANSPORTE ESCOLAR;31/07/2024;5960/2024;5969/2024;Ordinário;02560;00103;25505-0;DILEUZA APARECIDA DE MELO SILVA;140.00;140.00;0.00;140.00
12.361.0022-1038;ESTRUTURAR ESCOLAS MUNICIPAIS - ENSINO FUNDAMENTAL;28/12/2023;9696/2023;9742/2023;Ordinário;03236;01039;23856-2;GO ATACADISTA LTDA;0.01;0.01;0.00;0.01
12.361.0022-2046;MANUTENÇÃO DAS ESCOLAS MUNICIPAIS - ENSINO FUNDAMENTAL;06/06/2022;3715/2022;248/2022;Ordinário;04530;00102;22611-4;TECNOLAR LTDA - ME;4256.00;4256.00;0.00;4256.00
12.361.0022-2046;MANUTENÇÃO DAS ESCOLAS MUNICIPAIS - ENSINO FUNDAMENTAL;31/08/2022;5863/2022;5915/2022;Ordinário;04370;00101;1695-1;Municipio de Centenario do Sul;1008.93;1008.93;0.00;1008.93
12.361.0022-2046;MANUTENÇÃO DAS ESCOLAS MUNICIPAIS - ENSINO FUNDAMENTAL;14/09/2022;6078/2022;6080/2022;Ordinário;04600;00102;22956-3;PEDRO MENDES ALVES;1400.00;1400.00;0.00;1400.00
12.361.0022-2046;MANUTENÇÃO DAS ESCOLAS MUNICIPAIS - ENSINO FUNDAMENTAL;15/03/2023;1517/2023;1504/2023;Ordinário;03405;00000;50-7;COPEL DISTRIBUICAO S.A.;227.10;227.10;0.00;227.10
12.361.0022-2046;MANUTENÇÃO DAS ESCOLAS MUNICIPAIS - ENSINO FUNDAMENTAL;18/07/2023;4843/2023;4907/2023;Ordinário;03405;00000;50-7;COPEL DISTRIBUICAO S.A.;321.36;321.36;0.00;321.36
12.361.0022-2046;MANUTENÇÃO DAS ESCOLAS MUNICIPAIS - ENSINO FUNDAMENTAL;13/09/2023;6491/2023;6387/2023;Ordinário;03340;00104;19751-3;VAC ESTEVES;180.00;180.00;0.00;180.00
12.361.0022-2046;MANUTENÇÃO DAS ESCOLAS MUNICIPAIS - ENSINO FUNDAMENTAL;18/09/2023;6613/2023;6661/2023;Ordinário;03405;00000;50-7;COPEL DISTRIBUICAO S.A.;316.25;316.25;0.00;316.25
12.361.0022-2046;MANUTENÇÃO DAS ESCOLAS MUNICIPAIS - ENSINO FUNDAMENTAL;24/10/2023;7555/2023;7593/2023;Ordinário;03405;00000;50-7;COPEL DISTRIBUICAO S.A.;254.26;254.26;0.00;254.26
12.361.0022-2046;MANUTENÇÃO DAS ESCOLAS MUNICIPAIS - ENSINO FUNDAMENTAL;16/11/2023;8301/2023;8368/2023;Ordinário;03405;00000;261-5;ASSOC.ATLET.BANCO DO BRASIL-CENT SUL;398.00;398.00;0.00;398.00
12.361.0022-2046;MANUTENÇÃO DAS ESCOLAS MUNICIPAIS - ENSINO FUNDAMENTAL;19/12/2023;9575/2023;9461/2023;Ordinário;03405;00000;50-7;COPEL DISTRIBUICAO S.A.;284.71;284.71;0.00;284.71
13.392.0011-2308;MANUTENÇÃO DAS UNIDADES DE ATENDIMENTO DA CULTURA;13/12/2021;6405/2021;6450/2021;Ordinário;04550;00000;22782-0;PRIMUS MAGAZINE LTDA;2593.92;2593.92;0.00;2593.92
27.812.0009-2020;MANUTENÇÃO DO ATENDIMENTO NAS UNIDADES ESPORTIVAS;16/10/2020;4595/2020;4212/2020;Ordinário;04690;00000;2338-8;J. C. M. COSTA & CIA LTDA;50.70;50.70;0.00;50.70
04.122.0005-2105;REFORMA DO PRÉDIO DA PREFEITURA MUNICIPAL;18/12/2025;7653/2025;7508/2025;Ordinário;03750;00000;22056-6;YAMADIESEL COMERCIO DE MÁQUINAS - EIRELI;1810.00;1810.00;0.00;1810.00
15.451.0008-2034;MANUTENÇÃO DA INFRAESTRUTURA URBANA.;14/02/2020;676/2020;89/2020;Ordinário;05060;00504;20195-2;INGA VEICULOS LTDA;2160.00;2160.00;0.00;2160.00
15.451.0008-2034;MANUTENÇÃO DA INFRAESTRUTURA URBANA.;14/02/2020;675/2020;7962/2019;Ordinário;05400;00504;20195-2;INGA VEICULOS LTDA;5744.00;5744.00;0.00;5744.00
15.451.0008-2034;MANUTENÇÃO DA INFRAESTRUTURA URBANA.;21/08/2020;3585/2020;3613/2020;Ordinário;05060;00504;21413-2;SANDRA REGINA LEANDRO GARCIA;500.00;500.00;0.00;500.00
15.451.0008-2034;MANUTENÇÃO DA INFRAESTRUTURA URBANA.;13/09/2021;4175/2021;3703/2021;Ordinário;04950;00000;22699-8;CASINI PNEUS LTDA ME;11834.00;11834.00;0.00;11834.00
15.451.0008-2034;MANUTENÇÃO DA INFRAESTRUTURA URBANA.;24/11/2021;5803/2021;5458/2021;Ordinário;04950;00000;22692-1;NOROESTE DISTRIBUIDORA DE PEÇAS E PRODUTOS AUTOMOTIVOS EIRELI;2920.00;2920.00;0.00;2920.00
15.451.0008-2034;MANUTENÇÃO DA INFRAESTRUTURA URBANA.;30/11/2021;5903/2021;5457/2021;Ordinário;04950;00000;22688-2;LINCETRACTOR COMÉRCIO IMPORTAÇÃO E EXPORTAÇÃO EIRELI;1577.68;1577.68;0.00;1577.68
15.451.0008-2243;MANUTENÇÃO DA ILUMINAÇÃO PÚBLICA;21/02/2020;845/2020;728/2020;Ordinário;05100;00507;21820-1;MORK SOLAR - PRODUTOS E SERVIÇOS ELÉTRICOS LTDA. - EPP;1000.00;1000.00;0.00;1000.00
15.451.0008-2243;MANUTENÇÃO DA ILUMINAÇÃO PÚBLICA;31/07/2020;3173/2020;2250/2020;Ordinário;05100;00507;21820-1;MORK SOLAR - PRODUTOS E SERVIÇOS ELÉTRICOS LTDA. - EPP;1696.00;1696.00;0.00;1696.00
15.451.0008-2243;MANUTENÇÃO DA ILUMINAÇÃO PÚBLICA;27/10/2021;5167/2021;5215/2021;Ordinário;05100;00507;21310-1;ELETRO CONDULUZ EIRELLI - EPP;2848.00;2848.00;0.00;2848.00
15.451.0024-2050;MANUTENÇÃO DA SECRETARIA DE INFRAESTRUTURA E SERVIÇOS PÚBLICOS;21/02/2022;859/2022;108/2022;Ordinário;05340;00000;30-2;M. D. MARTINS & CIA. LTDA.;200.35;200.35;0.00;200.35
15.451.0024-2050;MANUTENÇÃO DA SECRETARIA DE INFRAESTRUTURA E SERVIÇOS PÚBLICOS;22/03/2022;1595/2022;397/2022;Ordinário;05340;00000;22656-4;ASFALTOS PARANA IND. E DIST. DE DERIAVADOS DE PETROLEO LTDA;70701.88;70701.88;0.00;70701.88
15.451.0024-2050;MANUTENÇÃO DA SECRETARIA DE INFRAESTRUTURA E SERVIÇOS PÚBLICOS;20/04/2022;2269/2022;2290/2022;Ordinário;05340;00000;20732-2;BORGES E MORAES LTDA;3434.00;3434.00;0.00;3434.00
15.451.0024-2050;MANUTENÇÃO DA SECRETARIA DE INFRAESTRUTURA E SERVIÇOS PÚBLICOS;14/06/2022;3825/2022;2081/2022;Ordinário;05340;00000;19751-3;VAC ESTEVES;20794.00;20794.00;0.00;20794.00
15.451.0024-2050;MANUTENÇÃO DA SECRETARIA DE INFRAESTRUTURA E SERVIÇOS PÚBLICOS;21/06/2022;3971/2022;4011/2022;Ordinário;05440;00000;21428-1;JOMANE CONCRETAGEM E SERVIÇOS LTDA;481.50;481.50;0.00;481.50
15.451.0024-2050;MANUTENÇÃO DA SECRETARIA DE INFRAESTRUTURA E SERVIÇOS PÚBLICOS;07/07/2022;4444/2022;2081/2022;Ordinário;05340;00000;19751-3;VAC ESTEVES;1373.50;1373.50;0.00;1373.50
15.451.0024-2050;MANUTENÇÃO DA SECRETARIA DE INFRAESTRUTURA E SERVIÇOS PÚBLICOS;29/07/2022;5121/2022;5154/2022;Ordinário;05440;00000;23299-8;O V GOMES ARQUITETURA LTDA;4000.00;4000.00;0.00;4000.00
15.451.0024-2050;MANUTENÇÃO DA SECRETARIA DE INFRAESTRUTURA E SERVIÇOS PÚBLICOS;08/12/2022;8167/2022;8161/2022;Ordinário;05410;00000;23847-3;ANTONIO DE CARVALHO;350.00;350.00;0.00;350.00
15.451.0024-2050;MANUTENÇÃO DA SECRETARIA DE INFRAESTRUTURA E SERVIÇOS PÚBLICOS;11/01/2023;31/2023;34/2023;Ordinário;04080;00000;23558-0;EDERSON CASTOLDI;1450.00;1450.00;0.00;1450.00
15.451.0024-2050;MANUTENÇÃO DA SECRETARIA DE INFRAESTRUTURA E SERVIÇOS PÚBLICOS;11/01/2023;36/2023;39/2023;Ordinário;04080;00000;22455-3;MARCELO SOARES PEREIRA;638.00;638.00;0.00;638.00
15.451.0024-2050;MANUTENÇÃO DA SECRETARIA DE INFRAESTRUTURA E SERVIÇOS PÚBLICOS;11/01/2023;32/2023;35/2023;Ordinário;04080;00000;23556-3;SIDNEI SABATINI;928.00;928.00;0.00;928.00
15.451.0024-2050;MANUTENÇÃO DA SECRETARIA DE INFRAESTRUTURA E SERVIÇOS PÚBLICOS;11/01/2023;33/2023;36/2023;Ordinário;04080;00000;22475-8;LUCAS SIMPLICIO DOS SANTOS;1160.00;1160.00;0.00;1160.00
15.451.0024-2050;MANUTENÇÃO DA SECRETARIA DE INFRAESTRUTURA E SERVIÇOS PÚBLICOS;17/02/2023;787/2023;219/2023;Ordinário;04020;00504;23775-2;GRAND COMMERCE LTDA;1666.00;1666.00;0.00;1666.00
15.451.0024-2050;MANUTENÇÃO DA SECRETARIA DE INFRAESTRUTURA E SERVIÇOS PÚBLICOS;30/03/2023;1672/2023;391/2023;Ordinário;04020;00504;23783-3;ATACASUL MATERIAIS ELETRICOS;146.52;146.52;0.00;146.52
15.451.0024-2050;MANUTENÇÃO DA SECRETARIA DE INFRAESTRUTURA E SERVIÇOS PÚBLICOS;31/03/2023;2052/2023;2057/2023;Ordinário;04110;00000;51-5;SANEPAR-COMPANHIA DE SANEAM.DO PARANA;690.86;690.86;0.00;690.86
15.451.0024-2050;MANUTENÇÃO DA SECRETARIA DE INFRAESTRUTURA E SERVIÇOS PÚBLICOS;14/04/2023;2204/2023;191/2023;Ordinário;04020;00504;23384-6;SUELEN DAIANE KANIS;173.88;173.88;0.00;173.88
15.451.0024-2050;MANUTENÇÃO DA SECRETARIA DE INFRAESTRUTURA E SERVIÇOS PÚBLICOS;14/04/2023;2224/2023;2122/2023;Ordinário;04010;00000;20732-2;BORGES E MORAES LTDA;1975.00;1975.00;0.00;1975.00
15.451.0024-2050;MANUTENÇÃO DA SECRETARIA DE INFRAESTRUTURA E SERVIÇOS PÚBLICOS;28/04/2023;2741/2023;1768/2023;Ordinário;04020;00504;23537-7;JOMK - COMERCIO DE LUBRIFICANTES LTDA;2199.00;2199.00;0.00;2199.00
15.451.0024-2050;MANUTENÇÃO DA SECRETARIA DE INFRAESTRUTURA E SERVIÇOS PÚBLICOS;28/04/2023;2724/2023;2333/2023;Ordinário;04010;00000;23537-7;JOMK - COMERCIO DE LUBRIFICANTES LTDA;2199.00;2199.00;0.00;2199.00
15.451.0024-2050;MANUTENÇÃO DA SECRETARIA DE INFRAESTRUTURA E SERVIÇOS PÚBLICOS;28/04/2023;2756/2023;2334/2023;Ordinário;04010;00000;23532-6;A. BATISTA FARIAS LTDA;6780.00;6780.00;0.00;6780.00
15.451.0024-2050;MANUTENÇÃO DA SECRETARIA DE INFRAESTRUTURA E SERVIÇOS PÚBLICOS;30/06/2023;4238/2023;4346/2023;Ordinário;04090;00504;21840-5;MARCOS CESAR LOPES;2200.00;2200.00;2200.00;0.00
15.451.0024-2050;MANUTENÇÃO DA SECRETARIA DE INFRAESTRUTURA E SERVIÇOS PÚBLICOS;18/07/2023;4851/2023;4897/2023;Ordinário;04110;00000;50-7;COPEL DISTRIBUICAO S.A.;1863.78;1863.78;0.00;1863.78
15.451.0024-2050;MANUTENÇÃO DA SECRETARIA DE INFRAESTRUTURA E SERVIÇOS PÚBLICOS;19/07/2023;4880/2023;4853/2023;Ordinário;04080;00000;21840-5;MARCOS CESAR LOPES;1800.00;1800.00;0.00;1800.00
15.451.0024-2050;MANUTENÇÃO DA SECRETARIA DE INFRAESTRUTURA E SERVIÇOS PÚBLICOS;27/07/2023;5000/2023;4087/2023;Ordinário;04060;11045;23775-2;GRAND COMMERCE LTDA;1346.70;1346.70;0.00;1346.70
15.451.0024-2050;MANUTENÇÃO DA SECRETARIA DE INFRAESTRUTURA E SERVIÇOS PÚBLICOS;30/08/2023;5939/2023;6026/2023;Ordinário;03971;00511;1695-1;Municipio de Centenario do Sul;404.66;404.66;404.66;0.00
15.451.0024-2050;MANUTENÇÃO DA SECRETARIA DE INFRAESTRUTURA E SERVIÇOS PÚBLICOS;30/08/2023;5935/2023;6022/2023;Ordinário;03971;00511;1695-1;Municipio de Centenario do Sul;2573.12;2573.12;2573.12;0.00
15.451.0024-2050;MANUTENÇÃO DA SECRETARIA DE INFRAESTRUTURA E SERVIÇOS PÚBLICOS;30/08/2023;5936/2023;6023/2023;Ordinário;03971;00511;1695-1;Municipio de Centenario do Sul;2421.57;2421.57;2421.57;0.00
15.451.0024-2050;MANUTENÇÃO DA SECRETARIA DE INFRAESTRUTURA E SERVIÇOS PÚBLICOS;30/08/2023;5937/2023;6024/2023;Ordinário;03971;00511;1695-1;Municipio de Centenario do Sul;142.08;142.08;142.08;0.00
15.451.0024-2050;MANUTENÇÃO DA SECRETARIA DE INFRAESTRUTURA E SERVIÇOS PÚBLICOS;30/08/2023;5938/2023;6025/2023;Ordinário;03971;00511;1695-1;Municipio de Centenario do Sul;20.12;20.12;20.12;0.00
15.451.0024-2050;MANUTENÇÃO DA SECRETARIA DE INFRAESTRUTURA E SERVIÇOS PÚBLICOS;30/08/2023;5940/2023;6027/2023;Ordinário;03971;00511;1695-1;Municipio de Centenario do Sul;857.71;857.71;857.71;0.00
15.451.0024-2050;MANUTENÇÃO DA SECRETARIA DE INFRAESTRUTURA E SERVIÇOS PÚBLICOS;30/08/2023;5941/2023;6028/2023;Ordinário;03971;00511;1695-1;Municipio de Centenario do Sul;786.23;786.23;786.23;0.00
15.451.0024-2050;MANUTENÇÃO DA SECRETARIA DE INFRAESTRUTURA E SERVIÇOS PÚBLICOS;15/09/2023;6547/2023;6621/2023;Ordinário;04010;00000;21137-1;JM MACHADO RETIFICA EIRELLI - ME;25513.00;25513.00;0.00;25513.00
15.451.0024-2050;MANUTENÇÃO DA SECRETARIA DE INFRAESTRUTURA E SERVIÇOS PÚBLICOS;15/09/2023;6546/2023;6623/2023;Ordinário;04110;00000;21137-1;JM MACHADO RETIFICA EIRELLI - ME;3487.00;3487.00;0.00;3487.00
15.451.0024-2050;MANUTENÇÃO DA SECRETARIA DE INFRAESTRUTURA E SERVIÇOS PÚBLICOS;18/09/2023;6610/2023;6648/2023;Ordinário;04110;00000;50-7;COPEL DISTRIBUICAO S.A.;2148.02;2148.02;0.00;2148.02
15.451.0024-2050;MANUTENÇÃO DA SECRETARIA DE INFRAESTRUTURA E SERVIÇOS PÚBLICOS;11/10/2023;7382/2023;7419/2023;Ordinário;04110;00000;21041-2;C.G. PEREIRA DOS SANTOS & CIA. LTDA - ME;500.00;500.00;0.00;500.00
15.451.0024-2050;MANUTENÇÃO DA SECRETARIA DE INFRAESTRUTURA E SERVIÇOS PÚBLICOS;23/10/2023;7542/2023;5879/2023;Ordinário;04010;00000;23776-1;INSTALART MATERIAIS ELÉTRICOS LTDA;1796.80;1796.80;0.00;1796.80
15.451.0024-2050;MANUTENÇÃO DA SECRETARIA DE INFRAESTRUTURA E SERVIÇOS PÚBLICOS;24/11/2023;8470/2023;8548/2023;Ordinário;03971;00511;1695-1;Municipio de Centenario do Sul;752.65;752.65;752.65;0.00
15.451.0024-2050;MANUTENÇÃO DA SECRETARIA DE INFRAESTRUTURA E SERVIÇOS PÚBLICOS;24/11/2023;8468/2023;8546/2023;Ordinário;03960;00000;18634-1;JOSE SIMPLICIO DOURADO;3729.57;3729.57;3729.57;0.00
15.451.0024-2050;MANUTENÇÃO DA SECRETARIA DE INFRAESTRUTURA E SERVIÇOS PÚBLICOS;29/11/2023;8578/2023;8672/2023;Ordinário;04110;00000;79-5;Oi S.A.;130.24;130.24;0.00;130.24
15.451.0024-2050;MANUTENÇÃO DA SECRETARIA DE INFRAESTRUTURA E SERVIÇOS PÚBLICOS;19/12/2023;9565/2023;9453/2023;Ordinário;04110;00000;50-7;COPEL DISTRIBUICAO S.A.;2773.47;2773.47;0.00;2773.47
15.451.0024-2050;MANUTENÇÃO DA SECRETARIA DE INFRAESTRUTURA E SERVIÇOS PÚBLICOS;22/02/2024;1052/2024;1143/2024;Ordinário;03370;00000;22121-0;EJW TELECOMUNICAÇÕES LTDA;136.94;136.94;0.00;136.94
15.451.0024-2050;MANUTENÇÃO DA SECRETARIA DE INFRAESTRUTURA E SERVIÇOS PÚBLICOS;29/02/2024;1152/2024;1371/2024;Ordinário;03390;00504;73-6;BANCO DO BRASIL S.A.;36.00;36.00;0.00;36.00
15.451.0024-2050;MANUTENÇÃO DA SECRETARIA DE INFRAESTRUTURA E SERVIÇOS PÚBLICOS;15/05/2024;3564/2024;3564/2024;Ordinário;03330;11045;22056-6;YAMADIESEL COMERCIO DE MÁQUINAS - EIRELI;6570.00;6570.00;0.00;6570.00
15.451.0024-2050;MANUTENÇÃO DA SECRETARIA DE INFRAESTRUTURA E SERVIÇOS PÚBLICOS;15/05/2024;3578/2024;3628/2024;Ordinário;03410;00511;22192-9;EIXOFORTE IMPLEMENTOS RODOVIARIOS;0.40;0.40;0.00;0.40
15.451.0024-2050;MANUTENÇÃO DA SECRETARIA DE INFRAESTRUTURA E SERVIÇOS PÚBLICOS;29/05/2024;4142/2024;4172/2024;Ordinário;03280;00002;19421-2;POSTO DE MOLAS LONDRINA LTDA;0.50;0.50;0.00;0.50
15.451.0024-2050;MANUTENÇÃO DA SECRETARIA DE INFRAESTRUTURA E SERVIÇOS PÚBLICOS;04/06/2024;4214/2024;4232/2024;Ordinário;03280;00002;25625-1;VMD - MAQUINAS E FERRAMENTAS LTDA;268.00;268.00;0.00;268.00
15.451.0024-2050;MANUTENÇÃO DA SECRETARIA DE INFRAESTRUTURA E SERVIÇOS PÚBLICOS;23/12/2024;10007/2024;9926/2024;Ordinário;03200;00000;102-3;VALMIR FERREIRA DE LIMA;7641.15;7641.15;7641.15;0.00
15.451.0024-2050;MANUTENÇÃO DA SECRETARIA DE INFRAESTRUTURA E SERVIÇOS PÚBLICOS;23/12/2024;10008/2024;9927/2024;Ordinário;03200;00000;102-3;VALMIR FERREIRA DE LIMA;818.06;818.06;818.06;0.00
15.451.0024-2050;MANUTENÇÃO DA SECRETARIA DE INFRAESTRUTURA E SERVIÇOS PÚBLICOS;30/05/2025;3381/2025;5150/2024;Ordinário;03310;00511;25769-9;PARANA EQUIPAMENTOS S A;9914.50;9914.50;0.00;9914.50
15.451.0024-2050;MANUTENÇÃO DA SECRETARIA DE INFRAESTRUTURA E SERVIÇOS PÚBLICOS;30/05/2025;3382/2025;5152/2024;Ordinário;03410;00511;25769-9;PARANA EQUIPAMENTOS S A;2453.02;2453.02;0.00;2453.02
15.451.0024-2050;MANUTENÇÃO DA SECRETARIA DE INFRAESTRUTURA E SERVIÇOS PÚBLICOS;23/10/2025;6339/2025;6250/2025;Ordinário;04120;00504;73-6;BANCO DO BRASIL S.A.;3.28;3.28;0.00;3.28
15.451.0024-2050;MANUTENÇÃO DA SECRETARIA DE INFRAESTRUTURA E SERVIÇOS PÚBLICOS;18/12/2025;7660/2025;7517/2025;Ordinário;04100;00000;22056-6;YAMADIESEL COMERCIO DE MÁQUINAS - EIRELI;4897.00;4897.00;0.00;4897.00
15.451.0024-2050;MANUTENÇÃO DA SECRETARIA DE INFRAESTRUTURA E SERVIÇOS PÚBLICOS;31/12/2025;7964/2025;940/2025;Estimativa;04100;00000;25696-0;STEL SISTEMAS ELÉTRICOS LTDA;5414.08;5414.08;0.00;5414.08
15.451.0024-2051;MANUTENÇÃO DA ILUMINAÇÃO PÚBLICA;10/04/2023;2134/2023;1341/2023;Ordinário;04200;00507;50-7;COPEL DISTRIBUICAO S.A.;8958.39;8958.39;0.00;8958.39
15.451.0024-2051;MANUTENÇÃO DA ILUMINAÇÃO PÚBLICA;08/03/2024;1633/2024;1786/2024;Ordinário;03520;00507;50-7;COPEL DISTRIBUICAO S.A.;27393.07;27393.07;0.00;27393.07
15.451.0024-2051;MANUTENÇÃO DA ILUMINAÇÃO PÚBLICA;08/07/2024;5346/2024;4855/2024;Ordinário;03500;00507;19751-3;VAC ESTEVES;0.90;0.90;0.00;0.90
15.451.0024-2052;CONTRIBUIÇÃO AO CINDEPAR - CONSÓRCIO PUBLICO INTERMUNICIPAL DE INOVAÇÃO E DESENVOLVIMENTO;19/04/2022;2215/2022;2288/2022;Ordinário;05560;00000;19846-3;CONSORCIO PUBLICO INTERMUNICIPAL DE INOVACAO E DESENVOLVIMENTO;2960.74;2960.74;0.00;2960.74
15.451.0024-2052;CONTRIBUIÇÃO AO CINDEPAR - CONSÓRCIO PUBLICO INTERMUNICIPAL DE INOVAÇÃO E DESENVOLVIMENTO;27/01/2023;246/2023;379/2023;Ordinário;04210;00000;19846-3;CONSORCIO PUBLICO INTERMUNICIPAL DE INOVACAO E DESENVOLVIMENTO;20250.00;20250.00;0.00;20250.00
15.452.0024-2082;MANUTENÇÃO DO PROGRAMA MAIS OPORTUNIDADE E TRABALHO COM DIGNIDADE - SECRETARIA DE INFRA ESTRUTURA E SERVIÇOS;10/12/2025;7414/2025;7255/2025;Ordinário;04460;00000;26917-4;JONEVIL LOPES PEREIRA;56.00;56.00;0.00;56.00
27.812.0025-1050;ESTRUTURAR O ATENDIMENTO DO ESPORTE E LAZER;29/04/2022;2367/2022;2509/2022;Ordinário;05610;00000;22918-1;SOLAR MATERIAIS E CONSTRUÇÕES ELÉTRICAS LTDA;49874.48;49874.48;0.00;49874.48
27.812.0025-1050;ESTRUTURAR O ATENDIMENTO DO ESPORTE E LAZER;11/08/2023;5572/2023;174/2023;Ordinário;04320;00000;23461-3;M2 COMÉRCIO E ASSISTÊNCIA TÉCNICA LTDA;865.00;865.00;0.00;865.00
27.812.0025-2053;MANUTENÇÃO DO ATENDIMENTO NAS UNIDADES ESPORTIVAS;20/05/2022;3169/2022;3218/2022;Ordinário;05730;00000;22121-0;EJW TELECOMUNICAÇÕES LTDA;195.66;195.66;0.00;195.66
27.812.0025-2053;MANUTENÇÃO DO ATENDIMENTO NAS UNIDADES ESPORTIVAS;10/06/2022;3769/2022;3816/2022;Ordinário;05670;00000;2338-8;J. C. M. COSTA & CIA LTDA;346.21;346.21;0.00;346.21
27.812.0025-2053;MANUTENÇÃO DO ATENDIMENTO NAS UNIDADES ESPORTIVAS;27/06/2022;4063/2022;4100/2022;Ordinário;05730;00000;51-5;SANEPAR-COMPANHIA DE SANEAM.DO PARANA;0.54;0.54;0.00;0.54
27.812.0025-2053;MANUTENÇÃO DO ATENDIMENTO NAS UNIDADES ESPORTIVAS;28/04/2023;2817/2023;1415/2023;Ordinário;04410;00000;21041-2;C.G. PEREIRA DOS SANTOS & CIA. LTDA - ME;80.00;80.00;0.00;80.00
27.812.0025-2053;MANUTENÇÃO DO ATENDIMENTO NAS UNIDADES ESPORTIVAS;01/06/2023;3641/2023;3437/2023;Ordinário;04370;00741;19751-3;VAC ESTEVES;338.50;338.50;0.00;338.50
27.812.0025-2053;MANUTENÇÃO DO ATENDIMENTO NAS UNIDADES ESPORTIVAS;30/06/2023;4207/2023;3279/2023;Ordinário;04360;00000;23775-2;GRAND COMMERCE LTDA;971.25;971.25;0.00;971.25
27.812.0025-2053;MANUTENÇÃO DO ATENDIMENTO NAS UNIDADES ESPORTIVAS;30/06/2023;4419/2023;4521/2023;Ordinário;04330;00000;1695-1;Municipio de Centenario do Sul;1091.57;1091.57;0.00;1091.57
27.812.0025-2053;MANUTENÇÃO DO ATENDIMENTO NAS UNIDADES ESPORTIVAS;04/08/2023;5393/2023;4710/2023;Ordinário;04370;00741;23450-8;ADAO RAYMUNDO;399.00;399.00;0.00;399.00
27.812.0025-2053;MANUTENÇÃO DO ATENDIMENTO NAS UNIDADES ESPORTIVAS;30/11/2023;8783/2023;8340/2023;Ordinário;04410;00000;24265-9;F.P. CLIMATIZAÇÃO DE AR CONDICIONADO LTDA;689.70;689.70;0.00;689.70
27.812.0025-2053;MANUTENÇÃO DO ATENDIMENTO NAS UNIDADES ESPORTIVAS;28/05/2024;4040/2024;4170/2024;Ordinário;03870;00000;1765-5;PREFEITURA DO MUNICIPIO DE ROLANDIA;800.00;800.00;0.00;800.00
27.812.0025-2053;MANUTENÇÃO DO ATENDIMENTO NAS UNIDADES ESPORTIVAS;07/10/2024;7758/2024;7808/2024;Ordinário;03800;00000;25627-7;LEONARDO ANTONIO RANGEL;2248.52;2248.52;2248.52;0.00
27.812.0025-2053;MANUTENÇÃO DO ATENDIMENTO NAS UNIDADES ESPORTIVAS;11/12/2024;9538/2024;8907/2024;Ordinário;03830;00000;25884-9;RPG - COMÉRCIO DE MERCADORIAS E SERVIÇOS LTDA;59.90;59.90;0.00;59.90
27.812.0025-2053;MANUTENÇÃO DO ATENDIMENTO NAS UNIDADES ESPORTIVAS;11/12/2024;9537/2024;8908/2024;Ordinário;03830;00000;25884-9;RPG - COMÉRCIO DE MERCADORIAS E SERVIÇOS LTDA;401.80;401.80;0.00;401.80
27.812.0025-2053;MANUTENÇÃO DO ATENDIMENTO NAS UNIDADES ESPORTIVAS;31/03/2025;2080/2025;8911/2024;Ordinário;03830;00000;26055-0;DARLU INDUSTRIA TEXTIL LTDA;118.20;118.20;0.00;118.20
27.812.0025-2053;MANUTENÇÃO DO ATENDIMENTO NAS UNIDADES ESPORTIVAS;27/06/2025;3987/2025;3798/2025;Ordinário;04730;00000;1765-5;PREFEITURA DO MUNICIPIO DE ROLANDIA;600.00;600.00;0.00;600.00
27.812.0025-2053;MANUTENÇÃO DO ATENDIMENTO NAS UNIDADES ESPORTIVAS;29/07/2025;4715/2025;3965/2025;Ordinário;04680;00000;19576-6;ROSANA ALVES TRINDADE;12237.92;12237.92;0.00;12237.92
27.812.0025-2053;MANUTENÇÃO DO ATENDIMENTO NAS UNIDADES ESPORTIVAS;13/10/2025;6145/2025;4678/2025;Ordinário;04680;00000;25884-9;RPG - COMÉRCIO DE MERCADORIAS E SERVIÇOS LTDA;606.92;606.92;0.00;606.92
13.392.0026-1052;ESTRUTURAR AS UNIDADES DE ATENDIMENTO A CULTURA;02/02/2023;597/2023;177/2023;Ordinário;04430;00000;23468-1;GESSICA ZARZEKA OLIVO;158.05;158.05;0.00;158.05
13.392.0026-2055;ORGANIZAR, COLABORAR E REALIZAR EVENTOS, CONFERÊNCIAS E FESTIVIDADES DO CALENDÁRIO;13/12/2023;9193/2023;9246/2023;Ordinário;04470;00000;24767-7;RBB PRODUÇÃO MÚSICAL E ENTRETENIMENTO LTDA;0.80;0.80;0.00;0.80
13.392.0026-2055;ORGANIZAR, COLABORAR E REALIZAR EVENTOS, CONFERÊNCIAS E FESTIVIDADES DO CALENDÁRIO;28/12/2023;9703/2023;9088/2023;Ordinário;04470;00000;24439-2;ORGANIZA EVENTOS LTDA ME;719.85;719.85;0.00;719.85
13.392.0026-2055;ORGANIZAR, COLABORAR E REALIZAR EVENTOS, CONFERÊNCIAS E FESTIVIDADES DO CALENDÁRIO;04/12/2024;9294/2024;9193/2024;Ordinário;03950;00000;26097-5;ADORE EVENTOS LTDA;4500.00;4500.00;0.00;4500.00
13.392.0026-2055;ORGANIZAR, COLABORAR E REALIZAR EVENTOS, CONFERÊNCIAS E FESTIVIDADES DO CALENDÁRIO;18/11/2025;6912/2025;6765/2025;Ordinário;04820;00000;26971-9;JÓIA RARA PRODUÇÕES MÚSICAIS EIRELI-EPP;80000.00;6500.00;0.00;6500.00
13.392.0026-2057;MANUTENÇÃO DAS UNIDADES DE ATENDIMENTO A CULTURA;05/05/2022;2770/2022;2814/2022;Ordinário;05870;00000;30-2;M. D. MARTINS & CIA. LTDA.;7.18;7.18;0.00;7.18
13.392.0026-2057;MANUTENÇÃO DAS UNIDADES DE ATENDIMENTO A CULTURA;26/09/2022;6325/2022;6279/2022;Ordinário;05910;00000;51-5;SANEPAR-COMPANHIA DE SANEAM.DO PARANA;154.27;154.27;0.00;154.27
13.392.0026-2057;MANUTENÇÃO DAS UNIDADES DE ATENDIMENTO A CULTURA;29/12/2022;8544/2022;8174/2022;Ordinário;05910;00000;279-8;SECRETARIA DE ESTADO DA FAZENDA DO PARANA;180.00;180.00;0.00;180.00
13.392.0026-2057;MANUTENÇÃO DAS UNIDADES DE ATENDIMENTO A CULTURA;11/01/2023;38/2023;42/2023;Ordinário;04550;00000;23846-5;VITOR HUGO PIOVESAM DO NASCIMENTO;216.66;216.66;0.00;216.66
13.392.0026-2057;MANUTENÇÃO DAS UNIDADES DE ATENDIMENTO A CULTURA;11/01/2023;41/2023;40/2023;Ordinário;04550;00000;23861-9;LUIDI FAGUNDES COSTA;163.33;163.33;0.00;163.33
13.392.0026-2057;MANUTENÇÃO DAS UNIDADES DE ATENDIMENTO A CULTURA;13/01/2023;50/2023;72/2023;Ordinário;04550;00000;23863-5;ERIK FAGUNDES COSTA;65.00;65.00;0.00;65.00
13.392.0026-2057;MANUTENÇÃO DAS UNIDADES DE ATENDIMENTO A CULTURA;06/02/2023;618/2023;417/2023;Ordinário;04560;00000;23915-1;J.H.M. SERVIÇOS DE SOM E IMAGEM LTDA;8500.00;8500.00;0.00;8500.00
13.392.0026-2057;MANUTENÇÃO DAS UNIDADES DE ATENDIMENTO A CULTURA;17/02/2023;791/2023;421/2023;Ordinário;04550;00000;23846-5;VITOR HUGO PIOVESAM DO NASCIMENTO;672.73;672.73;0.00;672.73
13.392.0026-2057;MANUTENÇÃO DAS UNIDADES DE ATENDIMENTO A CULTURA;02/05/2023;2900/2023;2922/2023;Ordinário;04560;00000;93-1;ANTONIO R. MARIANO - ME;140.00;140.00;0.00;140.00
13.392.0026-2057;MANUTENÇÃO DAS UNIDADES DE ATENDIMENTO A CULTURA;18/07/2023;4850/2023;4899/2023;Ordinário;04560;00000;50-7;COPEL DISTRIBUICAO S.A.;450.17;450.17;0.00;450.17
13.392.0026-2057;MANUTENÇÃO DAS UNIDADES DE ATENDIMENTO A CULTURA;18/09/2023;6611/2023;6653/2023;Ordinário;04560;00000;50-7;COPEL DISTRIBUICAO S.A.;443.40;443.40;0.00;443.40
13.392.0026-2057;MANUTENÇÃO DAS UNIDADES DE ATENDIMENTO A CULTURA;20/10/2023;7528/2023;7299/2023;Ordinário;04520;00000;23775-2;GRAND COMMERCE LTDA;1750.92;1750.92;0.00;1750.92
13.392.0026-2057;MANUTENÇÃO DAS UNIDADES DE ATENDIMENTO A CULTURA;24/10/2023;7550/2023;7585/2023;Ordinário;04560;00000;50-7;COPEL DISTRIBUICAO S.A.;542.98;542.98;0.00;542.98
13.392.0026-2057;MANUTENÇÃO DAS UNIDADES DE ATENDIMENTO A CULTURA;05/12/2023;8941/2023;8881/2023;Ordinário;04560;00000;22358-1;WELTON DE ARAUJO GOIS 07700786992;600.00;600.00;600.00;0.00
13.392.0026-2057;MANUTENÇÃO DAS UNIDADES DE ATENDIMENTO A CULTURA;19/12/2023;9566/2023;9454/2023;Ordinário;04560;00000;50-7;COPEL DISTRIBUICAO S.A.;516.92;516.92;0.00;516.92
13.392.0026-2057;MANUTENÇÃO DAS UNIDADES DE ATENDIMENTO A CULTURA;10/12/2025;7520/2025;7379/2025;Ordinário;04870;00000;22441-3;RONALDO PEREIRA DA SILVA;3000.00;3000.00;0.00;3000.00
20.606.0027-2058;MANUTENÇÃO DO FOMENTO AGROPECUÁRIO;06/12/2022;8146/2022;8147/2022;Ordinário;05990;00000;23846-5;VITOR HUGO PIOVESAM DO NASCIMENTO;889.00;889.00;0.00;889.00
20.606.0027-2058;MANUTENÇÃO DO FOMENTO AGROPECUÁRIO;19/05/2023;3154/2023;2671/2023;Ordinário;04620;00000;22882-6;CLAUDIO A MIRANDA LTDA;549.35;549.35;0.00;549.35
20.606.0027-2058;MANUTENÇÃO DO FOMENTO AGROPECUÁRIO;13/07/2023;4750/2023;724/2023;Ordinário;04620;00000;23776-1;INSTALART MATERIAIS ELÉTRICOS LTDA;105.00;105.00;0.00;105.00
20.606.0027-2058;MANUTENÇÃO DO FOMENTO AGROPECUÁRIO;13/07/2023;4760/2023;3254/2023;Ordinário;04620;00000;23775-2;GRAND COMMERCE LTDA;277.50;277.50;0.00;277.50
20.606.0027-2058;MANUTENÇÃO DO FOMENTO AGROPECUÁRIO;18/07/2023;4842/2023;4908/2023;Ordinário;04640;00000;50-7;COPEL DISTRIBUICAO S.A.;644.19;644.19;0.00;644.19
20.606.0027-2058;MANUTENÇÃO DO FOMENTO AGROPECUÁRIO;18/09/2023;6619/2023;6662/2023;Ordinário;04640;00000;50-7;COPEL DISTRIBUICAO S.A.;731.01;731.01;0.00;731.01
20.606.0027-2058;MANUTENÇÃO DO FOMENTO AGROPECUÁRIO;06/10/2023;7273/2023;1302/2023;Ordinário;04620;00000;23382-0;CRS DISTRIBUIDORA DE PRODUTOS EM GERAL LTDA;65.00;65.00;0.00;65.00
20.606.0027-2058;MANUTENÇÃO DO FOMENTO AGROPECUÁRIO;24/10/2023;7558/2023;7594/2023;Ordinário;04640;00000;50-7;COPEL DISTRIBUICAO S.A.;780.26;780.26;0.00;780.26
20.606.0027-2058;MANUTENÇÃO DO FOMENTO AGROPECUÁRIO;14/11/2023;8228/2023;8022/2023;Ordinário;04620;00000;21972-0;NORTE INDUSTRIA GRAFICA LTDA;3800.00;3800.00;0.00;3800.00
20.606.0027-2058;MANUTENÇÃO DO FOMENTO AGROPECUÁRIO;23/11/2023;8461/2023;8509/2023;Ordinário;04640;00000;279-8;SECRETARIA DE ESTADO DA FAZENDA DO PARANA;90.00;90.00;0.00;90.00
20.606.0027-2058;MANUTENÇÃO DO FOMENTO AGROPECUÁRIO;19/12/2023;9576/2023;9462/2023;Ordinário;04640;00000;50-7;COPEL DISTRIBUICAO S.A.;876.31;876.31;0.00;876.31
20.606.0027-2058;MANUTENÇÃO DO FOMENTO AGROPECUÁRIO;20/02/2024;1011/2024;1133/2024;Ordinário;04100;00000;22121-0;EJW TELECOMUNICAÇÕES LTDA;195.66;195.66;0.00;195.66
20.606.0027-2058;MANUTENÇÃO DO FOMENTO AGROPECUÁRIO;31/08/2024;6917/2024;6789/2024;Ordinário;04100;00000;22108-2;GENTE SEGURADORA S.A.;2100.00;2100.00;0.00;2100.00
20.606.0027-2058;MANUTENÇÃO DO FOMENTO AGROPECUÁRIO;09/10/2024;7868/2024;6466/2024;Estimativa;04100;00000;23528-8;PRIME AMBIENTAL RESIDUOS EIRELI;6072.00;6072.00;0.00;6072.00
20.606.0027-2058;MANUTENÇÃO DO FOMENTO AGROPECUÁRIO;25/10/2024;8327/2024;8267/2024;Ordinário;04080;00000;25624-2;ADEMIR MANÇAN JUNIOR;2900.00;2900.00;0.00;2900.00
20.606.0027-2058;MANUTENÇÃO DO FOMENTO AGROPECUÁRIO;18/11/2024;8917/2024;6466/2024;Estimativa;04100;00000;23528-8;PRIME AMBIENTAL RESIDUOS EIRELI;6509.00;6509.00;0.00;6509.00
20.606.0027-2058;MANUTENÇÃO DO FOMENTO AGROPECUÁRIO;18/11/2024;8918/2024;6466/2024;Estimativa;04100;00000;23528-8;PRIME AMBIENTAL RESIDUOS EIRELI;9269.00;9269.00;0.00;9269.00
20.606.0027-2058;MANUTENÇÃO DO FOMENTO AGROPECUÁRIO;28/10/2025;6467/2025;6365/2025;Ordinário;04980;00000;26656-6;FUNDO ESTADUAL DO MEIO AMBIENTE - FEMA;2748.49;2748.49;0.00;2748.49
20.606.0027-2058;MANUTENÇÃO DO FOMENTO AGROPECUÁRIO;28/11/2025;7205/2025;5607/2025;Ordinário;04960;00000;26636-1;WALMAR DISTRIBUIDORA AUTOMOTIVA LTDA ME;355.22;0.02;0.00;0.02
20.608.0027-1060;ADQUIRIR TRATOR AGRÍCOLA - CONV. 913826/2021;29/12/2023;9835/2023;6434/2023;Ordinário;04690;00000;24216-1;AGROJAX LTDA;2000.00;2000.00;2000.00;0.00
18.542.0028-2059;MANUTENÇÃO DO SERVIÇOS DE MEIO AMBIENTE;06/12/2023;8992/2023;9020/2023;Global;04835;00567;23530-0;KURICA AMBIENTAL S/A;115.19;115.19;0.00;115.19
18.542.0028-2059;MANUTENÇÃO DO SERVIÇOS DE MEIO AMBIENTE;15/05/2025;2968/2025;1333/2025;Ordinário;05080;00000;23530-0;KURICA AMBIENTAL S/A;24734.82;24734.82;0.00;24734.82
18.542.0028-2059;MANUTENÇÃO DO SERVIÇOS DE MEIO AMBIENTE;29/08/2025;5316/2025;4689/2025;Ordinário;05081;01001;26305-2;BGL BERTONI ENGENHARIA AMBIENTAL LTDA;18480.00;18480.00;0.00;18480.00
18.542.0028-2059;MANUTENÇÃO DO SERVIÇOS DE MEIO AMBIENTE;30/09/2025;5982/2025;5408/2025;Ordinário;05060;00000;26282-0;BENÍCIO PNEUS LTDA;2292.00;2292.00;0.00;2292.00
