orgao_codigo;orgao_nome;unidade_codigo;unidade_nome;projeto_atividade_codigo;projeto_atividade_nome;conta_despesa_codigo;conta_despesa_nome;fonte_seq;fonte_grupo;fonte_codigo;fonte_detalhe;fonte_descricao;valor_autorizado;valor_atualizado;liquido_empenhado;saldo_atual
02;GOVERNO MUNICIPAL;001;GABINETE DO PREFEITO;04.122.0002.2003;Manutenção das Atividades do Gabinete do Prefeito;3.1.90.11.00.00;VENCIMENTOS E VANTAGENS FIXAS - PESSOAL CIVIL;00010;E;00000;0000/01/07/00/00;Recursos Ordinários (Livres);484000.00;410116.95;284816.82;125300.13
02;GOVERNO MUNICIPAL;001;GABINETE DO PREFEITO;04.122.0002.2003;Manutenção das Atividades do Gabinete do Prefeito;3.1.90.13.00.00;CONTRIBUIÇÕES PATRONAIS;00020;E;00000;0000/01/07/00/00;Recursos Ordinários (Livres);90000.00;88500.00;48960.77;39539.23
02;GOVERNO MUNICIPAL;001;GABINETE DO PREFEITO;04.122.0002.2003;Manutenção das Atividades do Gabinete do Prefeito;3.3.90.14.00.00;DIÁRIAS - CIVIL;00030;E;00000;0000/01/07/00/00;Recursos Ordinários (Livres);60000.00;60000.00;32330.00;27670.00
02;GOVERNO MUNICIPAL;001;GABINETE DO PREFEITO;04.122.0002.2003;Manutenção das Atividades do Gabinete do Prefeito;3.3.90.33.00.00;PASSAGENS E DESPESAS COM LOCOMOÇÃO;00040;E;00000;0000/01/07/00/00;Recursos Ordinários (Livres);15000.00;15000.00;0.00;15000.00
02;GOVERNO MUNICIPAL;002;DEPARTAMENTO DE PROCURADORIA MUNICIPAL;03.092.0002.2004;Manutenção das Atividades da Produradoria Geral do Município;3.1.90.11.00.00;VENCIMENTOS E VANTAGENS FIXAS - PESSOAL CIVIL;00050;E;00000;0000/01/07/00/00;Recursos Ordinários (Livres);467000.00;411000.00;329517.07;81482.93
02;GOVERNO MUNICIPAL;002;DEPARTAMENTO DE PROCURADORIA MUNICIPAL;03.092.0002.2004;Manutenção das Atividades da Produradoria Geral do Município;3.1.90.13.00.00;CONTRIBUIÇÕES PATRONAIS;00060;E;00000;0000/01/07/00/00;Recursos Ordinários (Livres);87000.00;87000.00;54363.49;32636.51
02;GOVERNO MUNICIPAL;002;DEPARTAMENTO DE PROCURADORIA MUNICIPAL;03.092.0002.2004;Manutenção das Atividades da Produradoria Geral do Município;3.3.90.14.00.00;DIÁRIAS - CIVIL;00070;E;00000;0000/01/07/00/00;Recursos Ordinários (Livres);7000.00;17000.00;7470.00;9530.00
02;GOVERNO MUNICIPAL;002;DEPARTAMENTO DE PROCURADORIA MUNICIPAL;03.092.0002.2004;Manutenção das Atividades da Produradoria Geral do Município;3.3.90.33.00.00;PASSAGENS E DESPESAS COM LOCOMOÇÃO;00080;E;00000;0000/01/07/00/00;Recursos Ordinários (Livres);3000.00;3000.00;0.00;3000.00
02;GOVERNO MUNICIPAL;003;DEPARTAMENTO DE CONTROLADORIA;04.124.0002.2005;Manutenção das Atividades de Controle Interno;3.1.90.11.00.00;VENCIMENTOS E VANTAGENS FIXAS - PESSOAL CIVIL;00090;E;00000;0000/01/07/00/00;Recursos Ordinários (Livres);296000.00;293000.00;172482.81;120517.19
02;GOVERNO MUNICIPAL;003;DEPARTAMENTO DE CONTROLADORIA;04.124.0002.2005;Manutenção das Atividades de Controle Interno;3.1.90.13.00.00;CONTRIBUIÇÕES PATRONAIS;00100;E;00000;0000/01/07/00/00;Recursos Ordinários (Livres);55000.00;55000.00;30283.31;24716.69
02;GOVERNO MUNICIPAL;003;DEPARTAMENTO DE CONTROLADORIA;04.124.0002.2005;Manutenção das Atividades de Controle Interno;3.3.90.14.00.00;DIÁRIAS - CIVIL;00110;E;00000;0000/01/07/00/00;Recursos Ordinários (Livres);2000.00;7140.00;0.00;7140.00
02;GOVERNO MUNICIPAL;003;DEPARTAMENTO DE CONTROLADORIA;04.124.0002.2005;Manutenção das Atividades de Controle Interno;3.3.90.46.00.00;AUXÍLIO-ALIMENTAÇÃO;00120;E;00000;0000/01/07/00/00;Recursos Ordinários (Livres);2100.00;2100.00;0.00;2100.00
02;GOVERNO MUNICIPAL;004;ASSESSORIA JURÍDICA DE GABINETE;04.122.0002.2006;Manutenção das Atividades de Consultoria e Assessoria Técnica;3.3.90.35.00.00;SERVIÇOS DE CONSULTORIA;00130;E;00000;0000/01/07/00/00;Recursos Ordinários (Livres);30000.00;0.00;0.00;0.00
02;GOVERNO MUNICIPAL;004;ASSESSORIA JURÍDICA DE GABINETE;04.122.0002.2006;Manutenção das Atividades de Consultoria e Assessoria Técnica;3.3.90.39.00.00;OUTROS SERVIÇOS DE TERCEIROS - PESSOA JURÍDICA;00140;E;00000;0000/01/07/00/00;Recursos Ordinários (Livres);10000.00;14500.00;13252.20;1247.80
03;SECRETARIA DE ADMINISTRAÇÃO;001;DEPARTAMENTO DE ADMINISTRAÇÃO;04.122.0002.2007;Manutenção das Atividades da Administração Geral (Serviços Gerais);3.1.90.01.00.00;APOSENTADORIAS DO RPPS, RESERVA REMUNERADA E REFORMAS DOS MILITARES;00150;E;00000;0000/01/07/00/00;Recursos Ordinários (Livres);303000.00;233000.00;0.00;233000.00
03;SECRETARIA DE ADMINISTRAÇÃO;001;DEPARTAMENTO DE ADMINISTRAÇÃO;04.122.0002.2007;Manutenção das Atividades da Administração Geral (Serviços Gerais);3.1.90.03.00.00;PENSÕES DO RPPS E DO MILITAR;00160;E;00000;0000/01/07/00/00;Recursos Ordinários (Livres);444000.00;229000.00;0.00;229000.00
03;SECRETARIA DE ADMINISTRAÇÃO;001;DEPARTAMENTO DE ADMINISTRAÇÃO;04.122.0002.2007;Manutenção das Atividades da Administração Geral (Serviços Gerais);3.1.90.11.00.00;VENCIMENTOS E VANTAGENS FIXAS - PESSOAL CIVIL;00170;E;00000;0000/01/07/00/00;Recursos Ordinários (Livres);898000.00;890000.00;881704.98;8295.02
03;SECRETARIA DE ADMINISTRAÇÃO;001;DEPARTAMENTO DE ADMINISTRAÇÃO;04.122.0002.2007;Manutenção das Atividades da Administração Geral (Serviços Gerais);3.1.90.13.00.00;CONTRIBUIÇÕES PATRONAIS;00180;E;00000;0000/01/07/00/00;Recursos Ordinários (Livres);166500.00;166500.00;91165.05;75334.95
03;SECRETARIA DE ADMINISTRAÇÃO;001;DEPARTAMENTO DE ADMINISTRAÇÃO;04.122.0002.2007;Manutenção das Atividades da Administração Geral (Serviços Gerais);3.3.90.14.00.00;DIÁRIAS - CIVIL;00190;E;00000;0000/01/07/00/00;Recursos Ordinários (Livres);60000.00;60000.00;28325.00;31675.00
03;SECRETARIA DE ADMINISTRAÇÃO;001;DEPARTAMENTO DE ADMINISTRAÇÃO;04.122.0002.2007;Manutenção das Atividades da Administração Geral (Serviços Gerais);3.3.90.30.00.00;MATERIAL DE CONSUMO;00200;E;00000;0000/01/07/00/00;Recursos Ordinários (Livres);600000.00;571900.00;322598.56;249301.44
03;SECRETARIA DE ADMINISTRAÇÃO;001;DEPARTAMENTO DE ADMINISTRAÇÃO;04.122.0002.2007;Manutenção das Atividades da Administração Geral (Serviços Gerais);3.3.90.30.00.00;MATERIAL DE CONSUMO;00203;E;00002;0002/01/07/00/00;Desvinculação das Receitas dos Municípios - DRM;0.00;7821.30;7821.30;0.00
03;SECRETARIA DE ADMINISTRAÇÃO;001;DEPARTAMENTO DE ADMINISTRAÇÃO;04.122.0002.2007;Manutenção das Atividades da Administração Geral (Serviços Gerais);3.3.90.30.00.00;MATERIAL DE CONSUMO;00203;EA;00002;0002/01/07/00/00;Desvinculação das Receitas dos Municípios - DRM;0.00;10562.32;9109.00;1453.32
03;SECRETARIA DE ADMINISTRAÇÃO;001;DEPARTAMENTO DE ADMINISTRAÇÃO;04.122.0002.2007;Manutenção das Atividades da Administração Geral (Serviços Gerais);3.3.90.30.00.00;MATERIAL DE CONSUMO;00204;E;00378;0494/09/02/05/20;REPASSE PROAPS SESA PR;0.00;0.00;0.00;0.00
03;SECRETARIA DE ADMINISTRAÇÃO;001;DEPARTAMENTO DE ADMINISTRAÇÃO;04.122.0002.2007;Manutenção das Atividades da Administração Geral (Serviços Gerais);3.3.90.30.00.00;MATERIAL DE CONSUMO;00204;EA;00378;0494/09/02/05/20;REPASSE PROAPS SESA PR;0.00;6000.00;0.00;6000.00
03;SECRETARIA DE ADMINISTRAÇÃO;001;DEPARTAMENTO DE ADMINISTRAÇÃO;04.122.0002.2007;Manutenção das Atividades da Administração Geral (Serviços Gerais);3.3.90.30.00.00;MATERIAL DE CONSUMO;00202;E;00504;0504/99/99/00/00;Outros Royalties e Compensações Financeiras e Patrimoniais não Previdenciárias;0.00;27218.99;26937.04;281.95
03;SECRETARIA DE ADMINISTRAÇÃO;001;DEPARTAMENTO DE ADMINISTRAÇÃO;04.122.0002.2007;Manutenção das Atividades da Administração Geral (Serviços Gerais);3.3.90.30.00.00;MATERIAL DE CONSUMO;00205;E;00505;0505/99/99/00/00;Royalties Tratado de Itaipú Binacional;0.00;0.00;0.00;0.00
03;SECRETARIA DE ADMINISTRAÇÃO;001;DEPARTAMENTO DE ADMINISTRAÇÃO;04.122.0002.2007;Manutenção das Atividades da Administração Geral (Serviços Gerais);3.3.90.30.00.00;MATERIAL DE CONSUMO;00205;EA;00505;0505/99/99/00/00;Royalties Tratado de Itaipú Binacional;0.00;17000.00;15683.42;1316.58
03;SECRETARIA DE ADMINISTRAÇÃO;001;DEPARTAMENTO DE ADMINISTRAÇÃO;04.122.0002.2007;Manutenção das Atividades da Administração Geral (Serviços Gerais);3.3.90.30.00.00;MATERIAL DE CONSUMO;00201;E;00510;0510/01/07/00/00;Taxas - Exercício Poder de Polícia;0.00;31760.00;31756.33;3.67
03;SECRETARIA DE ADMINISTRAÇÃO;001;DEPARTAMENTO DE ADMINISTRAÇÃO;04.122.0002.2007;Manutenção das Atividades da Administração Geral (Serviços Gerais);3.3.90.30.00.00;MATERIAL DE CONSUMO;00208;E;00511;0511/01/07/00/00;Taxas - Prestação de Serviços;0.00;26475.00;26125.53;349.47
03;SECRETARIA DE ADMINISTRAÇÃO;001;DEPARTAMENTO DE ADMINISTRAÇÃO;04.122.0002.2007;Manutenção das Atividades da Administração Geral (Serviços Gerais);3.3.90.30.00.00;MATERIAL DE CONSUMO;00208;EA;00511;0511/01/07/00/00;Taxas - Prestação de Serviços;0.00;30000.00;25932.62;4067.38
03;SECRETARIA DE ADMINISTRAÇÃO;001;DEPARTAMENTO DE ADMINISTRAÇÃO;04.122.0002.2007;Manutenção das Atividades da Administração Geral (Serviços Gerais);3.3.90.30.00.00;MATERIAL DE CONSUMO;00209;E;01015;1015/14/99/00/00;Cessão Onerosa - Pré-Sal - Lei nº 13.885/2019;0.00;0.00;0.00;0.00
03;SECRETARIA DE ADMINISTRAÇÃO;001;DEPARTAMENTO DE ADMINISTRAÇÃO;04.122.0002.2007;Manutenção das Atividades da Administração Geral (Serviços Gerais);3.3.90.30.00.00;MATERIAL DE CONSUMO;00209;EA;01015;1015/14/99/00/00;Cessão Onerosa - Pré-Sal - Lei nº 13.885/2019;0.00;43000.00;16015.49;26984.51
03;SECRETARIA DE ADMINISTRAÇÃO;001;DEPARTAMENTO DE ADMINISTRAÇÃO;04.122.0002.2007;Manutenção das Atividades da Administração Geral (Serviços Gerais);3.3.90.30.00.00;MATERIAL DE CONSUMO;00207;E;11045;1045/01/07/00/00;Outros Recursos não Vinculados;0.00;19320.00;18280.56;1039.44
03;SECRETARIA DE ADMINISTRAÇÃO;001;DEPARTAMENTO DE ADMINISTRAÇÃO;04.122.0002.2007;Manutenção das Atividades da Administração Geral (Serviços Gerais);3.3.90.30.00.00;MATERIAL DE CONSUMO;00206;E;19391;1045/01/07/00/00;Taxa de incrição do Concurso Público Centenario do Sul Edital 01_2025;0.00;0.00;0.00;0.00
03;SECRETARIA DE ADMINISTRAÇÃO;001;DEPARTAMENTO DE ADMINISTRAÇÃO;04.122.0002.2007;Manutenção das Atividades da Administração Geral (Serviços Gerais);3.3.90.30.00.00;MATERIAL DE CONSUMO;00206;EA;19391;1045/01/07/00/00;Taxa de incrição do Concurso Público Centenario do Sul Edital 01_2025;0.00;4500.00;754.12;3745.88
03;SECRETARIA DE ADMINISTRAÇÃO;001;DEPARTAMENTO DE ADMINISTRAÇÃO;04.122.0002.2007;Manutenção das Atividades da Administração Geral (Serviços Gerais);3.3.90.33.00.00;PASSAGENS E DESPESAS COM LOCOMOÇÃO;00210;E;00000;0000/01/07/00/00;Recursos Ordinários (Livres);5000.00;5000.00;0.00;5000.00
03;SECRETARIA DE ADMINISTRAÇÃO;001;DEPARTAMENTO DE ADMINISTRAÇÃO;04.122.0002.2007;Manutenção das Atividades da Administração Geral (Serviços Gerais);3.3.90.36.00.00;OUTROS SERVIÇOS DE TERCEIROS - PESSOA FÍSICA;00220;E;00000;0000/01/07/00/00;Recursos Ordinários (Livres);10000.00;46364.66;39592.00;6772.66
03;SECRETARIA DE ADMINISTRAÇÃO;001;DEPARTAMENTO DE ADMINISTRAÇÃO;04.122.0002.2007;Manutenção das Atividades da Administração Geral (Serviços Gerais);3.3.90.36.00.00;OUTROS SERVIÇOS DE TERCEIROS - PESSOA FÍSICA;00221;E;00510;0510/01/07/00/00;Taxas - Exercício Poder de Polícia;0.00;6000.00;5600.00;400.00
03;SECRETARIA DE ADMINISTRAÇÃO;001;DEPARTAMENTO DE ADMINISTRAÇÃO;04.122.0002.2007;Manutenção das Atividades da Administração Geral (Serviços Gerais);3.3.90.39.00.00;OUTROS SERVIÇOS DE TERCEIROS - PESSOA JURÍDICA;00230;E;00000;0000/01/07/00/00;Recursos Ordinários (Livres);900000.00;1067604.18;931587.23;136016.95
03;SECRETARIA DE ADMINISTRAÇÃO;001;DEPARTAMENTO DE ADMINISTRAÇÃO;04.122.0002.2007;Manutenção das Atividades da Administração Geral (Serviços Gerais);3.3.90.39.00.00;OUTROS SERVIÇOS DE TERCEIROS - PESSOA JURÍDICA;00230;EA;00000;0000/01/07/00/00;Recursos Ordinários (Livres);0.00;40617.46;38457.00;2160.46
03;SECRETARIA DE ADMINISTRAÇÃO;001;DEPARTAMENTO DE ADMINISTRAÇÃO;04.122.0002.2007;Manutenção das Atividades da Administração Geral (Serviços Gerais);3.3.90.39.00.00;OUTROS SERVIÇOS DE TERCEIROS - PESSOA JURÍDICA;00262;E;00002;0002/01/07/00/00;Desvinculação das Receitas dos Municípios - DRM;0.00;180000.00;174515.39;5484.61
03;SECRETARIA DE ADMINISTRAÇÃO;001;DEPARTAMENTO DE ADMINISTRAÇÃO;04.122.0002.2007;Manutenção das Atividades da Administração Geral (Serviços Gerais);3.3.90.39.00.00;OUTROS SERVIÇOS DE TERCEIROS - PESSOA JURÍDICA;00264;E;00504;0504/99/99/00/00;Outros Royalties e Compensações Financeiras e Patrimoniais não Previdenciárias;0.00;4000.00;0.00;4000.00
03;SECRETARIA DE ADMINISTRAÇÃO;001;DEPARTAMENTO DE ADMINISTRAÇÃO;04.122.0002.2007;Manutenção das Atividades da Administração Geral (Serviços Gerais);3.3.90.39.00.00;OUTROS SERVIÇOS DE TERCEIROS - PESSOA JURÍDICA;00240;E;00510;0510/01/07/00/00;Taxas - Exercício Poder de Polícia;50000.00;21940.00;7906.46;14033.54
03;SECRETARIA DE ADMINISTRAÇÃO;001;DEPARTAMENTO DE ADMINISTRAÇÃO;04.122.0002.2007;Manutenção das Atividades da Administração Geral (Serviços Gerais);3.3.90.39.00.00;OUTROS SERVIÇOS DE TERCEIROS - PESSOA JURÍDICA;00250;E;00511;0511/01/07/00/00;Taxas - Prestação de Serviços;300000.00;267732.55;92173.90;175558.65
03;SECRETARIA DE ADMINISTRAÇÃO;001;DEPARTAMENTO DE ADMINISTRAÇÃO;04.122.0002.2007;Manutenção das Atividades da Administração Geral (Serviços Gerais);3.3.90.39.00.00;OUTROS SERVIÇOS DE TERCEIROS - PESSOA JURÍDICA;00263;E;01015;1015/14/99/00/00;Cessão Onerosa - Pré-Sal - Lei nº 13.885/2019;0.00;0.00;0.00;0.00
03;SECRETARIA DE ADMINISTRAÇÃO;001;DEPARTAMENTO DE ADMINISTRAÇÃO;04.122.0002.2007;Manutenção das Atividades da Administração Geral (Serviços Gerais);3.3.90.39.00.00;OUTROS SERVIÇOS DE TERCEIROS - PESSOA JURÍDICA;00263;EA;01015;1015/14/99/00/00;Cessão Onerosa - Pré-Sal - Lei nº 13.885/2019;0.00;9000.00;8834.46;165.54
03;SECRETARIA DE ADMINISTRAÇÃO;001;DEPARTAMENTO DE ADMINISTRAÇÃO;04.122.0002.2007;Manutenção das Atividades da Administração Geral (Serviços Gerais);3.3.90.39.00.00;OUTROS SERVIÇOS DE TERCEIROS - PESSOA JURÍDICA;00260;E;11045;1045/01/07/00/00;Outros Recursos não Vinculados;124000.00;106680.00;3000.00;103680.00
03;SECRETARIA DE ADMINISTRAÇÃO;001;DEPARTAMENTO DE ADMINISTRAÇÃO;04.122.0002.2007;Manutenção das Atividades da Administração Geral (Serviços Gerais);3.3.90.39.00.00;OUTROS SERVIÇOS DE TERCEIROS - PESSOA JURÍDICA;00261;E;19391;1045/01/07/00/00;Taxa de incrição do Concurso Público Centenario do Sul Edital 01_2025;0.00;122940.00;118105.00;4835.00
03;SECRETARIA DE ADMINISTRAÇÃO;001;DEPARTAMENTO DE ADMINISTRAÇÃO;04.122.0002.2007;Manutenção das Atividades da Administração Geral (Serviços Gerais);3.3.90.39.00.00;OUTROS SERVIÇOS DE TERCEIROS - PESSOA JURÍDICA;00261;EA;19391;1045/01/07/00/00;Taxa de incrição do Concurso Público Centenario do Sul Edital 01_2025;0.00;63000.00;21806.50;41193.50
03;SECRETARIA DE ADMINISTRAÇÃO;001;DEPARTAMENTO DE ADMINISTRAÇÃO;04.122.0002.2007;Manutenção das Atividades da Administração Geral (Serviços Gerais);3.3.90.40.00.00;SERVIÇOS DE TECNOLOGIA DA INFORMAÇÃO E COMUNICAÇÃO - PESSOA JURÍDICA;00270;E;00000;0000/01/07/00/00;Recursos Ordinários (Livres);50000.00;48000.00;30080.00;17920.00
03;SECRETARIA DE ADMINISTRAÇÃO;001;DEPARTAMENTO DE ADMINISTRAÇÃO;04.122.0002.2007;Manutenção das Atividades da Administração Geral (Serviços Gerais);3.3.90.46.00.00;AUXÍLIO-ALIMENTAÇÃO;00280;E;00000;0000/01/07/00/00;Recursos Ordinários (Livres);13000.00;13000.00;8000.00;5000.00
03;SECRETARIA DE ADMINISTRAÇÃO;001;DEPARTAMENTO DE ADMINISTRAÇÃO;04.122.0002.2007;Manutenção das Atividades da Administração Geral (Serviços Gerais);3.3.90.47.00.00;OBRIGAÇÕES TRIBUTÁRIAS E CONTRIBUTIVAS;00290;E;00000;0000/01/07/00/00;Recursos Ordinários (Livres);10000.00;482000.00;473300.74;8699.26
03;SECRETARIA DE ADMINISTRAÇÃO;001;DEPARTAMENTO DE ADMINISTRAÇÃO;04.122.0002.2007;Manutenção das Atividades da Administração Geral (Serviços Gerais);3.3.90.47.00.00;OBRIGAÇÕES TRIBUTÁRIAS E CONTRIBUTIVAS;00292;E;00505;0505/99/99/00/00;Royalties Tratado de Itaipú Binacional;0.00;150.00;36.64;113.36
03;SECRETARIA DE ADMINISTRAÇÃO;001;DEPARTAMENTO DE ADMINISTRAÇÃO;04.122.0002.2007;Manutenção das Atividades da Administração Geral (Serviços Gerais);3.3.90.47.00.00;OBRIGAÇÕES TRIBUTÁRIAS E CONTRIBUTIVAS;00291;E;00512;0512/99/99/00/00;CIDE (Lei 10866/04, art. 1ºB);0.00;500.00;143.61;356.39
03;SECRETARIA DE ADMINISTRAÇÃO;001;DEPARTAMENTO DE ADMINISTRAÇÃO;04.122.0002.2007;Manutenção das Atividades da Administração Geral (Serviços Gerais);3.3.90.92.00.00;DESPESAS DE EXERCÍCIOS ANTERIORES;00300;E;00000;0000/01/07/00/00;Recursos Ordinários (Livres);30000.00;50000.00;46755.42;3244.58
03;SECRETARIA DE ADMINISTRAÇÃO;001;DEPARTAMENTO DE ADMINISTRAÇÃO;04.122.0002.2007;Manutenção das Atividades da Administração Geral (Serviços Gerais);3.3.90.92.00.00;DESPESAS DE EXERCÍCIOS ANTERIORES;00302;E;00303;0303/01/02/00/00;Saúde - Receitas Vinculadas (E.C. 29/00 - 15%);0.00;33000.00;29219.47;3780.53
03;SECRETARIA DE ADMINISTRAÇÃO;001;DEPARTAMENTO DE ADMINISTRAÇÃO;04.122.0002.2007;Manutenção das Atividades da Administração Geral (Serviços Gerais);3.3.90.92.00.00;DESPESAS DE EXERCÍCIOS ANTERIORES;00303;E;00567;1011/09/99/05/18;FUNDO MUNICIPAL DO MEIO AMBIENTE - FMMA;0.00;0.00;0.00;0.00
03;SECRETARIA DE ADMINISTRAÇÃO;001;DEPARTAMENTO DE ADMINISTRAÇÃO;04.122.0002.2007;Manutenção das Atividades da Administração Geral (Serviços Gerais);3.3.90.92.00.00;DESPESAS DE EXERCÍCIOS ANTERIORES;00303;EA;00567;1011/09/99/05/18;FUNDO MUNICIPAL DO MEIO AMBIENTE - FMMA;0.00;40000.00;33020.90;6979.10
03;SECRETARIA DE ADMINISTRAÇÃO;001;DEPARTAMENTO DE ADMINISTRAÇÃO;04.122.0002.2007;Manutenção das Atividades da Administração Geral (Serviços Gerais);3.3.90.92.00.00;DESPESAS DE EXERCÍCIOS ANTERIORES;00301;E;11505;1011/12/02/06/18;CUSTEIO PAP - EMENDA INDIVIDUAL PROPOSTA 36000714601202500;0.00;0.00;0.00;0.00
03;SECRETARIA DE ADMINISTRAÇÃO;001;DEPARTAMENTO DE ADMINISTRAÇÃO;04.122.0002.2007;Manutenção das Atividades da Administração Geral (Serviços Gerais);3.3.90.92.00.00;DESPESAS DE EXERCÍCIOS ANTERIORES;00301;EA;11505;1011/12/02/06/18;CUSTEIO PAP - EMENDA INDIVIDUAL PROPOSTA 36000714601202500;0.00;4616.06;4616.06;0.00
03;SECRETARIA DE ADMINISTRAÇÃO;001;DEPARTAMENTO DE ADMINISTRAÇÃO;04.122.0002.2007;Manutenção das Atividades da Administração Geral (Serviços Gerais);3.3.90.93.00.00;INDENIZAÇÕES E RESTITUIÇÕES;00311;E;00000;0000/01/07/00/00;Recursos Ordinários (Livres);100000.00;150000.00;115272.98;34727.02
03;SECRETARIA DE ADMINISTRAÇÃO;001;DEPARTAMENTO DE ADMINISTRAÇÃO;04.122.0002.2007;Manutenção das Atividades da Administração Geral (Serviços Gerais);3.3.90.93.00.00;INDENIZAÇÕES E RESTITUIÇÕES;00316;E;00103;0103/01/01/00/00;5% sobre Transferências Constitucionais FUNDEB;0.00;3300.00;3084.32;215.68
03;SECRETARIA DE ADMINISTRAÇÃO;001;DEPARTAMENTO DE ADMINISTRAÇÃO;04.122.0002.2007;Manutenção das Atividades da Administração Geral (Serviços Gerais);3.3.90.93.00.00;INDENIZAÇÕES E RESTITUIÇÕES;00319;E;00143;1005/03/01/01/01;EJA - TRANSP EST. MUN. E DF;0.00;0.00;0.00;0.00
03;SECRETARIA DE ADMINISTRAÇÃO;001;DEPARTAMENTO DE ADMINISTRAÇÃO;04.122.0002.2007;Manutenção das Atividades da Administração Geral (Serviços Gerais);3.3.90.93.00.00;INDENIZAÇÕES E RESTITUIÇÕES;00319;EA;00143;1005/03/01/01/01;EJA - TRANSP EST. MUN. E DF;0.00;68.09;68.09;0.00
03;SECRETARIA DE ADMINISTRAÇÃO;001;DEPARTAMENTO DE ADMINISTRAÇÃO;04.122.0002.2007;Manutenção das Atividades da Administração Geral (Serviços Gerais);3.3.90.93.00.00;INDENIZAÇÕES E RESTITUIÇÕES;00315;E;00303;0303/01/02/00/00;Saúde - Receitas Vinculadas (E.C. 29/00 - 15%);0.00;3000.00;2169.05;830.95
03;SECRETARIA DE ADMINISTRAÇÃO;001;DEPARTAMENTO DE ADMINISTRAÇÃO;04.122.0002.2007;Manutenção das Atividades da Administração Geral (Serviços Gerais);3.3.90.93.00.00;INDENIZAÇÕES E RESTITUIÇÕES;00322;E;00945;1006/03/02/01/02;AQUISIÇÃO DE EQUIPAMENTOS INVESTIMENTO SESA PR;0.00;37031.62;37031.62;0.00
03;SECRETARIA DE ADMINISTRAÇÃO;001;DEPARTAMENTO DE ADMINISTRAÇÃO;04.122.0002.2007;Manutenção das Atividades da Administração Geral (Serviços Gerais);3.3.90.93.00.00;INDENIZAÇÕES E RESTITUIÇÕES;00322;EA;00945;1006/03/02/01/02;AQUISIÇÃO DE EQUIPAMENTOS INVESTIMENTO SESA PR;0.00;438579.63;438579.63;0.00
03;SECRETARIA DE ADMINISTRAÇÃO;001;DEPARTAMENTO DE ADMINISTRAÇÃO;04.122.0002.2007;Manutenção das Atividades da Administração Geral (Serviços Gerais);3.3.90.93.00.00;INDENIZAÇÕES E RESTITUIÇÕES;00321;E;01012;0940/09/06/06/25;Bloco de Financiamento da Gestão do Programa Bolsa família e Cadastro Único - P;0.00;0.00;0.00;0.00
03;SECRETARIA DE ADMINISTRAÇÃO;001;DEPARTAMENTO DE ADMINISTRAÇÃO;04.122.0002.2007;Manutenção das Atividades da Administração Geral (Serviços Gerais);3.3.90.93.00.00;INDENIZAÇÕES E RESTITUIÇÕES;00321;EA;01012;0940/09/06/06/25;Bloco de Financiamento da Gestão do Programa Bolsa família e Cadastro Único - P;0.00;20478.56;20478.56;0.00
03;SECRETARIA DE ADMINISTRAÇÃO;001;DEPARTAMENTO DE ADMINISTRAÇÃO;04.122.0002.2007;Manutenção das Atividades da Administração Geral (Serviços Gerais);3.3.90.93.00.00;INDENIZAÇÕES E RESTITUIÇÕES;00318;E;01022;1006/03/99/01/02;Transferências do Sistema Único de Assistência Social - SUAS - (Covid -19);0.00;0.00;0.00;0.00
03;SECRETARIA DE ADMINISTRAÇÃO;001;DEPARTAMENTO DE ADMINISTRAÇÃO;04.122.0002.2007;Manutenção das Atividades da Administração Geral (Serviços Gerais);3.3.90.93.00.00;INDENIZAÇÕES E RESTITUIÇÕES;00318;EA;01022;1006/03/99/01/02;Transferências do Sistema Único de Assistência Social - SUAS - (Covid -19);0.00;2404.26;2404.26;0.00
03;SECRETARIA DE ADMINISTRAÇÃO;001;DEPARTAMENTO DE ADMINISTRAÇÃO;04.122.0002.2007;Manutenção das Atividades da Administração Geral (Serviços Gerais);3.3.90.93.00.00;INDENIZAÇÕES E RESTITUIÇÕES;00325;E;01040;1040/02/01/00/00;Transferências do FUNDEB - Complementação da União - VAAR;0.00;247.00;247.00;0.00
03;SECRETARIA DE ADMINISTRAÇÃO;001;DEPARTAMENTO DE ADMINISTRAÇÃO;04.122.0002.2007;Manutenção das Atividades da Administração Geral (Serviços Gerais);3.3.90.93.00.00;INDENIZAÇÕES E RESTITUIÇÕES;00324;E;01948;1005/03/99/01/01;CONVENIO ESTADUAL SEAB - AQUISIÇÃO DE ENSILADEIRA;0.00;132.98;132.98;0.00
03;SECRETARIA DE ADMINISTRAÇÃO;001;DEPARTAMENTO DE ADMINISTRAÇÃO;04.122.0002.2007;Manutenção das Atividades da Administração Geral (Serviços Gerais);3.3.90.93.00.00;INDENIZAÇÕES E RESTITUIÇÕES;00324;EA;01948;1005/03/99/01/01;CONVENIO ESTADUAL SEAB - AQUISIÇÃO DE ENSILADEIRA;0.00;2080.49;2080.49;0.00
03;SECRETARIA DE ADMINISTRAÇÃO;001;DEPARTAMENTO DE ADMINISTRAÇÃO;04.122.0002.2007;Manutenção das Atividades da Administração Geral (Serviços Gerais);3.3.90.93.00.00;INDENIZAÇÕES E RESTITUIÇÕES;00313;E;01950;1005/03/99/01/01;SECID - Aquisição de Caminhão Limpa Fossa;0.00;17.49;17.49;0.00
03;SECRETARIA DE ADMINISTRAÇÃO;001;DEPARTAMENTO DE ADMINISTRAÇÃO;04.122.0002.2007;Manutenção das Atividades da Administração Geral (Serviços Gerais);3.3.90.93.00.00;INDENIZAÇÕES E RESTITUIÇÕES;00313;EA;01950;1005/03/99/01/01;SECID - Aquisição de Caminhão Limpa Fossa;0.00;984.40;984.40;0.00
03;SECRETARIA DE ADMINISTRAÇÃO;001;DEPARTAMENTO DE ADMINISTRAÇÃO;04.122.0002.2007;Manutenção das Atividades da Administração Geral (Serviços Gerais);3.3.90.93.00.00;INDENIZAÇÕES E RESTITUIÇÕES;00312;E;01966;1005/03/99/01/01;SECID - CONVENIO 765/2024 AQUISIÇÃO DE EQUIPAMENTOS PARA PARQUE INFANTIL;0.00;24.49;24.49;0.00
03;SECRETARIA DE ADMINISTRAÇÃO;001;DEPARTAMENTO DE ADMINISTRAÇÃO;04.122.0002.2007;Manutenção das Atividades da Administração Geral (Serviços Gerais);3.3.90.93.00.00;INDENIZAÇÕES E RESTITUIÇÕES;00312;EA;01966;1005/03/99/01/01;SECID - CONVENIO 765/2024 AQUISIÇÃO DE EQUIPAMENTOS PARA PARQUE INFANTIL;0.00;7378.31;1378.31;6000.00
03;SECRETARIA DE ADMINISTRAÇÃO;001;DEPARTAMENTO DE ADMINISTRAÇÃO;04.122.0002.2007;Manutenção das Atividades da Administração Geral (Serviços Gerais);3.3.90.93.00.00;INDENIZAÇÕES E RESTITUIÇÕES;00317;E;01972;1011/09/04/05/18;CEDCA PR DELIBERAÇAO N°13/2024;0.00;28.23;28.23;0.00
03;SECRETARIA DE ADMINISTRAÇÃO;001;DEPARTAMENTO DE ADMINISTRAÇÃO;04.122.0002.2007;Manutenção das Atividades da Administração Geral (Serviços Gerais);3.3.90.93.00.00;INDENIZAÇÕES E RESTITUIÇÕES;00317;EA;01972;1011/09/04/05/18;CEDCA PR DELIBERAÇAO N°13/2024;0.00;765.07;765.07;0.00
03;SECRETARIA DE ADMINISTRAÇÃO;001;DEPARTAMENTO DE ADMINISTRAÇÃO;04.122.0002.2007;Manutenção das Atividades da Administração Geral (Serviços Gerais);3.3.90.93.00.00;INDENIZAÇÕES E RESTITUIÇÕES;00323;E;01997;1005/03/99/01/01;Convênio Estadual- SIT 77574 SETU- FESTA TRADICIONAL NATAL ENCANTADO DE CENT. DO;0.00;4044.46;4044.46;0.00
03;SECRETARIA DE ADMINISTRAÇÃO;001;DEPARTAMENTO DE ADMINISTRAÇÃO;04.122.0002.2007;Manutenção das Atividades da Administração Geral (Serviços Gerais);3.3.90.93.00.00;INDENIZAÇÕES E RESTITUIÇÕES;00323;EA;01997;1005/03/99/01/01;Convênio Estadual- SIT 77574 SETU- FESTA TRADICIONAL NATAL ENCANTADO DE CENT. DO;0.00;100300.83;100300.83;0.00
03;SECRETARIA DE ADMINISTRAÇÃO;001;DEPARTAMENTO DE ADMINISTRAÇÃO;04.122.0002.2007;Manutenção das Atividades da Administração Geral (Serviços Gerais);3.3.90.93.00.00;INDENIZAÇÕES E RESTITUIÇÕES;00314;E;02940;0940/09/06/06/25;Bloco de Financiamento da Gestão do Programa Bolsa família e Cadastro Único - P;0.00;0.00;0.00;0.00
03;SECRETARIA DE ADMINISTRAÇÃO;001;DEPARTAMENTO DE ADMINISTRAÇÃO;04.122.0002.2007;Manutenção das Atividades da Administração Geral (Serviços Gerais);3.3.90.93.00.00;INDENIZAÇÕES E RESTITUIÇÕES;00314;EA;02940;0940/09/06/06/25;Bloco de Financiamento da Gestão do Programa Bolsa família e Cadastro Único - P;0.00;2000.00;1000.00;1000.00
03;SECRETARIA DE ADMINISTRAÇÃO;001;DEPARTAMENTO DE ADMINISTRAÇÃO;04.122.0002.2007;Manutenção das Atividades da Administração Geral (Serviços Gerais);4.4.90.52.00.00;EQUIPAMENTOS E MATERIAL PERMANENTE;00310;E;00000;0000/01/07/00/00;Recursos Ordinários (Livres);50000.00;198990.00;194490.00;4500.00
03;SECRETARIA DE ADMINISTRAÇÃO;001;DEPARTAMENTO DE ADMINISTRAÇÃO;04.122.0002.2007;Manutenção das Atividades da Administração Geral (Serviços Gerais);4.4.90.52.00.00;EQUIPAMENTOS E MATERIAL PERMANENTE;00003;E;00511;0511/01/07/00/00;Taxas - Prestação de Serviços;0.00;42517.45;42288.39;229.06
03;SECRETARIA DE ADMINISTRAÇÃO;001;DEPARTAMENTO DE ADMINISTRAÇÃO;04.128.0002.2008;Aperfeiçoamento dos Processos de Trabalho - Capacitação;3.3.90.14.00.00;DIÁRIAS - CIVIL;00320;E;00000;0000/01/07/00/00;Recursos Ordinários (Livres);5000.00;5000.00;0.00;5000.00
03;SECRETARIA DE ADMINISTRAÇÃO;001;DEPARTAMENTO DE ADMINISTRAÇÃO;04.128.0002.2008;Aperfeiçoamento dos Processos de Trabalho - Capacitação;3.3.90.30.00.00;MATERIAL DE CONSUMO;00330;E;00000;0000/01/07/00/00;Recursos Ordinários (Livres);1000.00;1000.00;0.00;1000.00
03;SECRETARIA DE ADMINISTRAÇÃO;001;DEPARTAMENTO DE ADMINISTRAÇÃO;04.128.0002.2008;Aperfeiçoamento dos Processos de Trabalho - Capacitação;3.3.90.33.00.00;PASSAGENS E DESPESAS COM LOCOMOÇÃO;00340;E;00000;0000/01/07/00/00;Recursos Ordinários (Livres);3000.00;3000.00;0.00;3000.00
03;SECRETARIA DE ADMINISTRAÇÃO;001;DEPARTAMENTO DE ADMINISTRAÇÃO;04.128.0002.2008;Aperfeiçoamento dos Processos de Trabalho - Capacitação;3.3.90.39.00.00;OUTROS SERVIÇOS DE TERCEIROS - PESSOA JURÍDICA;00350;E;00000;0000/01/07/00/00;Recursos Ordinários (Livres);3000.00;3000.00;0.00;3000.00
03;SECRETARIA DE ADMINISTRAÇÃO;002;DEPARTAMENTO DE RECURSOS HUMANOS;04.128.0002.2009;Manutenção das Atividades do Departamento de Recursos Humanos;3.1.90.11.00.00;VENCIMENTOS E VANTAGENS FIXAS - PESSOAL CIVIL;00360;E;00000;0000/01/07/00/00;Recursos Ordinários (Livres);145000.00;145000.00;82359.08;62640.92
03;SECRETARIA DE ADMINISTRAÇÃO;002;DEPARTAMENTO DE RECURSOS HUMANOS;04.128.0002.2009;Manutenção das Atividades do Departamento de Recursos Humanos;3.1.90.13.00.00;CONTRIBUIÇÕES PATRONAIS;00370;E;00000;0000/01/07/00/00;Recursos Ordinários (Livres);27000.00;27000.00;14293.04;12706.96
03;SECRETARIA DE ADMINISTRAÇÃO;002;DEPARTAMENTO DE RECURSOS HUMANOS;04.128.0002.2009;Manutenção das Atividades do Departamento de Recursos Humanos;3.1.90.16.00.00;OUTRAS DESPESAS VARIÁVEIS - PESSOAL CIVIL;00380;E;00000;0000/01/07/00/00;Recursos Ordinários (Livres);20000.00;20000.00;0.00;20000.00
03;SECRETARIA DE ADMINISTRAÇÃO;002;DEPARTAMENTO DE RECURSOS HUMANOS;04.128.0002.2009;Manutenção das Atividades do Departamento de Recursos Humanos;3.3.90.39.00.00;OUTROS SERVIÇOS DE TERCEIROS - PESSOA JURÍDICA;00390;E;00000;0000/01/07/00/00;Recursos Ordinários (Livres);10000.00;10000.00;5494.20;4505.80
03;SECRETARIA DE ADMINISTRAÇÃO;002;DEPARTAMENTO DE RECURSOS HUMANOS;04.128.0002.2009;Manutenção das Atividades do Departamento de Recursos Humanos;3.3.90.46.00.00;AUXÍLIO-ALIMENTAÇÃO;00400;E;00000;0000/01/07/00/00;Recursos Ordinários (Livres);1200.00;1200.00;0.00;1200.00
03;SECRETARIA DE ADMINISTRAÇÃO;003;DEPARTAMENTO DE ALMOXARIFADO E ESTOQUE;04.122.0002.2010;Instrumentalizar e Manter o Departamento de Almoxarifado e Estoques;3.1.90.11.00.00;VENCIMENTOS E VANTAGENS FIXAS - PESSOAL CIVIL;00410;E;00000;0000/01/07/00/00;Recursos Ordinários (Livres);30000.00;30000.00;27561.02;2438.98
03;SECRETARIA DE ADMINISTRAÇÃO;003;DEPARTAMENTO DE ALMOXARIFADO E ESTOQUE;04.122.0002.2010;Instrumentalizar e Manter o Departamento de Almoxarifado e Estoques;3.1.90.13.00.00;CONTRIBUIÇÕES PATRONAIS;00420;E;00000;0000/01/07/00/00;Recursos Ordinários (Livres);5500.00;5500.00;4848.88;651.12
03;SECRETARIA DE ADMINISTRAÇÃO;003;DEPARTAMENTO DE ALMOXARIFADO E ESTOQUE;04.122.0002.2010;Instrumentalizar e Manter o Departamento de Almoxarifado e Estoques;3.3.90.46.00.00;AUXÍLIO-ALIMENTAÇÃO;00430;E;00000;0000/01/07/00/00;Recursos Ordinários (Livres);1200.00;1200.00;0.00;1200.00
03;SECRETARIA DE ADMINISTRAÇÃO;004;DEPARTAMENTO DE COMPRAS E LICITAÇÃO;04.122.0002.2011;Manutenção das Atividades do Departamento de Compras e Licitação;3.1.90.11.00.00;VENCIMENTOS E VANTAGENS FIXAS - PESSOAL CIVIL;00440;E;00000;0000/01/07/00/00;Recursos Ordinários (Livres);576000.00;549500.00;315598.46;233901.54
03;SECRETARIA DE ADMINISTRAÇÃO;004;DEPARTAMENTO DE COMPRAS E LICITAÇÃO;04.122.0002.2011;Manutenção das Atividades do Departamento de Compras e Licitação;3.1.90.13.00.00;CONTRIBUIÇÕES PATRONAIS;00450;E;00000;0000/01/07/00/00;Recursos Ordinários (Livres);107000.00;107000.00;54130.09;52869.91
03;SECRETARIA DE ADMINISTRAÇÃO;004;DEPARTAMENTO DE COMPRAS E LICITAÇÃO;04.122.0002.2011;Manutenção das Atividades do Departamento de Compras e Licitação;3.3.90.46.00.00;AUXÍLIO-ALIMENTAÇÃO;00460;E;00000;0000/01/07/00/00;Recursos Ordinários (Livres);1200.00;1200.00;0.00;1200.00
04;SECRETARIA DE PLANEJAMENTO E GESTÃO;001;DEPARTAMENTO DE ORÇAMENTO E GESTÃO FINANCEIRA;04.121.0002.2012;Manutenção das Atividades da Secretaria de Planejamento e Gestão;3.1.90.11.00.00;VENCIMENTOS E VANTAGENS FIXAS - PESSOAL CIVIL;00470;E;00000;0000/01/07/00/00;Recursos Ordinários (Livres);186000.00;186000.00;105793.23;80206.77
04;SECRETARIA DE PLANEJAMENTO E GESTÃO;001;DEPARTAMENTO DE ORÇAMENTO E GESTÃO FINANCEIRA;04.121.0002.2012;Manutenção das Atividades da Secretaria de Planejamento e Gestão;3.1.90.13.00.00;CONTRIBUIÇÕES PATRONAIS;00480;E;00000;0000/01/07/00/00;Recursos Ordinários (Livres);35000.00;35000.00;18238.46;16761.54
04;SECRETARIA DE PLANEJAMENTO E GESTÃO;001;DEPARTAMENTO DE ORÇAMENTO E GESTÃO FINANCEIRA;04.121.0002.2012;Manutenção das Atividades da Secretaria de Planejamento e Gestão;3.3.90.14.00.00;DIÁRIAS - CIVIL;00490;E;00000;0000/01/07/00/00;Recursos Ordinários (Livres);2000.00;2000.00;1785.00;215.00
05;SECRETARIA DE FAZENDA;001;DEPARTAMENTO DE CONTABILIDADE E ORÇAMENTO;04.123.0002.2013;Manutenção das Atividades da Secretaria de Fazenda;3.1.90.11.00.00;VENCIMENTOS E VANTAGENS FIXAS - PESSOAL CIVIL;00500;E;00000;0000/01/07/00/00;Recursos Ordinários (Livres);881000.00;881000.00;523891.25;357108.75
05;SECRETARIA DE FAZENDA;001;DEPARTAMENTO DE CONTABILIDADE E ORÇAMENTO;04.123.0002.2013;Manutenção das Atividades da Secretaria de Fazenda;3.1.90.13.00.00;CONTRIBUIÇÕES PATRONAIS;00510;E;00000;0000/01/07/00/00;Recursos Ordinários (Livres);163000.00;163000.00;89318.40;73681.60
05;SECRETARIA DE FAZENDA;001;DEPARTAMENTO DE CONTABILIDADE E ORÇAMENTO;04.123.0002.2013;Manutenção das Atividades da Secretaria de Fazenda;3.3.90.14.00.00;DIÁRIAS - CIVIL;00520;E;00000;0000/01/07/00/00;Recursos Ordinários (Livres);20000.00;20000.00;3570.00;16430.00
05;SECRETARIA DE FAZENDA;001;DEPARTAMENTO DE CONTABILIDADE E ORÇAMENTO;04.123.0002.2013;Manutenção das Atividades da Secretaria de Fazenda;3.3.90.14.00.00;DIÁRIAS - CIVIL;00521;E;19391;1045/01/07/00/00;Taxa de incrição do Concurso Público Centenario do Sul Edital 01_2025;0.00;0.00;0.00;0.00
05;SECRETARIA DE FAZENDA;001;DEPARTAMENTO DE CONTABILIDADE E ORÇAMENTO;04.123.0002.2013;Manutenção das Atividades da Secretaria de Fazenda;3.3.90.14.00.00;DIÁRIAS - CIVIL;00521;EA;19391;1045/01/07/00/00;Taxa de incrição do Concurso Público Centenario do Sul Edital 01_2025;0.00;10000.00;9520.00;480.00
05;SECRETARIA DE FAZENDA;001;DEPARTAMENTO DE CONTABILIDADE E ORÇAMENTO;04.123.0002.2013;Manutenção das Atividades da Secretaria de Fazenda;3.3.90.46.00.00;AUXÍLIO-ALIMENTAÇÃO;00530;E;00000;0000/01/07/00/00;Recursos Ordinários (Livres);2400.00;2400.00;0.00;2400.00
05;SECRETARIA DE FAZENDA;001;DEPARTAMENTO DE CONTABILIDADE E ORÇAMENTO;99.999.0099.9099;Reserva de Contingência;9.9.99.99.00.00;RESERVA DE CONTINGÊNCIA;00540;E;00999;0999/01/99/00/00;Reservas de Contingências;670000.00;670000.00;0.00;670000.00
05;SECRETARIA DE FAZENDA;002;DEPARTAMENTO DE TESOURARIA;28.843.0003.0014;Pagamento de Sentenças Judiciais Trabalhistas e outras;3.1.90.91.00.00;SENTENÇAS JUDICIAIS;00550;E;00000;0000/01/07/00/00;Recursos Ordinários (Livres);50000.00;50000.00;22694.00;27306.00
05;SECRETARIA DE FAZENDA;002;DEPARTAMENTO DE TESOURARIA;28.843.0003.0014;Pagamento de Sentenças Judiciais Trabalhistas e outras;3.3.90.91.00.00;SENTENÇAS JUDICIAIS;00560;E;00000;0000/01/07/00/00;Recursos Ordinários (Livres);50000.00;50000.00;5594.40;44405.60
05;SECRETARIA DE FAZENDA;002;DEPARTAMENTO DE TESOURARIA;28.843.0003.0014;Pagamento de Sentenças Judiciais Trabalhistas e outras;3.3.90.91.00.00;SENTENÇAS JUDICIAIS;00561;E;00303;0303/01/02/00/00;Saúde - Receitas Vinculadas (E.C. 29/00 - 15%);0.00;35000.00;35000.00;0.00
05;SECRETARIA DE FAZENDA;002;DEPARTAMENTO DE TESOURARIA;28.843.0003.0015;Amortização de Parcelamentos da Dívida Previdenciária - Geral;4.6.90.71.00.00;PRINCIPAL DA DÍVIDA CONTRATUAL RESGATADO;00570;E;00000;0000/01/07/00/00;Recursos Ordinários (Livres);2150000.00;2150000.00;321314.18;1828685.82
05;SECRETARIA DE FAZENDA;002;DEPARTAMENTO DE TESOURARIA;28.843.0003.0015;Amortização de Parcelamentos da Dívida Previdenciária - Geral;4.6.90.71.00.00;PRINCIPAL DA DÍVIDA CONTRATUAL RESGATADO;00580;E;00501;0501/04/99/00/00;Receitas de Alienações de Ativos;300000.00;203000.00;0.00;203000.00
05;SECRETARIA DE FAZENDA;002;DEPARTAMENTO DE TESOURARIA;28.843.0003.0016;Amortização de Parcelamentos com a Sanepar;3.2.90.21.00.00;JUROS SOBRE A DÍVIDA POR CONTRATO;00590;E;00000;0000/01/07/00/00;Recursos Ordinários (Livres);2000.00;2000.00;0.00;2000.00
05;SECRETARIA DE FAZENDA;002;DEPARTAMENTO DE TESOURARIA;28.843.0003.0016;Amortização de Parcelamentos com a Sanepar;4.6.90.71.00.00;PRINCIPAL DA DÍVIDA CONTRATUAL RESGATADO;00600;E;00000;0000/01/07/00/00;Recursos Ordinários (Livres);145000.00;145000.00;83664.42;61335.58
05;SECRETARIA DE FAZENDA;002;DEPARTAMENTO DE TESOURARIA;28.843.0003.0017;Amortização de Parcelamentos com o FGTS;3.2.90.21.00.00;JUROS SOBRE A DÍVIDA POR CONTRATO;00610;E;00000;0000/01/07/00/00;Recursos Ordinários (Livres);2000.00;2000.00;0.00;2000.00
05;SECRETARIA DE FAZENDA;002;DEPARTAMENTO DE TESOURARIA;28.843.0003.0017;Amortização de Parcelamentos com o FGTS;4.6.90.71.00.00;PRINCIPAL DA DÍVIDA CONTRATUAL RESGATADO;00620;E;00000;0000/01/07/00/00;Recursos Ordinários (Livres);218000.00;218000.00;126690.91;91309.09
05;SECRETARIA DE FAZENDA;002;DEPARTAMENTO DE TESOURARIA;28.843.0003.0018;Amortização de Parcelamentos com o PASEP;3.2.90.21.00.00;JUROS SOBRE A DÍVIDA POR CONTRATO;00630;E;00000;0000/01/07/00/00;Recursos Ordinários (Livres);1000.00;1000.00;0.00;1000.00
05;SECRETARIA DE FAZENDA;002;DEPARTAMENTO DE TESOURARIA;28.843.0003.0018;Amortização de Parcelamentos com o PASEP;4.6.90.71.00.00;PRINCIPAL DA DÍVIDA CONTRATUAL RESGATADO;00640;E;00000;0000/01/07/00/00;Recursos Ordinários (Livres);60000.00;60000.00;0.00;60000.00
05;SECRETARIA DE FAZENDA;002;DEPARTAMENTO DE TESOURARIA;28.843.0003.0019;Atendimento à Precatórios Requisitórios;4.6.90.91.00.00;SENTENÇAS JUDICIAIS;00650;E;00000;0000/01/07/00/00;Recursos Ordinários (Livres);800000.00;800000.00;473453.63;326546.37
05;SECRETARIA DE FAZENDA;002;DEPARTAMENTO DE TESOURARIA;28.843.0003.0019;Atendimento à Precatórios Requisitórios;4.6.90.91.00.00;SENTENÇAS JUDICIAIS;00651;E;00511;0511/01/07/00/00;Taxas - Prestação de Serviços;0.00;27000.00;26973.51;26.49
06;SECRETARIA DE SAUDE;001;DIRETORIA EXECUTIVA DE SAÚDE;10.122.0002.2020;Manutenção das Atividades Adm da Secretaria de Saúde;3.1.90.11.00.00;VENCIMENTOS E VANTAGENS FIXAS - PESSOAL CIVIL;00660;E;00000;0000/01/07/00/00;Recursos Ordinários (Livres);1330000.00;326557.95;326470.38;87.57
06;SECRETARIA DE SAUDE;001;DIRETORIA EXECUTIVA DE SAÚDE;10.122.0002.2020;Manutenção das Atividades Adm da Secretaria de Saúde;3.1.90.11.00.00;VENCIMENTOS E VANTAGENS FIXAS - PESSOAL CIVIL;00661;E;00303;0303/01/02/00/00;Saúde - Receitas Vinculadas (E.C. 29/00 - 15%);0.00;349806.93;349682.19;124.74
06;SECRETARIA DE SAUDE;001;DIRETORIA EXECUTIVA DE SAÚDE;10.122.0002.2020;Manutenção das Atividades Adm da Secretaria de Saúde;3.1.90.13.00.00;CONTRIBUIÇÕES PATRONAIS;00670;E;00000;0000/01/07/00/00;Recursos Ordinários (Livres);246000.00;148000.00;53611.46;94388.54
06;SECRETARIA DE SAUDE;001;DIRETORIA EXECUTIVA DE SAÚDE;10.122.0002.2020;Manutenção das Atividades Adm da Secretaria de Saúde;3.1.90.13.00.00;CONTRIBUIÇÕES PATRONAIS;00671;E;00303;0303/01/02/00/00;Saúde - Receitas Vinculadas (E.C. 29/00 - 15%);0.00;69316.55;68998.26;318.29
06;SECRETARIA DE SAUDE;001;DIRETORIA EXECUTIVA DE SAÚDE;10.122.0002.2020;Manutenção das Atividades Adm da Secretaria de Saúde;3.3.90.14.00.00;DIÁRIAS - CIVIL;00680;E;00000;0000/01/07/00/00;Recursos Ordinários (Livres);100000.00;90000.00;1180.00;88820.00
06;SECRETARIA DE SAUDE;001;DIRETORIA EXECUTIVA DE SAÚDE;10.122.0002.2020;Manutenção das Atividades Adm da Secretaria de Saúde;3.3.90.33.00.00;PASSAGENS E DESPESAS COM LOCOMOÇÃO;00690;E;00000;0000/01/07/00/00;Recursos Ordinários (Livres);2000.00;2000.00;0.00;2000.00
06;SECRETARIA DE SAUDE;001;DIRETORIA EXECUTIVA DE SAÚDE;10.122.0002.2020;Manutenção das Atividades Adm da Secretaria de Saúde;3.3.90.46.00.00;AUXÍLIO-ALIMENTAÇÃO;00700;E;00000;0000/01/07/00/00;Recursos Ordinários (Livres);2400.00;2400.00;0.00;2400.00
06;SECRETARIA DE SAUDE;001;DIRETORIA EXECUTIVA DE SAÚDE;10.123.0003.2021;Amortização de Parcelamentos da Dívida Previdenciária - Saúde;3.2.90.21.00.00;JUROS SOBRE A DÍVIDA POR CONTRATO;00710;E;00000;0000/01/07/00/00;Recursos Ordinários (Livres);2000.00;2000.00;0.00;2000.00
06;SECRETARIA DE SAUDE;001;DIRETORIA EXECUTIVA DE SAÚDE;10.123.0003.2021;Amortização de Parcelamentos da Dívida Previdenciária - Saúde;4.6.90.71.00.00;PRINCIPAL DA DÍVIDA CONTRATUAL RESGATADO;00720;E;00000;0000/01/07/00/00;Recursos Ordinários (Livres);750000.00;750000.00;0.00;750000.00
06;SECRETARIA DE SAUDE;001;DIRETORIA EXECUTIVA DE SAÚDE;10.302.0004.2023;Contribuição com o Consórcio Intergestores Paraná Saúde;3.1.71.70.00.00;RATEIO PELA PARTICIPAÇÃO EM CONSÓRCIO PÚBLICO;00730;E;00000;0000/01/07/00/00;Recursos Ordinários (Livres);29000.00;29000.00;0.00;29000.00
06;SECRETARIA DE SAUDE;001;DIRETORIA EXECUTIVA DE SAÚDE;10.302.0004.2023;Contribuição com o Consórcio Intergestores Paraná Saúde;3.1.71.70.00.00;RATEIO PELA PARTICIPAÇÃO EM CONSÓRCIO PÚBLICO;00731;E;00303;0303/01/02/00/00;Saúde - Receitas Vinculadas (E.C. 29/00 - 15%);0.00;40000.00;40000.00;0.00
06;SECRETARIA DE SAUDE;001;DIRETORIA EXECUTIVA DE SAÚDE;10.302.0004.2023;Contribuição com o Consórcio Intergestores Paraná Saúde;3.1.71.70.00.00;RATEIO PELA PARTICIPAÇÃO EM CONSÓRCIO PÚBLICO;00732;E;11511;1011/12/02/06/18;CUSTEIO PAP 2026 - EMENDA INDIVIDUAL PROPOSTA 766955 C/C 28304-5;0.00;50000.00;50000.00;0.00
06;SECRETARIA DE SAUDE;001;DIRETORIA EXECUTIVA DE SAÚDE;10.302.0004.2023;Contribuição com o Consórcio Intergestores Paraná Saúde;3.3.71.70.00.00;RATEIO PELA PARTICIPAÇÃO EM CONSÓRCIO PÚBLICO;00740;E;00000;0000/01/07/00/00;Recursos Ordinários (Livres);29000.00;29000.00;0.00;29000.00
06;SECRETARIA DE SAUDE;001;DIRETORIA EXECUTIVA DE SAÚDE;10.302.0004.2023;Contribuição com o Consórcio Intergestores Paraná Saúde;4.4.71.70.00.00;RATEIO PELA PARTICIPAÇÃO EM CONSÓRCIO PÚBLICO;00750;E;00000;0000/01/07/00/00;Recursos Ordinários (Livres);2000.00;2000.00;0.00;2000.00
06;SECRETARIA DE SAUDE;001;DIRETORIA EXECUTIVA DE SAÚDE;10.302.0005.2022;Contribuição com o Consórcio CISMEPAR;3.1.71.70.00.00;RATEIO PELA PARTICIPAÇÃO EM CONSÓRCIO PÚBLICO;00760;E;00000;0000/01/07/00/00;Recursos Ordinários (Livres);49000.00;49000.00;0.00;49000.00
06;SECRETARIA DE SAUDE;001;DIRETORIA EXECUTIVA DE SAÚDE;10.302.0005.2022;Contribuição com o Consórcio CISMEPAR;3.3.71.70.00.00;RATEIO PELA PARTICIPAÇÃO EM CONSÓRCIO PÚBLICO;00770;E;00000;0000/01/07/00/00;Recursos Ordinários (Livres);49000.00;49000.00;0.00;49000.00
06;SECRETARIA DE SAUDE;001;DIRETORIA EXECUTIVA DE SAÚDE;10.302.0005.2022;Contribuição com o Consórcio CISMEPAR;3.3.71.70.00.00;RATEIO PELA PARTICIPAÇÃO EM CONSÓRCIO PÚBLICO;00771;E;00303;0303/01/02/00/00;Saúde - Receitas Vinculadas (E.C. 29/00 - 15%);0.00;18862.20;18862.20;0.00
06;SECRETARIA DE SAUDE;001;DIRETORIA EXECUTIVA DE SAÚDE;10.302.0005.2022;Contribuição com o Consórcio CISMEPAR;3.3.71.70.00.00;RATEIO PELA PARTICIPAÇÃO EM CONSÓRCIO PÚBLICO;00772;E;01494;0494/09/02/06/20;Bloco de Custeio das Ações e Serviços Públicos de Saúde;0.00;30000.00;26452.27;3547.73
06;SECRETARIA DE SAUDE;001;DIRETORIA EXECUTIVA DE SAÚDE;10.302.0005.2022;Contribuição com o Consórcio CISMEPAR;3.3.71.70.00.00;RATEIO PELA PARTICIPAÇÃO EM CONSÓRCIO PÚBLICO;00773;E;11510;1011/12/02/06/18;CUSTEIO PAP 2026 - EMENDA INDIVIDUAL PROPOSTA 768591 C/C 28270-7;0.00;19000.00;18862.20;137.80
06;SECRETARIA DE SAUDE;001;DIRETORIA EXECUTIVA DE SAÚDE;10.302.0005.2022;Contribuição com o Consórcio CISMEPAR;3.3.71.70.00.00;RATEIO PELA PARTICIPAÇÃO EM CONSÓRCIO PÚBLICO;00775;E;11514;1011/12/02/06/18;CUSTEIO PAP 2026 - EMENDA DE COMISSAO PROPOSTA 803827 C/C 28341-X;0.00;696.82;696.82;0.00
06;SECRETARIA DE SAUDE;001;DIRETORIA EXECUTIVA DE SAÚDE;10.302.0005.2022;Contribuição com o Consórcio CISMEPAR;3.3.71.70.00.00;RATEIO PELA PARTICIPAÇÃO EM CONSÓRCIO PÚBLICO;00774;E;11516;1011/12/02/06/18;CUSTEIO PAP 2026 - EMENDA INDIVIDUAL PROPOSTA 766137 C/C 28351-7;0.00;19000.00;18862.20;137.80
06;SECRETARIA DE SAUDE;001;DIRETORIA EXECUTIVA DE SAÚDE;10.302.0005.2022;Contribuição com o Consórcio CISMEPAR;4.4.71.70.00.00;RATEIO PELA PARTICIPAÇÃO EM CONSÓRCIO PÚBLICO;00780;E;00000;0000/01/07/00/00;Recursos Ordinários (Livres);2000.00;2000.00;0.00;2000.00
06;SECRETARIA DE SAUDE;002;DEPARTAMENTO DE VIGILÂNCIA EM SAÚDE;10.304.0006.2028;Manutençao dos Serviços de Saúde - Vigilância Sanitária;3.1.90.11.00.00;VENCIMENTOS E VANTAGENS FIXAS - PESSOAL CIVIL;00790;E;01494;0494/09/02/06/20;Bloco de Custeio das Ações e Serviços Públicos de Saúde;620000.00;252300.00;252204.80;95.20
06;SECRETARIA DE SAUDE;002;DEPARTAMENTO DE VIGILÂNCIA EM SAÚDE;10.304.0006.2028;Manutençao dos Serviços de Saúde - Vigilância Sanitária;3.1.90.13.00.00;CONTRIBUIÇÕES PATRONAIS;00800;E;01494;0494/09/02/06/20;Bloco de Custeio das Ações e Serviços Públicos de Saúde;115000.00;112000.00;56246.00;55754.00
06;SECRETARIA DE SAUDE;002;DEPARTAMENTO DE VIGILÂNCIA EM SAÚDE;10.304.0006.2028;Manutençao dos Serviços de Saúde - Vigilância Sanitária;3.3.90.30.00.00;MATERIAL DE CONSUMO;00810;E;00000;0000/01/07/00/00;Recursos Ordinários (Livres);20000.00;19700.00;1331.86;18368.14
06;SECRETARIA DE SAUDE;002;DEPARTAMENTO DE VIGILÂNCIA EM SAÚDE;10.304.0006.2028;Manutençao dos Serviços de Saúde - Vigilância Sanitária;3.3.90.30.00.00;MATERIAL DE CONSUMO;00811;E;02494;0494/09/02/05/20;Repasse do PROVIGIA Estadual;0.00;300.00;299.50;0.50
06;SECRETARIA DE SAUDE;002;DEPARTAMENTO DE VIGILÂNCIA EM SAÚDE;10.304.0006.2028;Manutençao dos Serviços de Saúde - Vigilância Sanitária;3.3.90.30.00.00;MATERIAL DE CONSUMO;00811;EA;02494;0494/09/02/05/20;Repasse do PROVIGIA Estadual;0.00;12100.00;11652.56;447.44
06;SECRETARIA DE SAUDE;002;DEPARTAMENTO DE VIGILÂNCIA EM SAÚDE;10.304.0006.2028;Manutençao dos Serviços de Saúde - Vigilância Sanitária;3.3.90.36.00.00;OUTROS SERVIÇOS DE TERCEIROS - PESSOA FÍSICA;00820;E;00000;0000/01/07/00/00;Recursos Ordinários (Livres);1000.00;1000.00;0.00;1000.00
06;SECRETARIA DE SAUDE;002;DEPARTAMENTO DE VIGILÂNCIA EM SAÚDE;10.304.0006.2028;Manutençao dos Serviços de Saúde - Vigilância Sanitária;3.3.90.39.00.00;OUTROS SERVIÇOS DE TERCEIROS - PESSOA JURÍDICA;00830;E;00000;0000/01/07/00/00;Recursos Ordinários (Livres);3000.00;16000.00;14748.93;1251.07
06;SECRETARIA DE SAUDE;002;DEPARTAMENTO DE VIGILÂNCIA EM SAÚDE;10.304.0006.2028;Manutençao dos Serviços de Saúde - Vigilância Sanitária;3.3.90.46.00.00;AUXÍLIO-ALIMENTAÇÃO;00840;E;00000;0000/01/07/00/00;Recursos Ordinários (Livres);1000.00;1000.00;0.00;1000.00
06;SECRETARIA DE SAUDE;002;DEPARTAMENTO DE VIGILÂNCIA EM SAÚDE;10.305.0006.2029;Manutenção dos Serviços de Saúde - Vigilância Epidemiológica;3.1.90.11.00.00;VENCIMENTOS E VANTAGENS FIXAS - PESSOAL CIVIL;00850;E;01051;1051/09/02/06/20;Transferências provenientes do Governo Federal destinadas ao vencimento do;53000.00;0.00;0.00;0.00
06;SECRETARIA DE SAUDE;002;DEPARTAMENTO DE VIGILÂNCIA EM SAÚDE;10.305.0006.2029;Manutenção dos Serviços de Saúde - Vigilância Epidemiológica;3.1.90.13.00.00;CONTRIBUIÇÕES PATRONAIS;00860;E;01494;0494/09/02/06/20;Bloco de Custeio das Ações e Serviços Públicos de Saúde;10000.00;0.00;0.00;0.00
06;SECRETARIA DE SAUDE;002;DEPARTAMENTO DE VIGILÂNCIA EM SAÚDE;10.305.0006.2029;Manutenção dos Serviços de Saúde - Vigilância Epidemiológica;3.3.90.30.00.00;MATERIAL DE CONSUMO;00870;E;00303;0303/01/02/00/00;Saúde - Receitas Vinculadas (E.C. 29/00 - 15%);10000.00;10000.00;0.00;10000.00
06;SECRETARIA DE SAUDE;002;DEPARTAMENTO DE VIGILÂNCIA EM SAÚDE;10.305.0006.2029;Manutenção dos Serviços de Saúde - Vigilância Epidemiológica;3.3.90.36.00.00;OUTROS SERVIÇOS DE TERCEIROS - PESSOA FÍSICA;00880;E;00303;0303/01/02/00/00;Saúde - Receitas Vinculadas (E.C. 29/00 - 15%);5000.00;4300.00;0.00;4300.00
06;SECRETARIA DE SAUDE;002;DEPARTAMENTO DE VIGILÂNCIA EM SAÚDE;10.305.0006.2029;Manutenção dos Serviços de Saúde - Vigilância Epidemiológica;3.3.90.39.00.00;OUTROS SERVIÇOS DE TERCEIROS - PESSOA JURÍDICA;00890;E;00303;0303/01/02/00/00;Saúde - Receitas Vinculadas (E.C. 29/00 - 15%);10000.00;500.00;387.85;112.15
06;SECRETARIA DE SAUDE;003;FMS - DEPARTAMENTO DE ASSISTÊNCIA HOSPITALAR E AMBULATORIAL;10.301.0004.2024;Manutenção dos Serviços de Saúde - Atenção Básica;3.1.90.11.00.00;VENCIMENTOS E VANTAGENS FIXAS - PESSOAL CIVIL;00900;E;00303;0303/01/02/00/00;Saúde - Receitas Vinculadas (E.C. 29/00 - 15%);3233000.00;2655437.80;1490732.94;1164704.86
06;SECRETARIA DE SAUDE;003;FMS - DEPARTAMENTO DE ASSISTÊNCIA HOSPITALAR E AMBULATORIAL;10.301.0004.2024;Manutenção dos Serviços de Saúde - Atenção Básica;3.1.90.11.00.00;VENCIMENTOS E VANTAGENS FIXAS - PESSOAL CIVIL;00910;E;01051;1051/09/02/06/20;Transferências provenientes do Governo Federal destinadas ao vencimento do;292000.00;406450.00;406392.53;57.47
06;SECRETARIA DE SAUDE;003;FMS - DEPARTAMENTO DE ASSISTÊNCIA HOSPITALAR E AMBULATORIAL;10.301.0004.2024;Manutenção dos Serviços de Saúde - Atenção Básica;3.1.90.11.00.00;VENCIMENTOS E VANTAGENS FIXAS - PESSOAL CIVIL;00920;E;01064;1064/09/02/06/20;Assistência financeira da União destinada à complementação ao pagamento dos piso;517000.00;493000.00;148586.06;344413.94
06;SECRETARIA DE SAUDE;003;FMS - DEPARTAMENTO DE ASSISTÊNCIA HOSPITALAR E AMBULATORIAL;10.301.0004.2024;Manutenção dos Serviços de Saúde - Atenção Básica;3.1.90.11.00.00;VENCIMENTOS E VANTAGENS FIXAS - PESSOAL CIVIL;00921;E;01494;0494/09/02/06/20;Bloco de Custeio das Ações e Serviços Públicos de Saúde;0.00;334486.31;334338.19;148.12
06;SECRETARIA DE SAUDE;003;FMS - DEPARTAMENTO DE ASSISTÊNCIA HOSPITALAR E AMBULATORIAL;10.301.0004.2024;Manutenção dos Serviços de Saúde - Atenção Básica;3.1.90.13.00.00;CONTRIBUIÇÕES PATRONAIS;00930;E;00303;0303/01/02/00/00;Saúde - Receitas Vinculadas (E.C. 29/00 - 15%);695000.00;518176.52;304031.89;214144.63
06;SECRETARIA DE SAUDE;003;FMS - DEPARTAMENTO DE ASSISTÊNCIA HOSPITALAR E AMBULATORIAL;10.301.0004.2024;Manutenção dos Serviços de Saúde - Atenção Básica;3.1.90.13.00.00;CONTRIBUIÇÕES PATRONAIS;00931;E;01494;0494/09/02/06/20;Bloco de Custeio das Ações e Serviços Públicos de Saúde;0.00;82605.86;82356.86;249.00
06;SECRETARIA DE SAUDE;003;FMS - DEPARTAMENTO DE ASSISTÊNCIA HOSPITALAR E AMBULATORIAL;10.301.0004.2024;Manutenção dos Serviços de Saúde - Atenção Básica;3.1.90.16.00.00;OUTRAS DESPESAS VARIÁVEIS - PESSOAL CIVIL;00940;E;00303;0303/01/02/00/00;Saúde - Receitas Vinculadas (E.C. 29/00 - 15%);20000.00;20000.00;0.00;20000.00
06;SECRETARIA DE SAUDE;003;FMS - DEPARTAMENTO DE ASSISTÊNCIA HOSPITALAR E AMBULATORIAL;10.301.0004.2024;Manutenção dos Serviços de Saúde - Atenção Básica;3.1.90.94.00.00;INDENIZAÇÕES E RESTITUIÇÕES TRABALHISTAS;00950;E;00303;0303/01/02/00/00;Saúde - Receitas Vinculadas (E.C. 29/00 - 15%);30000.00;30000.00;0.00;30000.00
06;SECRETARIA DE SAUDE;003;FMS - DEPARTAMENTO DE ASSISTÊNCIA HOSPITALAR E AMBULATORIAL;10.301.0004.2024;Manutenção dos Serviços de Saúde - Atenção Básica;3.3.90.14.00.00;DIÁRIAS - CIVIL;00960;E;00303;0303/01/02/00/00;Saúde - Receitas Vinculadas (E.C. 29/00 - 15%);100000.00;88000.00;15960.00;72040.00
06;SECRETARIA DE SAUDE;003;FMS - DEPARTAMENTO DE ASSISTÊNCIA HOSPITALAR E AMBULATORIAL;10.301.0004.2024;Manutenção dos Serviços de Saúde - Atenção Básica;3.3.90.14.00.00;DIÁRIAS - CIVIL;00961;E;02494;0494/09/02/05/20;Repasse do PROVIGIA Estadual;0.00;0.00;0.00;0.00
06;SECRETARIA DE SAUDE;003;FMS - DEPARTAMENTO DE ASSISTÊNCIA HOSPITALAR E AMBULATORIAL;10.301.0004.2024;Manutenção dos Serviços de Saúde - Atenção Básica;3.3.90.14.00.00;DIÁRIAS - CIVIL;00961;EA;02494;0494/09/02/05/20;Repasse do PROVIGIA Estadual;0.00;7200.00;4130.00;3070.00
06;SECRETARIA DE SAUDE;003;FMS - DEPARTAMENTO DE ASSISTÊNCIA HOSPITALAR E AMBULATORIAL;10.301.0004.2024;Manutenção dos Serviços de Saúde - Atenção Básica;3.3.90.30.00.00;MATERIAL DE CONSUMO;00972;E;00000;0000/01/07/00/00;Recursos Ordinários (Livres);0.00;13700.00;13018.95;681.05
06;SECRETARIA DE SAUDE;003;FMS - DEPARTAMENTO DE ASSISTÊNCIA HOSPITALAR E AMBULATORIAL;10.301.0004.2024;Manutenção dos Serviços de Saúde - Atenção Básica;3.3.90.30.00.00;MATERIAL DE CONSUMO;00970;E;00303;0303/01/02/00/00;Saúde - Receitas Vinculadas (E.C. 29/00 - 15%);200000.00;150000.00;148400.54;1599.46
06;SECRETARIA DE SAUDE;003;FMS - DEPARTAMENTO DE ASSISTÊNCIA HOSPITALAR E AMBULATORIAL;10.301.0004.2024;Manutenção dos Serviços de Saúde - Atenção Básica;3.3.90.30.00.00;MATERIAL DE CONSUMO;00977;E;00378;0494/09/02/05/20;REPASSE PROAPS SESA PR;0.00;0.00;0.00;0.00
06;SECRETARIA DE SAUDE;003;FMS - DEPARTAMENTO DE ASSISTÊNCIA HOSPITALAR E AMBULATORIAL;10.301.0004.2024;Manutenção dos Serviços de Saúde - Atenção Básica;3.3.90.30.00.00;MATERIAL DE CONSUMO;00977;EA;00378;0494/09/02/05/20;REPASSE PROAPS SESA PR;0.00;67090.88;56263.78;10827.10
06;SECRETARIA DE SAUDE;003;FMS - DEPARTAMENTO DE ASSISTÊNCIA HOSPITALAR E AMBULATORIAL;10.301.0004.2024;Manutenção dos Serviços de Saúde - Atenção Básica;3.3.90.30.00.00;MATERIAL DE CONSUMO;00973;E;00511;0511/01/07/00/00;Taxas - Prestação de Serviços;0.00;27000.00;22198.40;4801.60
06;SECRETARIA DE SAUDE;003;FMS - DEPARTAMENTO DE ASSISTÊNCIA HOSPITALAR E AMBULATORIAL;10.301.0004.2024;Manutenção dos Serviços de Saúde - Atenção Básica;3.3.90.30.00.00;MATERIAL DE CONSUMO;00979;E;01494;0494/09/02/06/20;Bloco de Custeio das Ações e Serviços Públicos de Saúde;0.00;12000.00;10431.03;1568.97
06;SECRETARIA DE SAUDE;003;FMS - DEPARTAMENTO DE ASSISTÊNCIA HOSPITALAR E AMBULATORIAL;10.301.0004.2024;Manutenção dos Serviços de Saúde - Atenção Básica;3.3.90.30.00.00;MATERIAL DE CONSUMO;00978;E;01497;1007/03/02/01/03;Incentivo de Atenção Primária e Saúde Bucal;0.00;0.00;0.00;0.00
06;SECRETARIA DE SAUDE;003;FMS - DEPARTAMENTO DE ASSISTÊNCIA HOSPITALAR E AMBULATORIAL;10.301.0004.2024;Manutenção dos Serviços de Saúde - Atenção Básica;3.3.90.30.00.00;MATERIAL DE CONSUMO;00975;E;11497;1011/12/02/06/18;CUSTEIO PAP - EMENDA INDIVIDUAL PROPOSTA 36000666916202500;0.00;0.00;0.00;0.00
06;SECRETARIA DE SAUDE;003;FMS - DEPARTAMENTO DE ASSISTÊNCIA HOSPITALAR E AMBULATORIAL;10.301.0004.2024;Manutenção dos Serviços de Saúde - Atenção Básica;3.3.90.30.00.00;MATERIAL DE CONSUMO;00975;EA;11497;1011/12/02/06/18;CUSTEIO PAP - EMENDA INDIVIDUAL PROPOSTA 36000666916202500;0.00;20500.00;13164.80;7335.20
06;SECRETARIA DE SAUDE;003;FMS - DEPARTAMENTO DE ASSISTÊNCIA HOSPITALAR E AMBULATORIAL;10.301.0004.2024;Manutenção dos Serviços de Saúde - Atenção Básica;3.3.90.30.00.00;MATERIAL DE CONSUMO;00976;E;11498;1011/12/02/06/18;CUSTEIO PAP - EMENDA INDIVIDUAL PROPOSTA 36000667668202500;0.00;0.00;0.00;0.00
06;SECRETARIA DE SAUDE;003;FMS - DEPARTAMENTO DE ASSISTÊNCIA HOSPITALAR E AMBULATORIAL;10.301.0004.2024;Manutenção dos Serviços de Saúde - Atenção Básica;3.3.90.30.00.00;MATERIAL DE CONSUMO;00976;EA;11498;1011/12/02/06/18;CUSTEIO PAP - EMENDA INDIVIDUAL PROPOSTA 36000667668202500;0.00;5000.00;3504.39;1495.61
06;SECRETARIA DE SAUDE;003;FMS - DEPARTAMENTO DE ASSISTÊNCIA HOSPITALAR E AMBULATORIAL;10.301.0004.2024;Manutenção dos Serviços de Saúde - Atenção Básica;3.3.90.30.00.00;MATERIAL DE CONSUMO;00974;E;11500;1011/12/02/06/18;CUSTEIO PAP - EMENDA INDIVIDUAL PROPOSTA 36000666976202500;0.00;0.00;0.00;0.00
06;SECRETARIA DE SAUDE;003;FMS - DEPARTAMENTO DE ASSISTÊNCIA HOSPITALAR E AMBULATORIAL;10.301.0004.2024;Manutenção dos Serviços de Saúde - Atenção Básica;3.3.90.30.00.00;MATERIAL DE CONSUMO;00974;EA;11500;1011/12/02/06/18;CUSTEIO PAP - EMENDA INDIVIDUAL PROPOSTA 36000666976202500;0.00;3400.00;3325.00;75.00
06;SECRETARIA DE SAUDE;003;FMS - DEPARTAMENTO DE ASSISTÊNCIA HOSPITALAR E AMBULATORIAL;10.301.0004.2024;Manutenção dos Serviços de Saúde - Atenção Básica;3.3.90.30.00.00;MATERIAL DE CONSUMO;00971;E;11505;1011/12/02/06/18;CUSTEIO PAP - EMENDA INDIVIDUAL PROPOSTA 36000714601202500;0.00;0.00;0.00;0.00
06;SECRETARIA DE SAUDE;003;FMS - DEPARTAMENTO DE ASSISTÊNCIA HOSPITALAR E AMBULATORIAL;10.301.0004.2024;Manutenção dos Serviços de Saúde - Atenção Básica;3.3.90.30.00.00;MATERIAL DE CONSUMO;00971;EA;11505;1011/12/02/06/18;CUSTEIO PAP - EMENDA INDIVIDUAL PROPOSTA 36000714601202500;0.00;84620.00;83257.88;1362.12
06;SECRETARIA DE SAUDE;003;FMS - DEPARTAMENTO DE ASSISTÊNCIA HOSPITALAR E AMBULATORIAL;10.301.0004.2024;Manutenção dos Serviços de Saúde - Atenção Básica;3.3.90.30.00.00;MATERIAL DE CONSUMO;01022;E;11507;1011/12/02/06/18;CUSTEIO PAP 2026 - EMENDA INDIVIDUAL PROPOSTA 766241 C/C 28268-5;0.00;81086.03;75852.70;5233.33
06;SECRETARIA DE SAUDE;003;FMS - DEPARTAMENTO DE ASSISTÊNCIA HOSPITALAR E AMBULATORIAL;10.301.0004.2024;Manutenção dos Serviços de Saúde - Atenção Básica;3.3.90.30.00.00;MATERIAL DE CONSUMO;01023;E;11508;1011/12/02/06/18;CUSTEIO PAP 2026 - EMENDA INDIVIDUAL PROPOSTA 768598 C/C 28271-5;0.00;58200.00;56322.55;1877.45
06;SECRETARIA DE SAUDE;003;FMS - DEPARTAMENTO DE ASSISTÊNCIA HOSPITALAR E AMBULATORIAL;10.301.0004.2024;Manutenção dos Serviços de Saúde - Atenção Básica;3.3.90.30.00.00;MATERIAL DE CONSUMO;00999;E;11510;1011/12/02/06/18;CUSTEIO PAP 2026 - EMENDA INDIVIDUAL PROPOSTA 768591 C/C 28270-7;0.00;222090.36;220687.27;1403.09
06;SECRETARIA DE SAUDE;003;FMS - DEPARTAMENTO DE ASSISTÊNCIA HOSPITALAR E AMBULATORIAL;10.301.0004.2024;Manutenção dos Serviços de Saúde - Atenção Básica;3.3.90.30.00.00;MATERIAL DE CONSUMO;01024;E;11512;1011/12/02/06/18;CUSTEIO PAP 2026 - EMENDA INDIVIDUAL PROPOSTA 766972 C/C 28303-7;0.00;7000.00;6140.00;860.00
06;SECRETARIA DE SAUDE;003;FMS - DEPARTAMENTO DE ASSISTÊNCIA HOSPITALAR E AMBULATORIAL;10.301.0004.2024;Manutenção dos Serviços de Saúde - Atenção Básica;3.3.90.30.00.00;MATERIAL DE CONSUMO;01025;E;11514;1011/12/02/06/18;CUSTEIO PAP 2026 - EMENDA DE COMISSAO PROPOSTA 803827 C/C 28341-X;0.00;82654.86;82629.41;25.45
06;SECRETARIA DE SAUDE;003;FMS - DEPARTAMENTO DE ASSISTÊNCIA HOSPITALAR E AMBULATORIAL;10.301.0004.2024;Manutenção dos Serviços de Saúde - Atenção Básica;3.3.90.34.00.00;OUTRAS DESPESAS DE PESSOAL DECORRENTES DE CONTRATOS DE TERCEIRIZAÇÃO;00983;E;00303;0303/01/02/00/00;Saúde - Receitas Vinculadas (E.C. 29/00 - 15%);0.00;88000.00;82758.58;5241.42
06;SECRETARIA DE SAUDE;003;FMS - DEPARTAMENTO DE ASSISTÊNCIA HOSPITALAR E AMBULATORIAL;10.301.0004.2024;Manutenção dos Serviços de Saúde - Atenção Básica;3.3.90.34.00.00;OUTRAS DESPESAS DE PESSOAL DECORRENTES DE CONTRATOS DE TERCEIRIZAÇÃO;00984;E;00378;0494/09/02/05/20;REPASSE PROAPS SESA PR;0.00;0.00;0.00;0.00
06;SECRETARIA DE SAUDE;003;FMS - DEPARTAMENTO DE ASSISTÊNCIA HOSPITALAR E AMBULATORIAL;10.301.0004.2024;Manutenção dos Serviços de Saúde - Atenção Básica;3.3.90.34.00.00;OUTRAS DESPESAS DE PESSOAL DECORRENTES DE CONTRATOS DE TERCEIRIZAÇÃO;00984;EA;00378;0494/09/02/05/20;REPASSE PROAPS SESA PR;0.00;25150.00;23040.00;2110.00
06;SECRETARIA DE SAUDE;003;FMS - DEPARTAMENTO DE ASSISTÊNCIA HOSPITALAR E AMBULATORIAL;10.301.0004.2024;Manutenção dos Serviços de Saúde - Atenção Básica;3.3.90.34.00.00;OUTRAS DESPESAS DE PESSOAL DECORRENTES DE CONTRATOS DE TERCEIRIZAÇÃO;00981;E;01064;1064/09/02/06/20;Assistência financeira da União destinada à complementação ao pagamento dos piso;0.00;8000.00;7779.01;220.99
06;SECRETARIA DE SAUDE;003;FMS - DEPARTAMENTO DE ASSISTÊNCIA HOSPITALAR E AMBULATORIAL;10.301.0004.2024;Manutenção dos Serviços de Saúde - Atenção Básica;3.3.90.34.00.00;OUTRAS DESPESAS DE PESSOAL DECORRENTES DE CONTRATOS DE TERCEIRIZAÇÃO;00981;EA;01064;1064/09/02/06/20;Assistência financeira da União destinada à complementação ao pagamento dos piso;0.00;10000.00;6636.19;3363.81
06;SECRETARIA DE SAUDE;003;FMS - DEPARTAMENTO DE ASSISTÊNCIA HOSPITALAR E AMBULATORIAL;10.301.0004.2024;Manutenção dos Serviços de Saúde - Atenção Básica;3.3.90.34.00.00;OUTRAS DESPESAS DE PESSOAL DECORRENTES DE CONTRATOS DE TERCEIRIZAÇÃO;00980;E;01494;0494/09/02/06/20;Bloco de Custeio das Ações e Serviços Públicos de Saúde;50000.00;35000.00;0.00;35000.00
06;SECRETARIA DE SAUDE;003;FMS - DEPARTAMENTO DE ASSISTÊNCIA HOSPITALAR E AMBULATORIAL;10.301.0004.2024;Manutenção dos Serviços de Saúde - Atenção Básica;3.3.90.34.00.00;OUTRAS DESPESAS DE PESSOAL DECORRENTES DE CONTRATOS DE TERCEIRIZAÇÃO;00982;E;11505;1011/12/02/06/18;CUSTEIO PAP - EMENDA INDIVIDUAL PROPOSTA 36000714601202500;0.00;0.00;0.00;0.00
06;SECRETARIA DE SAUDE;003;FMS - DEPARTAMENTO DE ASSISTÊNCIA HOSPITALAR E AMBULATORIAL;10.301.0004.2024;Manutenção dos Serviços de Saúde - Atenção Básica;3.3.90.34.00.00;OUTRAS DESPESAS DE PESSOAL DECORRENTES DE CONTRATOS DE TERCEIRIZAÇÃO;00982;EA;11505;1011/12/02/06/18;CUSTEIO PAP - EMENDA INDIVIDUAL PROPOSTA 36000714601202500;0.00;26000.00;25440.75;559.25
06;SECRETARIA DE SAUDE;003;FMS - DEPARTAMENTO DE ASSISTÊNCIA HOSPITALAR E AMBULATORIAL;10.301.0004.2024;Manutenção dos Serviços de Saúde - Atenção Básica;3.3.90.34.00.00;OUTRAS DESPESAS DE PESSOAL DECORRENTES DE CONTRATOS DE TERCEIRIZAÇÃO;00985;E;11508;1011/12/02/06/18;CUSTEIO PAP 2026 - EMENDA INDIVIDUAL PROPOSTA 768598 C/C 28271-5;0.00;52000.00;42538.97;9461.03
06;SECRETARIA DE SAUDE;003;FMS - DEPARTAMENTO DE ASSISTÊNCIA HOSPITALAR E AMBULATORIAL;10.301.0004.2024;Manutenção dos Serviços de Saúde - Atenção Básica;3.3.90.36.00.00;OUTROS SERVIÇOS DE TERCEIROS - PESSOA FÍSICA;00991;E;00303;0303/01/02/00/00;Saúde - Receitas Vinculadas (E.C. 29/00 - 15%);0.00;89700.00;89197.61;502.39
06;SECRETARIA DE SAUDE;003;FMS - DEPARTAMENTO DE ASSISTÊNCIA HOSPITALAR E AMBULATORIAL;10.301.0004.2024;Manutenção dos Serviços de Saúde - Atenção Básica;3.3.90.36.00.00;OUTROS SERVIÇOS DE TERCEIROS - PESSOA FÍSICA;00992;E;00378;0494/09/02/05/20;REPASSE PROAPS SESA PR;0.00;36000.00;36000.00;0.00
06;SECRETARIA DE SAUDE;003;FMS - DEPARTAMENTO DE ASSISTÊNCIA HOSPITALAR E AMBULATORIAL;10.301.0004.2024;Manutenção dos Serviços de Saúde - Atenção Básica;3.3.90.36.00.00;OUTROS SERVIÇOS DE TERCEIROS - PESSOA FÍSICA;00992;EA;00378;0494/09/02/05/20;REPASSE PROAPS SESA PR;0.00;12000.00;12000.00;0.00
06;SECRETARIA DE SAUDE;003;FMS - DEPARTAMENTO DE ASSISTÊNCIA HOSPITALAR E AMBULATORIAL;10.301.0004.2024;Manutenção dos Serviços de Saúde - Atenção Básica;3.3.90.36.00.00;OUTROS SERVIÇOS DE TERCEIROS - PESSOA FÍSICA;00990;E;01494;0494/09/02/06/20;Bloco de Custeio das Ações e Serviços Públicos de Saúde;200000.00;172000.00;0.00;172000.00
06;SECRETARIA DE SAUDE;003;FMS - DEPARTAMENTO DE ASSISTÊNCIA HOSPITALAR E AMBULATORIAL;10.301.0004.2024;Manutenção dos Serviços de Saúde - Atenção Básica;3.3.90.36.00.00;OUTROS SERVIÇOS DE TERCEIROS - PESSOA FÍSICA;00994;E;11508;1011/12/02/06/18;CUSTEIO PAP 2026 - EMENDA INDIVIDUAL PROPOSTA 768598 C/C 28271-5;0.00;16000.00;15947.75;52.25
06;SECRETARIA DE SAUDE;003;FMS - DEPARTAMENTO DE ASSISTÊNCIA HOSPITALAR E AMBULATORIAL;10.301.0004.2024;Manutenção dos Serviços de Saúde - Atenção Básica;3.3.90.36.00.00;OUTROS SERVIÇOS DE TERCEIROS - PESSOA FÍSICA;00993;E;19391;1045/01/07/00/00;Taxa de incrição do Concurso Público Centenario do Sul Edital 01_2025;0.00;0.00;0.00;0.00
06;SECRETARIA DE SAUDE;003;FMS - DEPARTAMENTO DE ASSISTÊNCIA HOSPITALAR E AMBULATORIAL;10.301.0004.2024;Manutenção dos Serviços de Saúde - Atenção Básica;3.3.90.36.00.00;OUTROS SERVIÇOS DE TERCEIROS - PESSOA FÍSICA;00993;EA;19391;1045/01/07/00/00;Taxa de incrição do Concurso Público Centenario do Sul Edital 01_2025;0.00;1000.00;1000.00;0.00
06;SECRETARIA DE SAUDE;003;FMS - DEPARTAMENTO DE ASSISTÊNCIA HOSPITALAR E AMBULATORIAL;10.301.0004.2024;Manutenção dos Serviços de Saúde - Atenção Básica;3.3.90.39.00.00;OUTROS SERVIÇOS DE TERCEIROS - PESSOA JURÍDICA;01001;E;00000;0000/01/07/00/00;Recursos Ordinários (Livres);0.00;68500.00;68383.10;116.90
06;SECRETARIA DE SAUDE;003;FMS - DEPARTAMENTO DE ASSISTÊNCIA HOSPITALAR E AMBULATORIAL;10.301.0004.2024;Manutenção dos Serviços de Saúde - Atenção Básica;3.3.90.39.00.00;OUTROS SERVIÇOS DE TERCEIROS - PESSOA JURÍDICA;01002;E;00303;0303/01/02/00/00;Saúde - Receitas Vinculadas (E.C. 29/00 - 15%);0.00;260500.00;258026.98;2473.02
06;SECRETARIA DE SAUDE;003;FMS - DEPARTAMENTO DE ASSISTÊNCIA HOSPITALAR E AMBULATORIAL;10.301.0004.2024;Manutenção dos Serviços de Saúde - Atenção Básica;3.3.90.39.00.00;OUTROS SERVIÇOS DE TERCEIROS - PESSOA JURÍDICA;01008;E;00378;0494/09/02/05/20;REPASSE PROAPS SESA PR;0.00;1000.00;326.00;674.00
06;SECRETARIA DE SAUDE;003;FMS - DEPARTAMENTO DE ASSISTÊNCIA HOSPITALAR E AMBULATORIAL;10.301.0004.2024;Manutenção dos Serviços de Saúde - Atenção Básica;3.3.90.39.00.00;OUTROS SERVIÇOS DE TERCEIROS - PESSOA JURÍDICA;01008;EA;00378;0494/09/02/05/20;REPASSE PROAPS SESA PR;0.00;163500.00;160399.46;3100.54
06;SECRETARIA DE SAUDE;003;FMS - DEPARTAMENTO DE ASSISTÊNCIA HOSPITALAR E AMBULATORIAL;10.301.0004.2024;Manutenção dos Serviços de Saúde - Atenção Básica;3.3.90.39.00.00;OUTROS SERVIÇOS DE TERCEIROS - PESSOA JURÍDICA;01000;E;01494;0494/09/02/06/20;Bloco de Custeio das Ações e Serviços Públicos de Saúde;820000.00;299257.75;61868.45;237389.30
06;SECRETARIA DE SAUDE;003;FMS - DEPARTAMENTO DE ASSISTÊNCIA HOSPITALAR E AMBULATORIAL;10.301.0004.2024;Manutenção dos Serviços de Saúde - Atenção Básica;3.3.90.39.00.00;OUTROS SERVIÇOS DE TERCEIROS - PESSOA JURÍDICA;01009;E;01495;1007/03/02/01/03;Incentivo a Organizaçao da Assistência Farmaceutica;0.00;0.00;0.00;0.00
06;SECRETARIA DE SAUDE;003;FMS - DEPARTAMENTO DE ASSISTÊNCIA HOSPITALAR E AMBULATORIAL;10.301.0004.2024;Manutenção dos Serviços de Saúde - Atenção Básica;3.3.90.39.00.00;OUTROS SERVIÇOS DE TERCEIROS - PESSOA JURÍDICA;01007;E;11497;1011/12/02/06/18;CUSTEIO PAP - EMENDA INDIVIDUAL PROPOSTA 36000666916202500;0.00;0.00;0.00;0.00
06;SECRETARIA DE SAUDE;003;FMS - DEPARTAMENTO DE ASSISTÊNCIA HOSPITALAR E AMBULATORIAL;10.301.0004.2024;Manutenção dos Serviços de Saúde - Atenção Básica;3.3.90.39.00.00;OUTROS SERVIÇOS DE TERCEIROS - PESSOA JURÍDICA;01007;EA;11497;1011/12/02/06/18;CUSTEIO PAP - EMENDA INDIVIDUAL PROPOSTA 36000666916202500;0.00;2000.00;1659.67;340.33
06;SECRETARIA DE SAUDE;003;FMS - DEPARTAMENTO DE ASSISTÊNCIA HOSPITALAR E AMBULATORIAL;10.301.0004.2024;Manutenção dos Serviços de Saúde - Atenção Básica;3.3.90.39.00.00;OUTROS SERVIÇOS DE TERCEIROS - PESSOA JURÍDICA;01006;E;11498;1011/12/02/06/18;CUSTEIO PAP - EMENDA INDIVIDUAL PROPOSTA 36000667668202500;0.00;0.00;0.00;0.00
06;SECRETARIA DE SAUDE;003;FMS - DEPARTAMENTO DE ASSISTÊNCIA HOSPITALAR E AMBULATORIAL;10.301.0004.2024;Manutenção dos Serviços de Saúde - Atenção Básica;3.3.90.39.00.00;OUTROS SERVIÇOS DE TERCEIROS - PESSOA JURÍDICA;01006;EA;11498;1011/12/02/06/18;CUSTEIO PAP - EMENDA INDIVIDUAL PROPOSTA 36000667668202500;0.00;3000.00;2968.00;32.00
06;SECRETARIA DE SAUDE;003;FMS - DEPARTAMENTO DE ASSISTÊNCIA HOSPITALAR E AMBULATORIAL;10.301.0004.2024;Manutenção dos Serviços de Saúde - Atenção Básica;3.3.90.39.00.00;OUTROS SERVIÇOS DE TERCEIROS - PESSOA JURÍDICA;01003;E;11499;1011/12/02/06/18;CUSTEIO PAP - EMENDA INDIVIDUAL PROPOSTA 36000653904202500;0.00;0.00;0.00;0.00
06;SECRETARIA DE SAUDE;003;FMS - DEPARTAMENTO DE ASSISTÊNCIA HOSPITALAR E AMBULATORIAL;10.301.0004.2024;Manutenção dos Serviços de Saúde - Atenção Básica;3.3.90.39.00.00;OUTROS SERVIÇOS DE TERCEIROS - PESSOA JURÍDICA;01003;EA;11499;1011/12/02/06/18;CUSTEIO PAP - EMENDA INDIVIDUAL PROPOSTA 36000653904202500;0.00;16000.00;15846.00;154.00
06;SECRETARIA DE SAUDE;003;FMS - DEPARTAMENTO DE ASSISTÊNCIA HOSPITALAR E AMBULATORIAL;10.301.0004.2024;Manutenção dos Serviços de Saúde - Atenção Básica;3.3.90.39.00.00;OUTROS SERVIÇOS DE TERCEIROS - PESSOA JURÍDICA;01005;E;11500;1011/12/02/06/18;CUSTEIO PAP - EMENDA INDIVIDUAL PROPOSTA 36000666976202500;0.00;0.00;0.00;0.00
06;SECRETARIA DE SAUDE;003;FMS - DEPARTAMENTO DE ASSISTÊNCIA HOSPITALAR E AMBULATORIAL;10.301.0004.2024;Manutenção dos Serviços de Saúde - Atenção Básica;3.3.90.39.00.00;OUTROS SERVIÇOS DE TERCEIROS - PESSOA JURÍDICA;01005;EA;11500;1011/12/02/06/18;CUSTEIO PAP - EMENDA INDIVIDUAL PROPOSTA 36000666976202500;0.00;27000.00;26832.15;167.85
06;SECRETARIA DE SAUDE;003;FMS - DEPARTAMENTO DE ASSISTÊNCIA HOSPITALAR E AMBULATORIAL;10.301.0004.2024;Manutenção dos Serviços de Saúde - Atenção Básica;3.3.90.39.00.00;OUTROS SERVIÇOS DE TERCEIROS - PESSOA JURÍDICA;01004;E;11505;1011/12/02/06/18;CUSTEIO PAP - EMENDA INDIVIDUAL PROPOSTA 36000714601202500;0.00;0.00;0.00;0.00
06;SECRETARIA DE SAUDE;003;FMS - DEPARTAMENTO DE ASSISTÊNCIA HOSPITALAR E AMBULATORIAL;10.301.0004.2024;Manutenção dos Serviços de Saúde - Atenção Básica;3.3.90.39.00.00;OUTROS SERVIÇOS DE TERCEIROS - PESSOA JURÍDICA;01004;EA;11505;1011/12/02/06/18;CUSTEIO PAP - EMENDA INDIVIDUAL PROPOSTA 36000714601202500;0.00;27000.00;21741.12;5258.88
06;SECRETARIA DE SAUDE;003;FMS - DEPARTAMENTO DE ASSISTÊNCIA HOSPITALAR E AMBULATORIAL;10.301.0004.2024;Manutenção dos Serviços de Saúde - Atenção Básica;3.3.90.39.00.00;OUTROS SERVIÇOS DE TERCEIROS - PESSOA JURÍDICA;01013;E;11506;1011/12/02/06/18;CUSTEIO PAP 2026 - EMENDA INDIVIDUAL PROPOSTA 766885 C/C 28269-3;0.00;51663.08;45921.14;5741.94
06;SECRETARIA DE SAUDE;003;FMS - DEPARTAMENTO DE ASSISTÊNCIA HOSPITALAR E AMBULATORIAL;10.301.0004.2024;Manutenção dos Serviços de Saúde - Atenção Básica;3.3.90.39.00.00;OUTROS SERVIÇOS DE TERCEIROS - PESSOA JURÍDICA;01012;E;11508;1011/12/02/06/18;CUSTEIO PAP 2026 - EMENDA INDIVIDUAL PROPOSTA 768598 C/C 28271-5;0.00;106074.06;103974.92;2099.14
06;SECRETARIA DE SAUDE;003;FMS - DEPARTAMENTO DE ASSISTÊNCIA HOSPITALAR E AMBULATORIAL;10.301.0004.2024;Manutenção dos Serviços de Saúde - Atenção Básica;3.3.90.39.00.00;OUTROS SERVIÇOS DE TERCEIROS - PESSOA JURÍDICA;01011;E;11510;1011/12/02/06/18;CUSTEIO PAP 2026 - EMENDA INDIVIDUAL PROPOSTA 768591 C/C 28270-7;0.00;175254.96;175254.28;0.68
06;SECRETARIA DE SAUDE;003;FMS - DEPARTAMENTO DE ASSISTÊNCIA HOSPITALAR E AMBULATORIAL;10.301.0004.2024;Manutenção dos Serviços de Saúde - Atenção Básica;3.3.90.39.00.00;OUTROS SERVIÇOS DE TERCEIROS - PESSOA JURÍDICA;01014;E;11516;1011/12/02/06/18;CUSTEIO PAP 2026 - EMENDA INDIVIDUAL PROPOSTA 766137 C/C 28351-7;0.00;52737.52;51883.85;853.67
06;SECRETARIA DE SAUDE;003;FMS - DEPARTAMENTO DE ASSISTÊNCIA HOSPITALAR E AMBULATORIAL;10.301.0004.2024;Manutenção dos Serviços de Saúde - Atenção Básica;3.3.90.40.00.00;SERVIÇOS DE TECNOLOGIA DA INFORMAÇÃO E COMUNICAÇÃO - PESSOA JURÍDICA;01010;E;00303;0303/01/02/00/00;Saúde - Receitas Vinculadas (E.C. 29/00 - 15%);40000.00;0.00;0.00;0.00
06;SECRETARIA DE SAUDE;003;FMS - DEPARTAMENTO DE ASSISTÊNCIA HOSPITALAR E AMBULATORIAL;10.301.0004.2024;Manutenção dos Serviços de Saúde - Atenção Básica;3.3.90.46.00.00;AUXÍLIO-ALIMENTAÇÃO;01020;E;00303;0303/01/02/00/00;Saúde - Receitas Vinculadas (E.C. 29/00 - 15%);8500.00;54600.00;54299.99;300.01
06;SECRETARIA DE SAUDE;003;FMS - DEPARTAMENTO DE ASSISTÊNCIA HOSPITALAR E AMBULATORIAL;10.301.0004.2024;Manutenção dos Serviços de Saúde - Atenção Básica;3.3.90.46.00.00;AUXÍLIO-ALIMENTAÇÃO;01021;E;01494;0494/09/02/06/20;Bloco de Custeio das Ações e Serviços Públicos de Saúde;0.00;8200.00;8100.00;100.00
06;SECRETARIA DE SAUDE;003;FMS - DEPARTAMENTO DE ASSISTÊNCIA HOSPITALAR E AMBULATORIAL;10.301.0004.2024;Manutenção dos Serviços de Saúde - Atenção Básica;4.4.90.52.00.00;EQUIPAMENTOS E MATERIAL PERMANENTE;01031;E;00000;0000/01/07/00/00;Recursos Ordinários (Livres);0.00;10000.00;8997.00;1003.00
06;SECRETARIA DE SAUDE;003;FMS - DEPARTAMENTO DE ASSISTÊNCIA HOSPITALAR E AMBULATORIAL;10.301.0004.2024;Manutenção dos Serviços de Saúde - Atenção Básica;4.4.90.52.00.00;EQUIPAMENTOS E MATERIAL PERMANENTE;01030;E;00303;0303/01/02/00/00;Saúde - Receitas Vinculadas (E.C. 29/00 - 15%);10000.00;10000.00;0.00;10000.00
06;SECRETARIA DE SAUDE;003;FMS - DEPARTAMENTO DE ASSISTÊNCIA HOSPITALAR E AMBULATORIAL;10.301.0004.2024;Manutenção dos Serviços de Saúde - Atenção Básica;4.4.90.52.00.00;EQUIPAMENTOS E MATERIAL PERMANENTE;01032;E;00945;1006/03/02/01/02;AQUISIÇÃO DE EQUIPAMENTOS INVESTIMENTO SESA PR;0.00;0.00;0.00;0.00
06;SECRETARIA DE SAUDE;003;FMS - DEPARTAMENTO DE ASSISTÊNCIA HOSPITALAR E AMBULATORIAL;10.301.0004.2024;Manutenção dos Serviços de Saúde - Atenção Básica;4.4.90.52.00.00;EQUIPAMENTOS E MATERIAL PERMANENTE;01032;EA;00945;1006/03/02/01/02;AQUISIÇÃO DE EQUIPAMENTOS INVESTIMENTO SESA PR;0.00;59000.00;45802.35;13197.65
06;SECRETARIA DE SAUDE;003;FMS - DEPARTAMENTO DE ASSISTÊNCIA HOSPITALAR E AMBULATORIAL;10.302.0005.1089;Convênio Estadual - Reforma do Hospital Dr. Lauro Macedo Sobrinho;4.4.90.51.00.00;OBRAS E INSTALAÇÕES;01040;E;01987;1005/03/02/01/01;CONVÊNIO ESTADUAL - REFORMA DO HOSPITAL;500000.00;500000.00;0.00;500000.00
06;SECRETARIA DE SAUDE;003;FMS - DEPARTAMENTO DE ASSISTÊNCIA HOSPITALAR E AMBULATORIAL;10.302.0005.2025;Manutenção dos Serviços de Saúde - Média e Alta Complexidade;3.1.90.11.00.00;VENCIMENTOS E VANTAGENS FIXAS - PESSOAL CIVIL;01050;E;00303;0303/01/02/00/00;Saúde - Receitas Vinculadas (E.C. 29/00 - 15%);1943000.00;1836620.00;625233.04;1211386.96
06;SECRETARIA DE SAUDE;003;FMS - DEPARTAMENTO DE ASSISTÊNCIA HOSPITALAR E AMBULATORIAL;10.302.0005.2025;Manutenção dos Serviços de Saúde - Média e Alta Complexidade;3.1.90.11.00.00;VENCIMENTOS E VANTAGENS FIXAS - PESSOAL CIVIL;01052;E;01064;1064/09/02/06/20;Assistência financeira da União destinada à complementação ao pagamento dos piso;0.00;3000.00;2634.03;365.97
06;SECRETARIA DE SAUDE;003;FMS - DEPARTAMENTO DE ASSISTÊNCIA HOSPITALAR E AMBULATORIAL;10.302.0005.2025;Manutenção dos Serviços de Saúde - Média e Alta Complexidade;3.1.90.11.00.00;VENCIMENTOS E VANTAGENS FIXAS - PESSOAL CIVIL;01051;E;01494;0494/09/02/06/20;Bloco de Custeio das Ações e Serviços Públicos de Saúde;0.00;439576.37;439449.19;127.18
06;SECRETARIA DE SAUDE;003;FMS - DEPARTAMENTO DE ASSISTÊNCIA HOSPITALAR E AMBULATORIAL;10.302.0005.2025;Manutenção dos Serviços de Saúde - Média e Alta Complexidade;3.1.90.13.00.00;CONTRIBUIÇÕES PATRONAIS;01060;E;00303;0303/01/02/00/00;Saúde - Receitas Vinculadas (E.C. 29/00 - 15%);360000.00;360000.00;104188.53;255811.47
06;SECRETARIA DE SAUDE;003;FMS - DEPARTAMENTO DE ASSISTÊNCIA HOSPITALAR E AMBULATORIAL;10.302.0005.2025;Manutenção dos Serviços de Saúde - Média e Alta Complexidade;3.1.90.13.00.00;CONTRIBUIÇÕES PATRONAIS;01061;E;01494;0494/09/02/06/20;Bloco de Custeio das Ações e Serviços Públicos de Saúde;0.00;87865.15;87733.87;131.28
06;SECRETARIA DE SAUDE;003;FMS - DEPARTAMENTO DE ASSISTÊNCIA HOSPITALAR E AMBULATORIAL;10.302.0005.2025;Manutenção dos Serviços de Saúde - Média e Alta Complexidade;3.1.90.16.00.00;OUTRAS DESPESAS VARIÁVEIS - PESSOAL CIVIL;01070;E;00303;0303/01/02/00/00;Saúde - Receitas Vinculadas (E.C. 29/00 - 15%);30000.00;30000.00;0.00;30000.00
06;SECRETARIA DE SAUDE;003;FMS - DEPARTAMENTO DE ASSISTÊNCIA HOSPITALAR E AMBULATORIAL;10.302.0005.2025;Manutenção dos Serviços de Saúde - Média e Alta Complexidade;3.1.90.94.00.00;INDENIZAÇÕES E RESTITUIÇÕES TRABALHISTAS;01080;E;00303;0303/01/02/00/00;Saúde - Receitas Vinculadas (E.C. 29/00 - 15%);30000.00;30000.00;0.00;30000.00
06;SECRETARIA DE SAUDE;003;FMS - DEPARTAMENTO DE ASSISTÊNCIA HOSPITALAR E AMBULATORIAL;10.302.0005.2025;Manutenção dos Serviços de Saúde - Média e Alta Complexidade;3.3.90.14.00.00;DIÁRIAS - CIVIL;01090;E;00303;0303/01/02/00/00;Saúde - Receitas Vinculadas (E.C. 29/00 - 15%);50000.00;50000.00;295.00;49705.00
06;SECRETARIA DE SAUDE;003;FMS - DEPARTAMENTO DE ASSISTÊNCIA HOSPITALAR E AMBULATORIAL;10.302.0005.2025;Manutenção dos Serviços de Saúde - Média e Alta Complexidade;3.3.90.30.00.00;MATERIAL DE CONSUMO;01100;E;00000;0000/01/07/00/00;Recursos Ordinários (Livres);453333.00;393333.00;42157.70;351175.30
06;SECRETARIA DE SAUDE;003;FMS - DEPARTAMENTO DE ASSISTÊNCIA HOSPITALAR E AMBULATORIAL;10.302.0005.2025;Manutenção dos Serviços de Saúde - Média e Alta Complexidade;3.3.90.30.00.00;MATERIAL DE CONSUMO;01110;E;00303;0303/01/02/00/00;Saúde - Receitas Vinculadas (E.C. 29/00 - 15%);176717.00;150717.00;64511.48;86205.52
06;SECRETARIA DE SAUDE;003;FMS - DEPARTAMENTO DE ASSISTÊNCIA HOSPITALAR E AMBULATORIAL;10.302.0005.2025;Manutenção dos Serviços de Saúde - Média e Alta Complexidade;3.3.90.30.00.00;MATERIAL DE CONSUMO;01120;E;00371;1005/03/02/01/01;TRANSFERÊNCIA ESTADUAL HOSP SUS;170000.00;113301.40;64493.74;48807.66
06;SECRETARIA DE SAUDE;003;FMS - DEPARTAMENTO DE ASSISTÊNCIA HOSPITALAR E AMBULATORIAL;10.302.0005.2025;Manutenção dos Serviços de Saúde - Média e Alta Complexidade;3.3.90.30.00.00;MATERIAL DE CONSUMO;01130;E;00496;0496/09/02/06/20;HPP - TRANSFERÊNCIA SUS/SESA - HOSPITAL DE PEQUENO PORTE;150000.00;83000.00;61504.56;21495.44
06;SECRETARIA DE SAUDE;003;FMS - DEPARTAMENTO DE ASSISTÊNCIA HOSPITALAR E AMBULATORIAL;10.302.0005.2025;Manutenção dos Serviços de Saúde - Média e Alta Complexidade;3.3.90.30.00.00;MATERIAL DE CONSUMO;01131;E;01494;0494/09/02/06/20;Bloco de Custeio das Ações e Serviços Públicos de Saúde;0.00;135400.00;126162.44;9237.56
06;SECRETARIA DE SAUDE;003;FMS - DEPARTAMENTO DE ASSISTÊNCIA HOSPITALAR E AMBULATORIAL;10.302.0005.2025;Manutenção dos Serviços de Saúde - Média e Alta Complexidade;3.3.90.30.00.00;MATERIAL DE CONSUMO;01134;E;11496;1011/12/02/06/18;CUSTEIO PAP - EMENDA INDIVIDUAL PROPOSTA 36000666885202500;0.00;0.00;0.00;0.00
06;SECRETARIA DE SAUDE;003;FMS - DEPARTAMENTO DE ASSISTÊNCIA HOSPITALAR E AMBULATORIAL;10.302.0005.2025;Manutenção dos Serviços de Saúde - Média e Alta Complexidade;3.3.90.30.00.00;MATERIAL DE CONSUMO;01134;EA;11496;1011/12/02/06/18;CUSTEIO PAP - EMENDA INDIVIDUAL PROPOSTA 36000666885202500;0.00;2000.00;1206.10;793.90
06;SECRETARIA DE SAUDE;003;FMS - DEPARTAMENTO DE ASSISTÊNCIA HOSPITALAR E AMBULATORIAL;10.302.0005.2025;Manutenção dos Serviços de Saúde - Média e Alta Complexidade;3.3.90.30.00.00;MATERIAL DE CONSUMO;01133;E;11499;1011/12/02/06/18;CUSTEIO PAP - EMENDA INDIVIDUAL PROPOSTA 36000653904202500;0.00;0.00;0.00;0.00
06;SECRETARIA DE SAUDE;003;FMS - DEPARTAMENTO DE ASSISTÊNCIA HOSPITALAR E AMBULATORIAL;10.302.0005.2025;Manutenção dos Serviços de Saúde - Média e Alta Complexidade;3.3.90.30.00.00;MATERIAL DE CONSUMO;01133;EA;11499;1011/12/02/06/18;CUSTEIO PAP - EMENDA INDIVIDUAL PROPOSTA 36000653904202500;0.00;8000.00;7151.25;848.75
06;SECRETARIA DE SAUDE;003;FMS - DEPARTAMENTO DE ASSISTÊNCIA HOSPITALAR E AMBULATORIAL;10.302.0005.2025;Manutenção dos Serviços de Saúde - Média e Alta Complexidade;3.3.90.30.00.00;MATERIAL DE CONSUMO;01132;E;11502;1011/12/02/06/18;CUSTEIO PAP - EMENDA INDIVIDUAL PROPOSTA 36000667591202500;0.00;0.00;0.00;0.00
06;SECRETARIA DE SAUDE;003;FMS - DEPARTAMENTO DE ASSISTÊNCIA HOSPITALAR E AMBULATORIAL;10.302.0005.2025;Manutenção dos Serviços de Saúde - Média e Alta Complexidade;3.3.90.30.00.00;MATERIAL DE CONSUMO;01132;EA;11502;1011/12/02/06/18;CUSTEIO PAP - EMENDA INDIVIDUAL PROPOSTA 36000667591202500;0.00;13680.00;12503.30;1176.70
06;SECRETARIA DE SAUDE;003;FMS - DEPARTAMENTO DE ASSISTÊNCIA HOSPITALAR E AMBULATORIAL;10.302.0005.2025;Manutenção dos Serviços de Saúde - Média e Alta Complexidade;3.3.90.30.00.00;MATERIAL DE CONSUMO;01101;E;11505;1011/12/02/06/18;CUSTEIO PAP - EMENDA INDIVIDUAL PROPOSTA 36000714601202500;0.00;0.00;0.00;0.00
06;SECRETARIA DE SAUDE;003;FMS - DEPARTAMENTO DE ASSISTÊNCIA HOSPITALAR E AMBULATORIAL;10.302.0005.2025;Manutenção dos Serviços de Saúde - Média e Alta Complexidade;3.3.90.30.00.00;MATERIAL DE CONSUMO;01101;EA;11505;1011/12/02/06/18;CUSTEIO PAP - EMENDA INDIVIDUAL PROPOSTA 36000714601202500;0.00;42116.79;9104.80;33011.99
06;SECRETARIA DE SAUDE;003;FMS - DEPARTAMENTO DE ASSISTÊNCIA HOSPITALAR E AMBULATORIAL;10.302.0005.2025;Manutenção dos Serviços de Saúde - Média e Alta Complexidade;3.3.90.30.00.00;MATERIAL DE CONSUMO;01136;E;11508;1011/12/02/06/18;CUSTEIO PAP 2026 - EMENDA INDIVIDUAL PROPOSTA 768598 C/C 28271-5;0.00;81000.00;80789.20;210.80
06;SECRETARIA DE SAUDE;003;FMS - DEPARTAMENTO DE ASSISTÊNCIA HOSPITALAR E AMBULATORIAL;10.302.0005.2025;Manutenção dos Serviços de Saúde - Média e Alta Complexidade;3.3.90.30.00.00;MATERIAL DE CONSUMO;01138;E;11509;1011/12/02/06/18;CUSTEIO PAP 2026 - EMENDA INDIVIDUAL PROPOSTA 768603 C/C 28277-4;0.00;86108.95;83913.69;2195.26
06;SECRETARIA DE SAUDE;003;FMS - DEPARTAMENTO DE ASSISTÊNCIA HOSPITALAR E AMBULATORIAL;10.302.0005.2025;Manutenção dos Serviços de Saúde - Média e Alta Complexidade;3.3.90.30.00.00;MATERIAL DE CONSUMO;01135;E;11510;1011/12/02/06/18;CUSTEIO PAP 2026 - EMENDA INDIVIDUAL PROPOSTA 768591 C/C 28270-7;0.00;82250.00;81770.03;479.97
06;SECRETARIA DE SAUDE;003;FMS - DEPARTAMENTO DE ASSISTÊNCIA HOSPITALAR E AMBULATORIAL;10.302.0005.2025;Manutenção dos Serviços de Saúde - Média e Alta Complexidade;3.3.90.30.00.00;MATERIAL DE CONSUMO;01137;E;11511;1011/12/02/06/18;CUSTEIO PAP 2026 - EMENDA INDIVIDUAL PROPOSTA 766955 C/C 28304-5;0.00;80000.00;78613.20;1386.80
06;SECRETARIA DE SAUDE;003;FMS - DEPARTAMENTO DE ASSISTÊNCIA HOSPITALAR E AMBULATORIAL;10.302.0005.2025;Manutenção dos Serviços de Saúde - Média e Alta Complexidade;3.3.90.34.00.00;OUTRAS DESPESAS DE PESSOAL DECORRENTES DE CONTRATOS DE TERCEIRIZAÇÃO;01163;E;00000;0000/01/07/00/00;Recursos Ordinários (Livres);0.00;45000.00;0.00;45000.00
06;SECRETARIA DE SAUDE;003;FMS - DEPARTAMENTO DE ASSISTÊNCIA HOSPITALAR E AMBULATORIAL;10.302.0005.2025;Manutenção dos Serviços de Saúde - Média e Alta Complexidade;3.3.90.34.00.00;OUTRAS DESPESAS DE PESSOAL DECORRENTES DE CONTRATOS DE TERCEIRIZAÇÃO;01140;E;00303;0303/01/02/00/00;Saúde - Receitas Vinculadas (E.C. 29/00 - 15%);100000.00;151000.00;148852.93;2147.07
06;SECRETARIA DE SAUDE;003;FMS - DEPARTAMENTO DE ASSISTÊNCIA HOSPITALAR E AMBULATORIAL;10.302.0005.2025;Manutenção dos Serviços de Saúde - Média e Alta Complexidade;3.3.90.34.00.00;OUTRAS DESPESAS DE PESSOAL DECORRENTES DE CONTRATOS DE TERCEIRIZAÇÃO;01150;E;00371;1005/03/02/01/01;TRANSFERÊNCIA ESTADUAL HOSP SUS;100000.00;96258.34;44216.00;52042.34
06;SECRETARIA DE SAUDE;003;FMS - DEPARTAMENTO DE ASSISTÊNCIA HOSPITALAR E AMBULATORIAL;10.302.0005.2025;Manutenção dos Serviços de Saúde - Média e Alta Complexidade;3.3.90.34.00.00;OUTRAS DESPESAS DE PESSOAL DECORRENTES DE CONTRATOS DE TERCEIRIZAÇÃO;01160;E;00496;0496/09/02/06/20;HPP - TRANSFERÊNCIA SUS/SESA - HOSPITAL DE PEQUENO PORTE;100000.00;144216.00;110044.70;34171.30
06;SECRETARIA DE SAUDE;003;FMS - DEPARTAMENTO DE ASSISTÊNCIA HOSPITALAR E AMBULATORIAL;10.302.0005.2025;Manutenção dos Serviços de Saúde - Média e Alta Complexidade;3.3.90.34.00.00;OUTRAS DESPESAS DE PESSOAL DECORRENTES DE CONTRATOS DE TERCEIRIZAÇÃO;01162;E;01064;1064/09/02/06/20;Assistência financeira da União destinada à complementação ao pagamento dos piso;0.00;13000.00;12718.51;281.49
06;SECRETARIA DE SAUDE;003;FMS - DEPARTAMENTO DE ASSISTÊNCIA HOSPITALAR E AMBULATORIAL;10.302.0005.2025;Manutenção dos Serviços de Saúde - Média e Alta Complexidade;3.3.90.34.00.00;OUTRAS DESPESAS DE PESSOAL DECORRENTES DE CONTRATOS DE TERCEIRIZAÇÃO;01162;EA;01064;1064/09/02/06/20;Assistência financeira da União destinada à complementação ao pagamento dos piso;0.00;38000.00;35840.44;2159.56
06;SECRETARIA DE SAUDE;003;FMS - DEPARTAMENTO DE ASSISTÊNCIA HOSPITALAR E AMBULATORIAL;10.302.0005.2025;Manutenção dos Serviços de Saúde - Média e Alta Complexidade;3.3.90.34.00.00;OUTRAS DESPESAS DE PESSOAL DECORRENTES DE CONTRATOS DE TERCEIRIZAÇÃO;01164;E;01494;0494/09/02/06/20;Bloco de Custeio das Ações e Serviços Públicos de Saúde;0.00;198392.00;197824.00;568.00
06;SECRETARIA DE SAUDE;003;FMS - DEPARTAMENTO DE ASSISTÊNCIA HOSPITALAR E AMBULATORIAL;10.302.0005.2025;Manutenção dos Serviços de Saúde - Média e Alta Complexidade;3.3.90.34.00.00;OUTRAS DESPESAS DE PESSOAL DECORRENTES DE CONTRATOS DE TERCEIRIZAÇÃO;01161;E;11505;1011/12/02/06/18;CUSTEIO PAP - EMENDA INDIVIDUAL PROPOSTA 36000714601202500;0.00;0.00;0.00;0.00
06;SECRETARIA DE SAUDE;003;FMS - DEPARTAMENTO DE ASSISTÊNCIA HOSPITALAR E AMBULATORIAL;10.302.0005.2025;Manutenção dos Serviços de Saúde - Média e Alta Complexidade;3.3.90.34.00.00;OUTRAS DESPESAS DE PESSOAL DECORRENTES DE CONTRATOS DE TERCEIRIZAÇÃO;01161;EA;11505;1011/12/02/06/18;CUSTEIO PAP - EMENDA INDIVIDUAL PROPOSTA 36000714601202500;0.00;55876.51;55499.57;376.94
06;SECRETARIA DE SAUDE;003;FMS - DEPARTAMENTO DE ASSISTÊNCIA HOSPITALAR E AMBULATORIAL;10.302.0005.2025;Manutenção dos Serviços de Saúde - Média e Alta Complexidade;3.3.90.34.00.00;OUTRAS DESPESAS DE PESSOAL DECORRENTES DE CONTRATOS DE TERCEIRIZAÇÃO;01166;E;11506;1011/12/02/06/18;CUSTEIO PAP 2026 - EMENDA INDIVIDUAL PROPOSTA 766885 C/C 28269-3;0.00;76322.25;76322.25;0.00
06;SECRETARIA DE SAUDE;003;FMS - DEPARTAMENTO DE ASSISTÊNCIA HOSPITALAR E AMBULATORIAL;10.302.0005.2025;Manutenção dos Serviços de Saúde - Média e Alta Complexidade;3.3.90.34.00.00;OUTRAS DESPESAS DE PESSOAL DECORRENTES DE CONTRATOS DE TERCEIRIZAÇÃO;01165;E;11508;1011/12/02/06/18;CUSTEIO PAP 2026 - EMENDA INDIVIDUAL PROPOSTA 768598 C/C 28271-5;0.00;60000.00;48278.85;11721.15
06;SECRETARIA DE SAUDE;003;FMS - DEPARTAMENTO DE ASSISTÊNCIA HOSPITALAR E AMBULATORIAL;10.302.0005.2025;Manutenção dos Serviços de Saúde - Média e Alta Complexidade;3.3.90.39.00.00;OUTROS SERVIÇOS DE TERCEIROS - PESSOA JURÍDICA;01170;E;00000;0000/01/07/00/00;Recursos Ordinários (Livres);520000.00;277800.00;75034.95;202765.05
06;SECRETARIA DE SAUDE;003;FMS - DEPARTAMENTO DE ASSISTÊNCIA HOSPITALAR E AMBULATORIAL;10.302.0005.2025;Manutenção dos Serviços de Saúde - Média e Alta Complexidade;3.3.90.39.00.00;OUTROS SERVIÇOS DE TERCEIROS - PESSOA JURÍDICA;01180;E;00303;0303/01/02/00/00;Saúde - Receitas Vinculadas (E.C. 29/00 - 15%);120000.00;143000.00;137863.49;5136.51
06;SECRETARIA DE SAUDE;003;FMS - DEPARTAMENTO DE ASSISTÊNCIA HOSPITALAR E AMBULATORIAL;10.302.0005.2025;Manutenção dos Serviços de Saúde - Média e Alta Complexidade;3.3.90.39.00.00;OUTROS SERVIÇOS DE TERCEIROS - PESSOA JURÍDICA;01172;E;00371;1005/03/02/01/01;TRANSFERÊNCIA ESTADUAL HOSP SUS;0.00;60440.26;60306.99;133.27
06;SECRETARIA DE SAUDE;003;FMS - DEPARTAMENTO DE ASSISTÊNCIA HOSPITALAR E AMBULATORIAL;10.302.0005.2025;Manutenção dos Serviços de Saúde - Média e Alta Complexidade;3.3.90.39.00.00;OUTROS SERVIÇOS DE TERCEIROS - PESSOA JURÍDICA;01172;EA;00371;1005/03/02/01/01;TRANSFERÊNCIA ESTADUAL HOSP SUS;0.00;26126.48;25128.87;997.61
06;SECRETARIA DE SAUDE;003;FMS - DEPARTAMENTO DE ASSISTÊNCIA HOSPITALAR E AMBULATORIAL;10.302.0005.2025;Manutenção dos Serviços de Saúde - Média e Alta Complexidade;3.3.90.39.00.00;OUTROS SERVIÇOS DE TERCEIROS - PESSOA JURÍDICA;01191;E;00496;0496/09/02/06/20;HPP - TRANSFERÊNCIA SUS/SESA - HOSPITAL DE PEQUENO PORTE;0.00;22784.00;22574.69;209.31
06;SECRETARIA DE SAUDE;003;FMS - DEPARTAMENTO DE ASSISTÊNCIA HOSPITALAR E AMBULATORIAL;10.302.0005.2025;Manutenção dos Serviços de Saúde - Média e Alta Complexidade;3.3.90.39.00.00;OUTROS SERVIÇOS DE TERCEIROS - PESSOA JURÍDICA;01191;EA;00496;0496/09/02/06/20;HPP - TRANSFERÊNCIA SUS/SESA - HOSPITAL DE PEQUENO PORTE;0.00;23000.00;18822.03;4177.97
06;SECRETARIA DE SAUDE;003;FMS - DEPARTAMENTO DE ASSISTÊNCIA HOSPITALAR E AMBULATORIAL;10.302.0005.2025;Manutenção dos Serviços de Saúde - Média e Alta Complexidade;3.3.90.39.00.00;OUTROS SERVIÇOS DE TERCEIROS - PESSOA JURÍDICA;01190;E;01494;0494/09/02/06/20;Bloco de Custeio das Ações e Serviços Públicos de Saúde;1180000.00;711514.07;99296.62;612217.45
06;SECRETARIA DE SAUDE;003;FMS - DEPARTAMENTO DE ASSISTÊNCIA HOSPITALAR E AMBULATORIAL;10.302.0005.2025;Manutenção dos Serviços de Saúde - Média e Alta Complexidade;3.3.90.39.00.00;OUTROS SERVIÇOS DE TERCEIROS - PESSOA JURÍDICA;01171;E;11496;1011/12/02/06/18;CUSTEIO PAP - EMENDA INDIVIDUAL PROPOSTA 36000666885202500;0.00;0.00;0.00;0.00
06;SECRETARIA DE SAUDE;003;FMS - DEPARTAMENTO DE ASSISTÊNCIA HOSPITALAR E AMBULATORIAL;10.302.0005.2025;Manutenção dos Serviços de Saúde - Média e Alta Complexidade;3.3.90.39.00.00;OUTROS SERVIÇOS DE TERCEIROS - PESSOA JURÍDICA;01192;E;11506;1011/12/02/06/18;CUSTEIO PAP 2026 - EMENDA INDIVIDUAL PROPOSTA 766885 C/C 28269-3;0.00;11000.00;8788.74;2211.26
06;SECRETARIA DE SAUDE;003;FMS - DEPARTAMENTO DE ASSISTÊNCIA HOSPITALAR E AMBULATORIAL;10.302.0005.2025;Manutenção dos Serviços de Saúde - Média e Alta Complexidade;3.3.90.39.00.00;OUTROS SERVIÇOS DE TERCEIROS - PESSOA JURÍDICA;01193;E;11510;1011/12/02/06/18;CUSTEIO PAP 2026 - EMENDA INDIVIDUAL PROPOSTA 768591 C/C 28270-7;0.00;306.67;306.67;0.00
06;SECRETARIA DE SAUDE;003;FMS - DEPARTAMENTO DE ASSISTÊNCIA HOSPITALAR E AMBULATORIAL;10.302.0005.2025;Manutenção dos Serviços de Saúde - Média e Alta Complexidade;3.3.90.46.00.00;AUXÍLIO-ALIMENTAÇÃO;01200;E;00303;0303/01/02/00/00;Saúde - Receitas Vinculadas (E.C. 29/00 - 15%);4500.00;20200.00;20200.00;0.00
06;SECRETARIA DE SAUDE;003;FMS - DEPARTAMENTO DE ASSISTÊNCIA HOSPITALAR E AMBULATORIAL;10.302.0005.2025;Manutenção dos Serviços de Saúde - Média e Alta Complexidade;3.3.90.46.00.00;AUXÍLIO-ALIMENTAÇÃO;01201;E;01494;0494/09/02/06/20;Bloco de Custeio das Ações e Serviços Públicos de Saúde;0.00;15100.00;15100.00;0.00
06;SECRETARIA DE SAUDE;003;FMS - DEPARTAMENTO DE ASSISTÊNCIA HOSPITALAR E AMBULATORIAL;10.302.0005.2025;Manutenção dos Serviços de Saúde - Média e Alta Complexidade;4.4.90.52.00.00;EQUIPAMENTOS E MATERIAL PERMANENTE;01210;E;00303;0303/01/02/00/00;Saúde - Receitas Vinculadas (E.C. 29/00 - 15%);20000.00;20000.00;0.00;20000.00
06;SECRETARIA DE SAUDE;003;FMS - DEPARTAMENTO DE ASSISTÊNCIA HOSPITALAR E AMBULATORIAL;10.302.0005.2026;Manutenção dos Atendimentos na Unidade Básica - SAMU;3.1.90.11.00.00;VENCIMENTOS E VANTAGENS FIXAS - PESSOAL CIVIL;01220;E;00303;0303/01/02/00/00;Saúde - Receitas Vinculadas (E.C. 29/00 - 15%);483000.00;369800.00;218658.47;151141.53
06;SECRETARIA DE SAUDE;003;FMS - DEPARTAMENTO DE ASSISTÊNCIA HOSPITALAR E AMBULATORIAL;10.302.0005.2026;Manutenção dos Atendimentos na Unidade Básica - SAMU;3.1.90.11.00.00;VENCIMENTOS E VANTAGENS FIXAS - PESSOAL CIVIL;01221;E;01494;0494/09/02/06/20;Bloco de Custeio das Ações e Serviços Públicos de Saúde;0.00;37029.77;37029.77;0.00
06;SECRETARIA DE SAUDE;003;FMS - DEPARTAMENTO DE ASSISTÊNCIA HOSPITALAR E AMBULATORIAL;10.302.0005.2026;Manutenção dos Atendimentos na Unidade Básica - SAMU;3.1.90.13.00.00;CONTRIBUIÇÕES PATRONAIS;01230;E;00303;0303/01/02/00/00;Saúde - Receitas Vinculadas (E.C. 29/00 - 15%);90000.00;90000.00;41329.91;48670.09
06;SECRETARIA DE SAUDE;003;FMS - DEPARTAMENTO DE ASSISTÊNCIA HOSPITALAR E AMBULATORIAL;10.302.0005.2026;Manutenção dos Atendimentos na Unidade Básica - SAMU;3.1.90.13.00.00;CONTRIBUIÇÕES PATRONAIS;01231;E;01494;0494/09/02/06/20;Bloco de Custeio das Ações e Serviços Públicos de Saúde;0.00;7672.72;7672.72;0.00
06;SECRETARIA DE SAUDE;003;FMS - DEPARTAMENTO DE ASSISTÊNCIA HOSPITALAR E AMBULATORIAL;10.302.0005.2026;Manutenção dos Atendimentos na Unidade Básica - SAMU;3.3.90.30.00.00;MATERIAL DE CONSUMO;01240;E;00303;0303/01/02/00/00;Saúde - Receitas Vinculadas (E.C. 29/00 - 15%);80000.00;56000.00;0.00;56000.00
06;SECRETARIA DE SAUDE;003;FMS - DEPARTAMENTO DE ASSISTÊNCIA HOSPITALAR E AMBULATORIAL;10.302.0005.2026;Manutenção dos Atendimentos na Unidade Básica - SAMU;3.3.90.30.00.00;MATERIAL DE CONSUMO;01241;E;01494;0494/09/02/06/20;Bloco de Custeio das Ações e Serviços Públicos de Saúde;0.00;23600.00;23210.01;389.99
06;SECRETARIA DE SAUDE;003;FMS - DEPARTAMENTO DE ASSISTÊNCIA HOSPITALAR E AMBULATORIAL;10.302.0005.2026;Manutenção dos Atendimentos na Unidade Básica - SAMU;3.3.90.39.00.00;OUTROS SERVIÇOS DE TERCEIROS - PESSOA JURÍDICA;01250;E;00303;0303/01/02/00/00;Saúde - Receitas Vinculadas (E.C. 29/00 - 15%);5000.00;5000.00;0.00;5000.00
06;SECRETARIA DE SAUDE;003;FMS - DEPARTAMENTO DE ASSISTÊNCIA HOSPITALAR E AMBULATORIAL;10.302.0005.2026;Manutenção dos Atendimentos na Unidade Básica - SAMU;3.3.90.46.00.00;AUXÍLIO-ALIMENTAÇÃO;01260;E;00303;0303/01/02/00/00;Saúde - Receitas Vinculadas (E.C. 29/00 - 15%);2100.00;18000.00;18000.00;0.00
06;SECRETARIA DE SAUDE;003;FMS - DEPARTAMENTO DE ASSISTÊNCIA HOSPITALAR E AMBULATORIAL;10.302.0005.2026;Manutenção dos Atendimentos na Unidade Básica - SAMU;3.3.90.46.00.00;AUXÍLIO-ALIMENTAÇÃO;01261;E;01494;0494/09/02/06/20;Bloco de Custeio das Ações e Serviços Públicos de Saúde;0.00;3000.00;3000.00;0.00
06;SECRETARIA DE SAUDE;003;FMS - DEPARTAMENTO DE ASSISTÊNCIA HOSPITALAR E AMBULATORIAL;10.303.0004.2027;Manutenção dos Serviços de Saúde - Farmácia Básica;3.3.90.32.00.00;MATERIAL, BEM OU SERVIÇO PARA DISTRIBUIÇÃO GRATUITA;01270;E;00303;0303/01/02/00/00;Saúde - Receitas Vinculadas (E.C. 29/00 - 15%);50000.00;50000.00;0.00;50000.00
06;SECRETARIA DE SAUDE;003;FMS - DEPARTAMENTO DE ASSISTÊNCIA HOSPITALAR E AMBULATORIAL;10.303.0004.2027;Manutenção dos Serviços de Saúde - Farmácia Básica;3.3.90.32.00.00;MATERIAL, BEM OU SERVIÇO PARA DISTRIBUIÇÃO GRATUITA;01271;E;11508;1011/12/02/06/18;CUSTEIO PAP 2026 - EMENDA INDIVIDUAL PROPOSTA 768598 C/C 28271-5;0.00;74700.00;69308.89;5391.11
06;SECRETARIA DE SAUDE;003;FMS - DEPARTAMENTO DE ASSISTÊNCIA HOSPITALAR E AMBULATORIAL;10.306.0004.2030;Manutenção das Atividades de Segurança Alimentar Infantil;3.3.90.32.00.00;MATERIAL, BEM OU SERVIÇO PARA DISTRIBUIÇÃO GRATUITA;01280;E;00000;0000/01/07/00/00;Recursos Ordinários (Livres);20000.00;20000.00;0.00;20000.00
06;SECRETARIA DE SAUDE;003;FMS - DEPARTAMENTO DE ASSISTÊNCIA HOSPITALAR E AMBULATORIAL;10.331.0007.2031;"Manutenção do Programa ""Mais Oportunidade de Trabalho com Dignidade"" - Saúde";3.3.90.48.00.00;OUTROS AUXÍLIOS FINANCEIROS A PESSOAS FÍSICAS;01290;E;00000;0000/01/07/00/00;Recursos Ordinários (Livres);30000.00;20000.00;14728.00;5272.00
06;SECRETARIA DE SAUDE;003;FMS - DEPARTAMENTO DE ASSISTÊNCIA HOSPITALAR E AMBULATORIAL;10.331.0007.2031;"Manutenção do Programa ""Mais Oportunidade de Trabalho com Dignidade"" - Saúde";3.3.90.48.00.00;OUTROS AUXÍLIOS FINANCEIROS A PESSOAS FÍSICAS;01301;E;00303;0303/01/02/00/00;Saúde - Receitas Vinculadas (E.C. 29/00 - 15%);0.00;7280.00;6776.00;504.00
06;SECRETARIA DE SAUDE;003;FMS - DEPARTAMENTO DE ASSISTÊNCIA HOSPITALAR E AMBULATORIAL;10.331.0007.2031;"Manutenção do Programa ""Mais Oportunidade de Trabalho com Dignidade"" - Saúde";3.3.90.48.00.00;OUTROS AUXÍLIOS FINANCEIROS A PESSOAS FÍSICAS;01300;E;00511;0511/01/07/00/00;Taxas - Prestação de Serviços;20000.00;20000.00;0.00;20000.00
07;SECRETARIA MUNICIPAL DE ASSISTÊNCIA SOCIAL;001;DEPARTAMENTO DA AÇÃO SOCIAL;08.244.0008.2032;Manutenção da Secretaria Municipal de Assistência Social;3.1.90.11.00.00;VENCIMENTOS E VANTAGENS FIXAS - PESSOAL CIVIL;01310;E;00000;0000/01/07/00/00;Recursos Ordinários (Livres);229000.00;243900.00;243877.92;22.08
07;SECRETARIA MUNICIPAL DE ASSISTÊNCIA SOCIAL;001;DEPARTAMENTO DA AÇÃO SOCIAL;08.244.0008.2032;Manutenção da Secretaria Municipal de Assistência Social;3.1.90.13.00.00;CONTRIBUIÇÕES PATRONAIS;01320;E;00000;0000/01/07/00/00;Recursos Ordinários (Livres);43000.00;43000.00;41954.36;1045.64
07;SECRETARIA MUNICIPAL DE ASSISTÊNCIA SOCIAL;001;DEPARTAMENTO DA AÇÃO SOCIAL;08.244.0008.2032;Manutenção da Secretaria Municipal de Assistência Social;3.3.90.14.00.00;DIÁRIAS - CIVIL;01330;E;00000;0000/01/07/00/00;Recursos Ordinários (Livres);15000.00;15000.00;2655.00;12345.00
07;SECRETARIA MUNICIPAL DE ASSISTÊNCIA SOCIAL;001;DEPARTAMENTO DA AÇÃO SOCIAL;08.244.0008.2032;Manutenção da Secretaria Municipal de Assistência Social;3.3.90.14.00.00;DIÁRIAS - CIVIL;01333;E;01009;1007/03/99/01/03;Icentivo de Garantia de Direitos a Pessoa Idosa - Centro de Convivência;0.00;0.00;0.00;0.00
07;SECRETARIA MUNICIPAL DE ASSISTÊNCIA SOCIAL;001;DEPARTAMENTO DA AÇÃO SOCIAL;08.244.0008.2032;Manutenção da Secretaria Municipal de Assistência Social;3.3.90.14.00.00;DIÁRIAS - CIVIL;01333;EA;01009;1007/03/99/01/03;Icentivo de Garantia de Direitos a Pessoa Idosa - Centro de Convivência;0.00;1000.00;590.00;410.00
07;SECRETARIA MUNICIPAL DE ASSISTÊNCIA SOCIAL;001;DEPARTAMENTO DA AÇÃO SOCIAL;08.244.0008.2032;Manutenção da Secretaria Municipal de Assistência Social;3.3.90.14.00.00;DIÁRIAS - CIVIL;01332;E;01201;1007/03/99/01/03;SEC. DA MULHER, IGUALDADE RACIAL, PESSOA IDOSA-2024;0.00;0.00;0.00;0.00
07;SECRETARIA MUNICIPAL DE ASSISTÊNCIA SOCIAL;001;DEPARTAMENTO DA AÇÃO SOCIAL;08.244.0008.2032;Manutenção da Secretaria Municipal de Assistência Social;3.3.90.14.00.00;DIÁRIAS - CIVIL;01332;EA;01201;1007/03/99/01/03;SEC. DA MULHER, IGUALDADE RACIAL, PESSOA IDOSA-2024;0.00;1500.00;1475.00;25.00
07;SECRETARIA MUNICIPAL DE ASSISTÊNCIA SOCIAL;001;DEPARTAMENTO DA AÇÃO SOCIAL;08.244.0008.2032;Manutenção da Secretaria Municipal de Assistência Social;3.3.90.30.00.00;MATERIAL DE CONSUMO;01340;E;00000;0000/01/07/00/00;Recursos Ordinários (Livres);25000.00;25000.00;22821.02;2178.98
07;SECRETARIA MUNICIPAL DE ASSISTÊNCIA SOCIAL;001;DEPARTAMENTO DA AÇÃO SOCIAL;08.244.0008.2032;Manutenção da Secretaria Municipal de Assistência Social;3.3.90.30.00.00;MATERIAL DE CONSUMO;01354;E;00510;0510/01/07/00/00;Taxas - Exercício Poder de Polícia;0.00;1600.00;1409.15;190.85
07;SECRETARIA MUNICIPAL DE ASSISTÊNCIA SOCIAL;001;DEPARTAMENTO DA AÇÃO SOCIAL;08.244.0008.2032;Manutenção da Secretaria Municipal de Assistência Social;3.3.90.30.00.00;MATERIAL DE CONSUMO;01357;E;00511;0511/01/07/00/00;Taxas - Prestação de Serviços;0.00;257.01;257.01;0.00
07;SECRETARIA MUNICIPAL DE ASSISTÊNCIA SOCIAL;001;DEPARTAMENTO DA AÇÃO SOCIAL;08.244.0008.2032;Manutenção da Secretaria Municipal de Assistência Social;3.3.90.30.00.00;MATERIAL DE CONSUMO;01350;E;00936;0936/09/06/06/08;Componente para Qualificação da Gestão - SUAS;25000.00;25000.00;0.00;25000.00
07;SECRETARIA MUNICIPAL DE ASSISTÊNCIA SOCIAL;001;DEPARTAMENTO DA AÇÃO SOCIAL;08.244.0008.2032;Manutenção da Secretaria Municipal de Assistência Social;3.3.90.30.00.00;MATERIAL DE CONSUMO;01351;E;01100;1007/03/99/01/03;Secretaria da Mulher, Igualdade Racial e Pessoa Idosa;0.00;38.41;38.41;0.00
07;SECRETARIA MUNICIPAL DE ASSISTÊNCIA SOCIAL;001;DEPARTAMENTO DA AÇÃO SOCIAL;08.244.0008.2032;Manutenção da Secretaria Municipal de Assistência Social;3.3.90.30.00.00;MATERIAL DE CONSUMO;01351;EA;01100;1007/03/99/01/03;Secretaria da Mulher, Igualdade Racial e Pessoa Idosa;0.00;2609.55;2609.55;0.00
07;SECRETARIA MUNICIPAL DE ASSISTÊNCIA SOCIAL;001;DEPARTAMENTO DA AÇÃO SOCIAL;08.244.0008.2032;Manutenção da Secretaria Municipal de Assistência Social;3.3.90.30.00.00;MATERIAL DE CONSUMO;01352;E;01201;1007/03/99/01/03;SEC. DA MULHER, IGUALDADE RACIAL, PESSOA IDOSA-2024;0.00;0.00;0.00;0.00
07;SECRETARIA MUNICIPAL DE ASSISTÊNCIA SOCIAL;001;DEPARTAMENTO DA AÇÃO SOCIAL;08.244.0008.2032;Manutenção da Secretaria Municipal de Assistência Social;3.3.90.30.00.00;MATERIAL DE CONSUMO;01352;EA;01201;1007/03/99/01/03;SEC. DA MULHER, IGUALDADE RACIAL, PESSOA IDOSA-2024;0.00;8353.18;8352.04;1.14
07;SECRETARIA MUNICIPAL DE ASSISTÊNCIA SOCIAL;001;DEPARTAMENTO DA AÇÃO SOCIAL;08.244.0008.2032;Manutenção da Secretaria Municipal de Assistência Social;3.3.90.30.00.00;MATERIAL DE CONSUMO;01355;E;01946;1007/03/99/01/03;PISO ÚNICO DE ASSISTÊNCIA SOCIAL ESTADUAL;0.00;49774.77;49250.00;524.77
07;SECRETARIA MUNICIPAL DE ASSISTÊNCIA SOCIAL;001;DEPARTAMENTO DA AÇÃO SOCIAL;08.244.0008.2032;Manutenção da Secretaria Municipal de Assistência Social;3.3.90.30.00.00;MATERIAL DE CONSUMO;01353;E;01976;1011/09/04/05/18;CEDCA-PR - DELIBERAÇÃO 013/2025 INCENTIVO GARANTIA DIREITOS CRIANCAS E ADOLESCEN;0.00;0.00;0.00;0.00
07;SECRETARIA MUNICIPAL DE ASSISTÊNCIA SOCIAL;001;DEPARTAMENTO DA AÇÃO SOCIAL;08.244.0008.2032;Manutenção da Secretaria Municipal de Assistência Social;3.3.90.30.00.00;MATERIAL DE CONSUMO;01353;EA;01976;1011/09/04/05/18;CEDCA-PR - DELIBERAÇÃO 013/2025 INCENTIVO GARANTIA DIREITOS CRIANCAS E ADOLESCEN;0.00;9000.00;8999.00;1.00
07;SECRETARIA MUNICIPAL DE ASSISTÊNCIA SOCIAL;001;DEPARTAMENTO DA AÇÃO SOCIAL;08.244.0008.2032;Manutenção da Secretaria Municipal de Assistência Social;3.3.90.30.00.00;MATERIAL DE CONSUMO;01356;E;11045;1045/01/07/00/00;Outros Recursos não Vinculados;0.00;1500.00;1292.60;207.40
07;SECRETARIA MUNICIPAL DE ASSISTÊNCIA SOCIAL;001;DEPARTAMENTO DA AÇÃO SOCIAL;08.244.0008.2032;Manutenção da Secretaria Municipal de Assistência Social;3.3.90.36.00.00;OUTROS SERVIÇOS DE TERCEIROS - PESSOA FÍSICA;01360;E;00000;0000/01/07/00/00;Recursos Ordinários (Livres);2000.00;3335.18;3220.14;115.04
07;SECRETARIA MUNICIPAL DE ASSISTÊNCIA SOCIAL;001;DEPARTAMENTO DA AÇÃO SOCIAL;08.244.0008.2032;Manutenção da Secretaria Municipal de Assistência Social;3.3.90.36.00.00;OUTROS SERVIÇOS DE TERCEIROS - PESSOA FÍSICA;01360;EA;00000;0000/01/07/00/00;Recursos Ordinários (Livres);0.00;1256.64;1256.64;0.00
07;SECRETARIA MUNICIPAL DE ASSISTÊNCIA SOCIAL;001;DEPARTAMENTO DA AÇÃO SOCIAL;08.244.0008.2032;Manutenção da Secretaria Municipal de Assistência Social;3.3.90.39.00.00;OUTROS SERVIÇOS DE TERCEIROS - PESSOA JURÍDICA;01370;E;00000;0000/01/07/00/00;Recursos Ordinários (Livres);25000.00;48000.00;45781.53;2218.47
07;SECRETARIA MUNICIPAL DE ASSISTÊNCIA SOCIAL;001;DEPARTAMENTO DA AÇÃO SOCIAL;08.244.0008.2032;Manutenção da Secretaria Municipal de Assistência Social;3.3.90.39.00.00;OUTROS SERVIÇOS DE TERCEIROS - PESSOA JURÍDICA;01380;E;00936;0936/09/06/06/08;Componente para Qualificação da Gestão - SUAS;25000.00;25000.00;0.00;25000.00
07;SECRETARIA MUNICIPAL DE ASSISTÊNCIA SOCIAL;001;DEPARTAMENTO DA AÇÃO SOCIAL;08.244.0008.2032;Manutenção da Secretaria Municipal de Assistência Social;3.3.90.39.00.00;OUTROS SERVIÇOS DE TERCEIROS - PESSOA JURÍDICA;01381;E;01201;1007/03/99/01/03;SEC. DA MULHER, IGUALDADE RACIAL, PESSOA IDOSA-2024;0.00;0.00;0.00;0.00
07;SECRETARIA MUNICIPAL DE ASSISTÊNCIA SOCIAL;001;DEPARTAMENTO DA AÇÃO SOCIAL;08.244.0008.2032;Manutenção da Secretaria Municipal de Assistência Social;3.3.90.39.00.00;OUTROS SERVIÇOS DE TERCEIROS - PESSOA JURÍDICA;01381;EA;01201;1007/03/99/01/03;SEC. DA MULHER, IGUALDADE RACIAL, PESSOA IDOSA-2024;0.00;15000.00;1423.00;13577.00
07;SECRETARIA MUNICIPAL DE ASSISTÊNCIA SOCIAL;001;DEPARTAMENTO DA AÇÃO SOCIAL;08.244.0008.2032;Manutenção da Secretaria Municipal de Assistência Social;3.3.90.39.00.00;OUTROS SERVIÇOS DE TERCEIROS - PESSOA JURÍDICA;01382;E;02940;0940/09/06/06/25;Bloco de Financiamento da Gestão do Programa Bolsa família e Cadastro Único - P;0.00;0.00;0.00;0.00
07;SECRETARIA MUNICIPAL DE ASSISTÊNCIA SOCIAL;001;DEPARTAMENTO DA AÇÃO SOCIAL;08.244.0008.2032;Manutenção da Secretaria Municipal de Assistência Social;3.3.90.39.00.00;OUTROS SERVIÇOS DE TERCEIROS - PESSOA JURÍDICA;01382;EA;02940;0940/09/06/06/25;Bloco de Financiamento da Gestão do Programa Bolsa família e Cadastro Único - P;0.00;4000.00;1772.00;2228.00
07;SECRETARIA MUNICIPAL DE ASSISTÊNCIA SOCIAL;001;DEPARTAMENTO DA AÇÃO SOCIAL;08.244.0008.2032;Manutenção da Secretaria Municipal de Assistência Social;4.4.90.52.00.00;EQUIPAMENTOS E MATERIAL PERMANENTE;01390;E;00000;0000/01/07/00/00;Recursos Ordinários (Livres);10000.00;10000.00;0.00;10000.00
07;SECRETARIA MUNICIPAL DE ASSISTÊNCIA SOCIAL;001;DEPARTAMENTO DA AÇÃO SOCIAL;08.244.0008.2032;Manutenção da Secretaria Municipal de Assistência Social;4.4.90.52.00.00;EQUIPAMENTOS E MATERIAL PERMANENTE;01391;E;00774;1006/03/99/01/02;SIGTV ESTRUTURAÇAO INVESTIMENTO - APAE;0.00;0.00;0.00;0.00
07;SECRETARIA MUNICIPAL DE ASSISTÊNCIA SOCIAL;001;DEPARTAMENTO DA AÇÃO SOCIAL;08.244.0008.2032;Manutenção da Secretaria Municipal de Assistência Social;4.4.90.52.00.00;EQUIPAMENTOS E MATERIAL PERMANENTE;01391;EA;00774;1006/03/99/01/02;SIGTV ESTRUTURAÇAO INVESTIMENTO - APAE;0.00;5200.00;0.00;5200.00
07;SECRETARIA MUNICIPAL DE ASSISTÊNCIA SOCIAL;001;DEPARTAMENTO DA AÇÃO SOCIAL;08.244.0008.2032;Manutenção da Secretaria Municipal de Assistência Social;4.4.90.52.00.00;EQUIPAMENTOS E MATERIAL PERMANENTE;01392;E;01103;1016/12/99/00/00;E.I.I.Transf. com finalidade definida - Luiz Canziani- Veículo para Assistência;0.00;0.00;0.00;0.00
07;SECRETARIA MUNICIPAL DE ASSISTÊNCIA SOCIAL;001;DEPARTAMENTO DA AÇÃO SOCIAL;08.244.0008.2032;Manutenção da Secretaria Municipal de Assistência Social;4.4.90.52.00.00;EQUIPAMENTOS E MATERIAL PERMANENTE;01392;EA;01103;1016/12/99/00/00;E.I.I.Transf. com finalidade definida - Luiz Canziani- Veículo para Assistência;0.00;413190.00;413190.00;0.00
07;SECRETARIA MUNICIPAL DE ASSISTÊNCIA SOCIAL;001;DEPARTAMENTO DA AÇÃO SOCIAL;08.244.0008.2032;Manutenção da Secretaria Municipal de Assistência Social;4.4.90.52.00.00;EQUIPAMENTOS E MATERIAL PERMANENTE;01393;E;01106;1018/12/99/00/00;Emenda Individual 202618670005- Luiz Carlso Hauly- Custeio;0.00;0.00;0.00;0.00
07;SECRETARIA MUNICIPAL DE ASSISTÊNCIA SOCIAL;001;DEPARTAMENTO DA AÇÃO SOCIAL;08.244.0008.2032;Manutenção da Secretaria Municipal de Assistência Social;4.4.90.52.00.00;EQUIPAMENTOS E MATERIAL PERMANENTE;01394;E;01107;1018/12/99/00/00;Emenda Individual 202630410001- Aliel Machado - Investimento GND4- FNAS;0.00;98390.00;98390.00;0.00
07;SECRETARIA MUNICIPAL DE ASSISTÊNCIA SOCIAL;001;DEPARTAMENTO DA AÇÃO SOCIAL;08.244.0008.2035;Manutenção da Cozinha Popular Comunitária;3.3.90.30.00.00;MATERIAL DE CONSUMO;01400;E;00000;0000/01/07/00/00;Recursos Ordinários (Livres);56000.00;49000.00;0.00;49000.00
07;SECRETARIA MUNICIPAL DE ASSISTÊNCIA SOCIAL;001;DEPARTAMENTO DA AÇÃO SOCIAL;08.244.0008.2035;Manutenção da Cozinha Popular Comunitária;3.3.90.39.00.00;OUTROS SERVIÇOS DE TERCEIROS - PESSOA JURÍDICA;01410;E;00000;0000/01/07/00/00;Recursos Ordinários (Livres);2000.00;2000.00;0.00;2000.00
07;SECRETARIA MUNICIPAL DE ASSISTÊNCIA SOCIAL;001;DEPARTAMENTO DA AÇÃO SOCIAL;08.244.0008.2035;Manutenção da Cozinha Popular Comunitária;4.4.90.52.00.00;EQUIPAMENTOS E MATERIAL PERMANENTE;01420;E;00000;0000/01/07/00/00;Recursos Ordinários (Livres);2000.00;2000.00;0.00;2000.00
07;SECRETARIA MUNICIPAL DE ASSISTÊNCIA SOCIAL;001;DEPARTAMENTO DA AÇÃO SOCIAL;08.244.0010.1065;Reforma e Ampliação do Prédio do CREAS;4.4.90.51.00.00;OBRAS E INSTALAÇÕES;01430;E;00000;0000/01/07/00/00;Recursos Ordinários (Livres);200000.00;200000.00;0.00;200000.00
07;SECRETARIA MUNICIPAL DE ASSISTÊNCIA SOCIAL;001;DEPARTAMENTO DA AÇÃO SOCIAL;08.244.0010.1082;Construção da Casa da Mulher Paranaense;4.4.90.51.00.00;OBRAS E INSTALAÇÕES;01441;E;00000;0000/01/07/00/00;Recursos Ordinários (Livres);0.00;0.00;0.00;0.00
07;SECRETARIA MUNICIPAL DE ASSISTÊNCIA SOCIAL;001;DEPARTAMENTO DA AÇÃO SOCIAL;08.244.0010.1082;Construção da Casa da Mulher Paranaense;4.4.90.51.00.00;OBRAS E INSTALAÇÕES;01440;E;01980;1005/03/99/01/01;CONVÊNIO ESTADUAL - CONSTRUÇÃO DA CASA DA MULHER PARANAENSE;1900000.00;1900000.00;0.00;1900000.00
07;SECRETARIA MUNICIPAL DE ASSISTÊNCIA SOCIAL;002;FUNDO MUNIC.DIREITOS DA CRIANÇA E ADOLESCENTE;08.243.0008.1093;Convênio Estadual - Construção do Prédio do Conselho Tutelar;4.4.90.51.00.00;OBRAS E INSTALAÇÕES;01450;E;01991;1005/03/04/01/01;CONVÊNIO ESTADUAL - CONSTRUÇÃO DO PREDIO DO CONSLHO TUTELAR;400000.00;400000.00;0.00;400000.00
07;SECRETARIA MUNICIPAL DE ASSISTÊNCIA SOCIAL;002;FUNDO MUNIC.DIREITOS DA CRIANÇA E ADOLESCENTE;08.243.0008.2033;Manutenção das Atividades do Conselho Tutelar;3.1.90.11.00.00;VENCIMENTOS E VANTAGENS FIXAS - PESSOAL CIVIL;01460;E;00000;0000/01/07/00/00;Recursos Ordinários (Livres);287000.00;287000.00;166128.53;120871.47
07;SECRETARIA MUNICIPAL DE ASSISTÊNCIA SOCIAL;002;FUNDO MUNIC.DIREITOS DA CRIANÇA E ADOLESCENTE;08.243.0008.2033;Manutenção das Atividades do Conselho Tutelar;3.1.90.13.00.00;CONTRIBUIÇÕES PATRONAIS;01470;E;00000;0000/01/07/00/00;Recursos Ordinários (Livres);53000.00;53000.00;30789.89;22210.11
07;SECRETARIA MUNICIPAL DE ASSISTÊNCIA SOCIAL;002;FUNDO MUNIC.DIREITOS DA CRIANÇA E ADOLESCENTE;08.243.0008.2033;Manutenção das Atividades do Conselho Tutelar;3.3.90.14.00.00;DIÁRIAS - CIVIL;01480;E;00000;0000/01/07/00/00;Recursos Ordinários (Livres);3000.00;2500.00;0.00;2500.00
07;SECRETARIA MUNICIPAL DE ASSISTÊNCIA SOCIAL;002;FUNDO MUNIC.DIREITOS DA CRIANÇA E ADOLESCENTE;08.243.0008.2033;Manutenção das Atividades do Conselho Tutelar;3.3.90.30.00.00;MATERIAL DE CONSUMO;01490;E;00000;0000/01/07/00/00;Recursos Ordinários (Livres);5000.00;6051.73;6008.40;43.33
07;SECRETARIA MUNICIPAL DE ASSISTÊNCIA SOCIAL;002;FUNDO MUNIC.DIREITOS DA CRIANÇA E ADOLESCENTE;08.243.0008.2033;Manutenção das Atividades do Conselho Tutelar;3.3.90.30.00.00;MATERIAL DE CONSUMO;01492;E;00511;0511/01/07/00/00;Taxas - Prestação de Serviços;0.00;285.50;285.50;0.00
07;SECRETARIA MUNICIPAL DE ASSISTÊNCIA SOCIAL;002;FUNDO MUNIC.DIREITOS DA CRIANÇA E ADOLESCENTE;08.243.0008.2033;Manutenção das Atividades do Conselho Tutelar;3.3.90.30.00.00;MATERIAL DE CONSUMO;01491;E;11045;1045/01/07/00/00;Outros Recursos não Vinculados;0.00;200.00;186.50;13.50
07;SECRETARIA MUNICIPAL DE ASSISTÊNCIA SOCIAL;002;FUNDO MUNIC.DIREITOS DA CRIANÇA E ADOLESCENTE;08.243.0008.2033;Manutenção das Atividades do Conselho Tutelar;3.3.90.39.00.00;OUTROS SERVIÇOS DE TERCEIROS - PESSOA JURÍDICA;01500;E;00000;0000/01/07/00/00;Recursos Ordinários (Livres);3000.00;3000.00;886.00;2114.00
07;SECRETARIA MUNICIPAL DE ASSISTÊNCIA SOCIAL;002;FUNDO MUNIC.DIREITOS DA CRIANÇA E ADOLESCENTE;08.243.0008.2033;Manutenção das Atividades do Conselho Tutelar;3.3.90.39.00.00;OUTROS SERVIÇOS DE TERCEIROS - PESSOA JURÍDICA;15001;E;01976;1011/09/04/05/18;CEDCA-PR - DELIBERAÇÃO 013/2025 INCENTIVO GARANTIA DIREITOS CRIANCAS E ADOLESCEN;0.00;0.00;0.00;0.00
07;SECRETARIA MUNICIPAL DE ASSISTÊNCIA SOCIAL;002;FUNDO MUNIC.DIREITOS DA CRIANÇA E ADOLESCENTE;08.243.0008.2033;Manutenção das Atividades do Conselho Tutelar;3.3.90.39.00.00;OUTROS SERVIÇOS DE TERCEIROS - PESSOA JURÍDICA;15001;EA;01976;1011/09/04/05/18;CEDCA-PR - DELIBERAÇÃO 013/2025 INCENTIVO GARANTIA DIREITOS CRIANCAS E ADOLESCEN;0.00;1423.00;1423.00;0.00
07;SECRETARIA MUNICIPAL DE ASSISTÊNCIA SOCIAL;002;FUNDO MUNIC.DIREITOS DA CRIANÇA E ADOLESCENTE;08.243.0008.2033;Manutenção das Atividades do Conselho Tutelar;4.4.90.52.00.00;EQUIPAMENTOS E MATERIAL PERMANENTE;01510;E;00000;0000/01/07/00/00;Recursos Ordinários (Livres);2000.00;2000.00;0.00;2000.00
07;SECRETARIA MUNICIPAL DE ASSISTÊNCIA SOCIAL;002;FUNDO MUNIC.DIREITOS DA CRIANÇA E ADOLESCENTE;08.243.0008.2033;Manutenção das Atividades do Conselho Tutelar;4.4.90.52.00.00;EQUIPAMENTOS E MATERIAL PERMANENTE;01511;E;00511;0511/01/07/00/00;Taxas - Prestação de Serviços;0.00;21250.00;21250.00;0.00
07;SECRETARIA MUNICIPAL DE ASSISTÊNCIA SOCIAL;002;FUNDO MUNIC.DIREITOS DA CRIANÇA E ADOLESCENTE;08.243.0009.2036;Manutenção dos Programas de Atendimento à Criança e Adolescenes-PSB;3.3.90.30.00.00;MATERIAL DE CONSUMO;01520;E;00000;0000/01/07/00/00;Recursos Ordinários (Livres);5000.00;5000.00;0.00;5000.00
07;SECRETARIA MUNICIPAL DE ASSISTÊNCIA SOCIAL;002;FUNDO MUNIC.DIREITOS DA CRIANÇA E ADOLESCENTE;08.243.0009.2036;Manutenção dos Programas de Atendimento à Criança e Adolescenes-PSB;3.3.90.32.00.00;MATERIAL, BEM OU SERVIÇO PARA DISTRIBUIÇÃO GRATUITA;01530;E;00000;0000/01/07/00/00;Recursos Ordinários (Livres);5000.00;5000.00;0.00;5000.00
07;SECRETARIA MUNICIPAL DE ASSISTÊNCIA SOCIAL;002;FUNDO MUNIC.DIREITOS DA CRIANÇA E ADOLESCENTE;08.243.0009.2036;Manutenção dos Programas de Atendimento à Criança e Adolescenes-PSB;3.3.90.39.00.00;OUTROS SERVIÇOS DE TERCEIROS - PESSOA JURÍDICA;01540;E;00000;0000/01/07/00/00;Recursos Ordinários (Livres);5000.00;5000.00;0.00;5000.00
07;SECRETARIA MUNICIPAL DE ASSISTÊNCIA SOCIAL;002;FUNDO MUNIC.DIREITOS DA CRIANÇA E ADOLESCENTE;08.243.0010.2037;Manutenção dos Programas de Atendimento à Criança e Adolescenes-PSE;3.3.90.30.00.00;MATERIAL DE CONSUMO;01550;E;02939;0939/09/06/06/24;Bloco de Financiamento da Proteção Social Especial de Alta Complexidade - Porta;5000.00;0.00;0.00;0.00
07;SECRETARIA MUNICIPAL DE ASSISTÊNCIA SOCIAL;002;FUNDO MUNIC.DIREITOS DA CRIANÇA E ADOLESCENTE;08.243.0010.2037;Manutenção dos Programas de Atendimento à Criança e Adolescenes-PSE;3.3.90.32.00.00;MATERIAL, BEM OU SERVIÇO PARA DISTRIBUIÇÃO GRATUITA;01560;E;02939;0939/09/06/06/24;Bloco de Financiamento da Proteção Social Especial de Alta Complexidade - Porta;5000.00;0.00;0.00;0.00
07;SECRETARIA MUNICIPAL DE ASSISTÊNCIA SOCIAL;002;FUNDO MUNIC.DIREITOS DA CRIANÇA E ADOLESCENTE;08.243.0010.2037;Manutenção dos Programas de Atendimento à Criança e Adolescenes-PSE;3.3.90.39.00.00;OUTROS SERVIÇOS DE TERCEIROS - PESSOA JURÍDICA;01570;E;02939;0939/09/06/06/24;Bloco de Financiamento da Proteção Social Especial de Alta Complexidade - Porta;5000.00;0.00;0.00;0.00
07;SECRETARIA MUNICIPAL DE ASSISTÊNCIA SOCIAL;003;FUNDO MUNICIPAL DE ASSISTENCIA SOCIAL;08.241.0008.2042;Subvenção / Contribuição à Associação N. Senhora das Graças;3.3.50.41.00.00;CONTRIBUIÇÕES;01580;E;00000;0000/01/07/00/00;Recursos Ordinários (Livres);30000.00;30000.00;0.00;30000.00
07;SECRETARIA MUNICIPAL DE ASSISTÊNCIA SOCIAL;003;FUNDO MUNICIPAL DE ASSISTENCIA SOCIAL;08.241.0008.2042;Subvenção / Contribuição à Associação N. Senhora das Graças;3.3.50.43.00.00;SUBVENÇÕES SOCIAIS;01590;E;00000;0000/01/07/00/00;Recursos Ordinários (Livres);30000.00;60000.00;60000.00;0.00
07;SECRETARIA MUNICIPAL DE ASSISTÊNCIA SOCIAL;003;FUNDO MUNICIPAL DE ASSISTENCIA SOCIAL;08.241.0008.2042;Subvenção / Contribuição à Associação N. Senhora das Graças;3.3.50.43.00.00;SUBVENÇÕES SOCIAIS;01591;E;02939;0939/09/06/06/24;Bloco de Financiamento da Proteção Social Especial de Alta Complexidade - Porta;0.00;15000.00;14000.00;1000.00
07;SECRETARIA MUNICIPAL DE ASSISTÊNCIA SOCIAL;003;FUNDO MUNICIPAL DE ASSISTENCIA SOCIAL;08.241.0008.2042;Subvenção / Contribuição à Associação N. Senhora das Graças;3.3.50.43.00.00;SUBVENÇÕES SOCIAIS;01591;EA;02939;0939/09/06/06/24;Bloco de Financiamento da Proteção Social Especial de Alta Complexidade - Porta;0.00;10000.00;0.00;10000.00
07;SECRETARIA MUNICIPAL DE ASSISTÊNCIA SOCIAL;003;FUNDO MUNICIPAL DE ASSISTENCIA SOCIAL;08.241.0009.2038;Manutenção do Programa de Apoio à Pessoa Idosa;3.3.90.30.00.00;MATERIAL DE CONSUMO;01600;E;00000;0000/01/07/00/00;Recursos Ordinários (Livres);10000.00;10000.00;0.00;10000.00
07;SECRETARIA MUNICIPAL DE ASSISTÊNCIA SOCIAL;003;FUNDO MUNICIPAL DE ASSISTENCIA SOCIAL;08.241.0009.2038;Manutenção do Programa de Apoio à Pessoa Idosa;3.3.90.39.00.00;OUTROS SERVIÇOS DE TERCEIROS - PESSOA JURÍDICA;01610;E;00000;0000/01/07/00/00;Recursos Ordinários (Livres);10000.00;3000.00;2044.61;955.39
07;SECRETARIA MUNICIPAL DE ASSISTÊNCIA SOCIAL;003;FUNDO MUNICIPAL DE ASSISTENCIA SOCIAL;08.241.0009.2038;Manutenção do Programa de Apoio à Pessoa Idosa;3.3.90.39.00.00;OUTROS SERVIÇOS DE TERCEIROS - PESSOA JURÍDICA;01612;E;00002;0002/01/07/00/00;Desvinculação das Receitas dos Municípios - DRM;0.00;6500.00;6367.66;132.34
07;SECRETARIA MUNICIPAL DE ASSISTÊNCIA SOCIAL;003;FUNDO MUNICIPAL DE ASSISTENCIA SOCIAL;08.241.0009.2038;Manutenção do Programa de Apoio à Pessoa Idosa;3.3.90.39.00.00;OUTROS SERVIÇOS DE TERCEIROS - PESSOA JURÍDICA;01611;E;01009;1007/03/99/01/03;Icentivo de Garantia de Direitos a Pessoa Idosa - Centro de Convivência;0.00;0.00;0.00;0.00
07;SECRETARIA MUNICIPAL DE ASSISTÊNCIA SOCIAL;003;FUNDO MUNICIPAL DE ASSISTENCIA SOCIAL;08.241.0009.2038;Manutenção do Programa de Apoio à Pessoa Idosa;3.3.90.39.00.00;OUTROS SERVIÇOS DE TERCEIROS - PESSOA JURÍDICA;01611;EA;01009;1007/03/99/01/03;Icentivo de Garantia de Direitos a Pessoa Idosa - Centro de Convivência;0.00;7600.00;6222.68;1377.32
07;SECRETARIA MUNICIPAL DE ASSISTÊNCIA SOCIAL;003;FUNDO MUNICIPAL DE ASSISTENCIA SOCIAL;08.242.0008.2064;Subvenção / contribuição APAE;3.3.50.43.00.00;SUBVENÇÕES SOCIAIS;00002;E;01106;1018/12/99/00/00;Emenda Individual 202618670005- Luiz Carlso Hauly- Custeio;0.00;0.00;0.00;0.00
07;SECRETARIA MUNICIPAL DE ASSISTÊNCIA SOCIAL;003;FUNDO MUNICIPAL DE ASSISTENCIA SOCIAL;08.244.0008.2034;Manutenção dos Conselhos Municipais Vinculados à Assistência Social;3.3.90.30.00.00;MATERIAL DE CONSUMO;01620;E;00000;0000/01/07/00/00;Recursos Ordinários (Livres);5000.00;5000.00;0.00;5000.00
07;SECRETARIA MUNICIPAL DE ASSISTÊNCIA SOCIAL;003;FUNDO MUNICIPAL DE ASSISTENCIA SOCIAL;08.244.0009.2039;Manutenção das Atividades do CRAS - PSB;3.1.90.11.00.00;VENCIMENTOS E VANTAGENS FIXAS - PESSOAL CIVIL;01630;E;00000;0000/01/07/00/00;Recursos Ordinários (Livres);524000.00;494000.00;299986.79;194013.21
07;SECRETARIA MUNICIPAL DE ASSISTÊNCIA SOCIAL;003;FUNDO MUNICIPAL DE ASSISTENCIA SOCIAL;08.244.0009.2039;Manutenção das Atividades do CRAS - PSB;3.1.90.13.00.00;CONTRIBUIÇÕES PATRONAIS;01640;E;00000;0000/01/07/00/00;Recursos Ordinários (Livres);97000.00;97000.00;56196.45;40803.55
07;SECRETARIA MUNICIPAL DE ASSISTÊNCIA SOCIAL;003;FUNDO MUNICIPAL DE ASSISTENCIA SOCIAL;08.244.0009.2039;Manutenção das Atividades do CRAS - PSB;3.3.90.30.00.00;MATERIAL DE CONSUMO;01650;E;00000;0000/01/07/00/00;Recursos Ordinários (Livres);70000.00;70000.00;37892.37;32107.63
07;SECRETARIA MUNICIPAL DE ASSISTÊNCIA SOCIAL;003;FUNDO MUNICIPAL DE ASSISTENCIA SOCIAL;08.244.0009.2039;Manutenção das Atividades do CRAS - PSB;3.3.90.30.00.00;MATERIAL DE CONSUMO;01652;E;00940;0937/09/06/05/09;TRANSFERÊNCIA PROGRAMA FEAS - PPAS III - SEJUF;0.00;0.00;0.00;0.00
07;SECRETARIA MUNICIPAL DE ASSISTÊNCIA SOCIAL;003;FUNDO MUNICIPAL DE ASSISTENCIA SOCIAL;08.244.0009.2039;Manutenção das Atividades do CRAS - PSB;3.3.90.30.00.00;MATERIAL DE CONSUMO;01652;EA;00940;0937/09/06/05/09;TRANSFERÊNCIA PROGRAMA FEAS - PPAS III - SEJUF;0.00;4365.58;4330.00;35.58
07;SECRETARIA MUNICIPAL DE ASSISTÊNCIA SOCIAL;003;FUNDO MUNICIPAL DE ASSISTENCIA SOCIAL;08.244.0009.2039;Manutenção das Atividades do CRAS - PSB;3.3.90.30.00.00;MATERIAL DE CONSUMO;01651;E;02940;0940/09/06/06/25;Bloco de Financiamento da Gestão do Programa Bolsa família e Cadastro Único - P;0.00;17850.00;17844.84;5.16
07;SECRETARIA MUNICIPAL DE ASSISTÊNCIA SOCIAL;003;FUNDO MUNICIPAL DE ASSISTENCIA SOCIAL;08.244.0009.2039;Manutenção das Atividades do CRAS - PSB;3.3.90.30.00.00;MATERIAL DE CONSUMO;01651;EA;02940;0940/09/06/06/25;Bloco de Financiamento da Gestão do Programa Bolsa família e Cadastro Único - P;0.00;34000.00;15023.20;18976.80
07;SECRETARIA MUNICIPAL DE ASSISTÊNCIA SOCIAL;003;FUNDO MUNICIPAL DE ASSISTENCIA SOCIAL;08.244.0009.2039;Manutenção das Atividades do CRAS - PSB;3.3.90.30.00.00;MATERIAL DE CONSUMO;01653;E;19381;0938/09/06/05/23;PPAS I - 1ª EXPANSÃO - DELIBERAÇÃO 90/2013 CEAS;0.00;0.00;0.00;0.00
07;SECRETARIA MUNICIPAL DE ASSISTÊNCIA SOCIAL;003;FUNDO MUNICIPAL DE ASSISTENCIA SOCIAL;08.244.0009.2039;Manutenção das Atividades do CRAS - PSB;3.3.90.30.00.00;MATERIAL DE CONSUMO;01653;EA;19381;0938/09/06/05/23;PPAS I - 1ª EXPANSÃO - DELIBERAÇÃO 90/2013 CEAS;0.00;54.05;0.00;54.05
07;SECRETARIA MUNICIPAL DE ASSISTÊNCIA SOCIAL;003;FUNDO MUNICIPAL DE ASSISTENCIA SOCIAL;08.244.0009.2039;Manutenção das Atividades do CRAS - PSB;3.3.90.32.00.00;MATERIAL, BEM OU SERVIÇO PARA DISTRIBUIÇÃO GRATUITA;01660;E;00000;0000/01/07/00/00;Recursos Ordinários (Livres);10000.00;10000.00;0.00;10000.00
07;SECRETARIA MUNICIPAL DE ASSISTÊNCIA SOCIAL;003;FUNDO MUNICIPAL DE ASSISTENCIA SOCIAL;08.244.0009.2039;Manutenção das Atividades do CRAS - PSB;3.3.90.39.00.00;OUTROS SERVIÇOS DE TERCEIROS - PESSOA JURÍDICA;01670;E;00000;0000/01/07/00/00;Recursos Ordinários (Livres);15000.00;15000.00;11943.64;3056.36
07;SECRETARIA MUNICIPAL DE ASSISTÊNCIA SOCIAL;003;FUNDO MUNICIPAL DE ASSISTENCIA SOCIAL;08.244.0009.2039;Manutenção das Atividades do CRAS - PSB;3.3.90.39.00.00;OUTROS SERVIÇOS DE TERCEIROS - PESSOA JURÍDICA;01671;E;02940;0940/09/06/06/25;Bloco de Financiamento da Gestão do Programa Bolsa família e Cadastro Único - P;0.00;0.00;0.00;0.00
07;SECRETARIA MUNICIPAL DE ASSISTÊNCIA SOCIAL;003;FUNDO MUNICIPAL DE ASSISTENCIA SOCIAL;08.244.0009.2039;Manutenção das Atividades do CRAS - PSB;3.3.90.39.00.00;OUTROS SERVIÇOS DE TERCEIROS - PESSOA JURÍDICA;01671;EA;02940;0940/09/06/06/25;Bloco de Financiamento da Gestão do Programa Bolsa família e Cadastro Único - P;0.00;2000.00;1772.00;228.00
07;SECRETARIA MUNICIPAL DE ASSISTÊNCIA SOCIAL;003;FUNDO MUNICIPAL DE ASSISTENCIA SOCIAL;08.244.0009.2039;Manutenção das Atividades do CRAS - PSB;3.3.90.46.00.00;AUXÍLIO-ALIMENTAÇÃO;01680;E;00000;0000/01/07/00/00;Recursos Ordinários (Livres);4800.00;4800.00;0.00;4800.00
07;SECRETARIA MUNICIPAL DE ASSISTÊNCIA SOCIAL;003;FUNDO MUNICIPAL DE ASSISTENCIA SOCIAL;08.244.0009.2039;Manutenção das Atividades do CRAS - PSB;4.4.90.52.00.00;EQUIPAMENTOS E MATERIAL PERMANENTE;01690;E;00000;0000/01/07/00/00;Recursos Ordinários (Livres);5000.00;5000.00;0.00;5000.00
07;SECRETARIA MUNICIPAL DE ASSISTÊNCIA SOCIAL;003;FUNDO MUNICIPAL DE ASSISTENCIA SOCIAL;08.244.0009.2041;Manutenção do Cadastro Único e Programa Bolsa Família;3.3.90.30.00.00;MATERIAL DE CONSUMO;01700;E;02940;0940/09/06/06/25;Bloco de Financiamento da Gestão do Programa Bolsa família e Cadastro Único - P;19000.00;15150.00;1102.20;14047.80
07;SECRETARIA MUNICIPAL DE ASSISTÊNCIA SOCIAL;003;FUNDO MUNICIPAL DE ASSISTENCIA SOCIAL;08.244.0009.2041;Manutenção do Cadastro Único e Programa Bolsa Família;3.3.90.36.00.00;OUTROS SERVIÇOS DE TERCEIROS - PESSOA FÍSICA;01710;E;02940;0940/09/06/06/25;Bloco de Financiamento da Gestão do Programa Bolsa família e Cadastro Único - P;5000.00;5000.00;2945.25;2054.75
07;SECRETARIA MUNICIPAL DE ASSISTÊNCIA SOCIAL;003;FUNDO MUNICIPAL DE ASSISTENCIA SOCIAL;08.244.0009.2041;Manutenção do Cadastro Único e Programa Bolsa Família;3.3.90.39.00.00;OUTROS SERVIÇOS DE TERCEIROS - PESSOA JURÍDICA;01720;E;02940;0940/09/06/06/25;Bloco de Financiamento da Gestão do Programa Bolsa família e Cadastro Único - P;16000.00;2000.00;863.27;1136.73
07;SECRETARIA MUNICIPAL DE ASSISTÊNCIA SOCIAL;003;FUNDO MUNICIPAL DE ASSISTENCIA SOCIAL;08.244.0009.2041;Manutenção do Cadastro Único e Programa Bolsa Família;3.3.90.39.00.00;OUTROS SERVIÇOS DE TERCEIROS - PESSOA JURÍDICA;01720;EA;02940;0940/09/06/06/25;Bloco de Financiamento da Gestão do Programa Bolsa família e Cadastro Único - P;0.00;9100.00;8815.36;284.64
07;SECRETARIA MUNICIPAL DE ASSISTÊNCIA SOCIAL;003;FUNDO MUNICIPAL DE ASSISTENCIA SOCIAL;08.244.0009.2041;Manutenção do Cadastro Único e Programa Bolsa Família;4.4.90.52.00.00;EQUIPAMENTOS E MATERIAL PERMANENTE;01730;E;02940;0940/09/06/06/25;Bloco de Financiamento da Gestão do Programa Bolsa família e Cadastro Único - P;10000.00;10000.00;0.00;10000.00
07;SECRETARIA MUNICIPAL DE ASSISTÊNCIA SOCIAL;003;FUNDO MUNICIPAL DE ASSISTENCIA SOCIAL;08.244.0010.2040;Manutenção das Atividades do CREAS - PSE;3.1.90.11.00.00;VENCIMENTOS E VANTAGENS FIXAS - PESSOAL CIVIL;01740;E;00000;0000/01/07/00/00;Recursos Ordinários (Livres);135000.00;133300.00;90093.42;43206.58
07;SECRETARIA MUNICIPAL DE ASSISTÊNCIA SOCIAL;003;FUNDO MUNICIPAL DE ASSISTENCIA SOCIAL;08.244.0010.2040;Manutenção das Atividades do CREAS - PSE;3.1.90.11.00.00;VENCIMENTOS E VANTAGENS FIXAS - PESSOAL CIVIL;01750;E;00942;0937/09/06/05/09;TRANSFERENCIA FNAS PROGRAMA PAEFI - REGIONALIZADO;15000.00;15000.00;0.00;15000.00
07;SECRETARIA MUNICIPAL DE ASSISTÊNCIA SOCIAL;003;FUNDO MUNICIPAL DE ASSISTENCIA SOCIAL;08.244.0010.2040;Manutenção das Atividades do CREAS - PSE;3.1.90.13.00.00;CONTRIBUIÇÕES PATRONAIS;01760;E;00000;0000/01/07/00/00;Recursos Ordinários (Livres);25000.00;25000.00;15289.63;9710.37
07;SECRETARIA MUNICIPAL DE ASSISTÊNCIA SOCIAL;003;FUNDO MUNICIPAL DE ASSISTENCIA SOCIAL;08.244.0010.2040;Manutenção das Atividades do CREAS - PSE;3.1.90.13.00.00;CONTRIBUIÇÕES PATRONAIS;01770;E;00942;0937/09/06/05/09;TRANSFERENCIA FNAS PROGRAMA PAEFI - REGIONALIZADO;3000.00;3000.00;0.00;3000.00
07;SECRETARIA MUNICIPAL DE ASSISTÊNCIA SOCIAL;003;FUNDO MUNICIPAL DE ASSISTENCIA SOCIAL;08.244.0010.2040;Manutenção das Atividades do CREAS - PSE;3.3.90.30.00.00;MATERIAL DE CONSUMO;01780;E;00000;0000/01/07/00/00;Recursos Ordinários (Livres);40000.00;40000.00;926.67;39073.33
07;SECRETARIA MUNICIPAL DE ASSISTÊNCIA SOCIAL;003;FUNDO MUNICIPAL DE ASSISTENCIA SOCIAL;08.244.0010.2040;Manutenção das Atividades do CREAS - PSE;3.3.90.30.00.00;MATERIAL DE CONSUMO;01790;E;00942;0937/09/06/05/09;TRANSFERENCIA FNAS PROGRAMA PAEFI - REGIONALIZADO;5000.00;5000.00;0.00;5000.00
07;SECRETARIA MUNICIPAL DE ASSISTÊNCIA SOCIAL;003;FUNDO MUNICIPAL DE ASSISTENCIA SOCIAL;08.244.0010.2040;Manutenção das Atividades do CREAS - PSE;3.3.90.30.00.00;MATERIAL DE CONSUMO;01790;EA;00942;0937/09/06/05/09;TRANSFERENCIA FNAS PROGRAMA PAEFI - REGIONALIZADO;0.00;16000.00;15950.00;50.00
07;SECRETARIA MUNICIPAL DE ASSISTÊNCIA SOCIAL;003;FUNDO MUNICIPAL DE ASSISTENCIA SOCIAL;08.244.0010.2040;Manutenção das Atividades do CREAS - PSE;3.3.90.30.00.00;MATERIAL DE CONSUMO;01781;E;02940;0940/09/06/06/25;Bloco de Financiamento da Gestão do Programa Bolsa família e Cadastro Único - P;0.00;0.00;0.00;0.00
07;SECRETARIA MUNICIPAL DE ASSISTÊNCIA SOCIAL;003;FUNDO MUNICIPAL DE ASSISTENCIA SOCIAL;08.244.0010.2040;Manutenção das Atividades do CREAS - PSE;3.3.90.32.00.00;MATERIAL, BEM OU SERVIÇO PARA DISTRIBUIÇÃO GRATUITA;01800;E;00000;0000/01/07/00/00;Recursos Ordinários (Livres);10000.00;10000.00;0.00;10000.00
07;SECRETARIA MUNICIPAL DE ASSISTÊNCIA SOCIAL;003;FUNDO MUNICIPAL DE ASSISTENCIA SOCIAL;08.244.0010.2040;Manutenção das Atividades do CREAS - PSE;3.3.90.39.00.00;OUTROS SERVIÇOS DE TERCEIROS - PESSOA JURÍDICA;01810;E;00000;0000/01/07/00/00;Recursos Ordinários (Livres);20000.00;22312.48;16272.85;6039.63
07;SECRETARIA MUNICIPAL DE ASSISTÊNCIA SOCIAL;003;FUNDO MUNICIPAL DE ASSISTENCIA SOCIAL;08.244.0010.2040;Manutenção das Atividades do CREAS - PSE;3.3.90.39.00.00;OUTROS SERVIÇOS DE TERCEIROS - PESSOA JURÍDICA;01820;E;00942;0937/09/06/05/09;TRANSFERENCIA FNAS PROGRAMA PAEFI - REGIONALIZADO;20000.00;20000.00;7564.11;12435.89
07;SECRETARIA MUNICIPAL DE ASSISTÊNCIA SOCIAL;003;FUNDO MUNICIPAL DE ASSISTENCIA SOCIAL;08.244.0010.2040;Manutenção das Atividades do CREAS - PSE;3.3.90.46.00.00;AUXÍLIO-ALIMENTAÇÃO;01830;E;00000;0000/01/07/00/00;Recursos Ordinários (Livres);2400.00;2400.00;0.00;2400.00
07;SECRETARIA MUNICIPAL DE ASSISTÊNCIA SOCIAL;003;FUNDO MUNICIPAL DE ASSISTENCIA SOCIAL;08.244.0010.2040;Manutenção das Atividades do CREAS - PSE;4.4.90.52.00.00;EQUIPAMENTOS E MATERIAL PERMANENTE;01840;E;00942;0937/09/06/05/09;TRANSFERENCIA FNAS PROGRAMA PAEFI - REGIONALIZADO;7000.00;7000.00;5277.93;1722.07
07;SECRETARIA MUNICIPAL DE ASSISTÊNCIA SOCIAL;003;FUNDO MUNICIPAL DE ASSISTENCIA SOCIAL;08.244.0010.2040;Manutenção das Atividades do CREAS - PSE;4.4.90.52.00.00;EQUIPAMENTOS E MATERIAL PERMANENTE;01841;E;01973;1011/09/99/05/18;CEAS PR DELIBERAÇAO N°88/2024;0.00;644.90;0.00;644.90
07;SECRETARIA MUNICIPAL DE ASSISTÊNCIA SOCIAL;003;FUNDO MUNICIPAL DE ASSISTENCIA SOCIAL;08.244.0010.2040;Manutenção das Atividades do CREAS - PSE;4.4.90.52.00.00;EQUIPAMENTOS E MATERIAL PERMANENTE;01841;EA;01973;1011/09/99/05/18;CEAS PR DELIBERAÇAO N°88/2024;0.00;14736.03;14736.03;0.00
07;SECRETARIA MUNICIPAL DE ASSISTÊNCIA SOCIAL;003;FUNDO MUNICIPAL DE ASSISTENCIA SOCIAL;08.246.0007.2044;"Manutenção do Programa ""Mais Oportunidade de Trabalho com Dignidade"" - Açao Soci";3.3.90.48.00.00;OUTROS AUXÍLIOS FINANCEIROS A PESSOAS FÍSICAS;01850;E;00000;0000/01/07/00/00;Recursos Ordinários (Livres);50000.00;61700.00;61600.00;100.00
08;SECRETARIA DA EDUCAÇÃO;001;DEPARTAMENTO DE PLANEJAMENTO E ADMINISTRAÇÃO;12.122.0011.2045;Manutenção das Atividades da Secretaria de Municipal de Educação;3.1.90.11.00.00;VENCIMENTOS E VANTAGENS FIXAS - PESSOAL CIVIL;01860;E;00103;0103/01/01/00/00;5% sobre Transferências Constitucionais FUNDEB;345000.00;257065.31;219389.97;37675.34
08;SECRETARIA DA EDUCAÇÃO;001;DEPARTAMENTO DE PLANEJAMENTO E ADMINISTRAÇÃO;12.122.0011.2045;Manutenção das Atividades da Secretaria de Municipal de Educação;3.1.90.13.00.00;CONTRIBUIÇÕES PATRONAIS;01870;E;00103;0103/01/01/00/00;5% sobre Transferências Constitucionais FUNDEB;64000.00;64000.00;38733.58;25266.42
08;SECRETARIA DA EDUCAÇÃO;001;DEPARTAMENTO DE PLANEJAMENTO E ADMINISTRAÇÃO;12.122.0011.2045;Manutenção das Atividades da Secretaria de Municipal de Educação;3.3.90.14.00.00;DIÁRIAS - CIVIL;01881;E;00000;0000/01/07/00/00;Recursos Ordinários (Livres);0.00;5000.00;3265.00;1735.00
08;SECRETARIA DA EDUCAÇÃO;001;DEPARTAMENTO DE PLANEJAMENTO E ADMINISTRAÇÃO;12.122.0011.2045;Manutenção das Atividades da Secretaria de Municipal de Educação;3.3.90.14.00.00;DIÁRIAS - CIVIL;01880;E;00103;0103/01/01/00/00;5% sobre Transferências Constitucionais FUNDEB;30000.00;30000.00;4425.00;25575.00
08;SECRETARIA DA EDUCAÇÃO;001;DEPARTAMENTO DE PLANEJAMENTO E ADMINISTRAÇÃO;12.122.0011.2045;Manutenção das Atividades da Secretaria de Municipal de Educação;3.3.90.14.00.00;DIÁRIAS - CIVIL;01882;E;00104;0104/01/01/00/00;Demais Impostos Vinculados à Educação Básica;0.00;10000.00;2970.00;7030.00
08;SECRETARIA DA EDUCAÇÃO;001;DEPARTAMENTO DE PLANEJAMENTO E ADMINISTRAÇÃO;12.122.0011.2045;Manutenção das Atividades da Secretaria de Municipal de Educação;3.3.90.30.00.00;MATERIAL DE CONSUMO;01890;E;00103;0103/01/01/00/00;5% sobre Transferências Constitucionais FUNDEB;150000.00;108700.00;63592.68;45107.32
08;SECRETARIA DA EDUCAÇÃO;001;DEPARTAMENTO DE PLANEJAMENTO E ADMINISTRAÇÃO;12.122.0011.2045;Manutenção das Atividades da Secretaria de Municipal de Educação;3.3.90.30.00.00;MATERIAL DE CONSUMO;01891;E;00104;0104/01/01/00/00;Demais Impostos Vinculados à Educação Básica;0.00;41000.00;19362.20;21637.80
08;SECRETARIA DA EDUCAÇÃO;001;DEPARTAMENTO DE PLANEJAMENTO E ADMINISTRAÇÃO;12.122.0011.2045;Manutenção das Atividades da Secretaria de Municipal de Educação;3.3.90.30.00.00;MATERIAL DE CONSUMO;01892;E;00896;1006/03/99/01/02;REPASSE MEC - APOIO A CRECHES - BRC;0.00;0.00;0.00;0.00
08;SECRETARIA DA EDUCAÇÃO;001;DEPARTAMENTO DE PLANEJAMENTO E ADMINISTRAÇÃO;12.122.0011.2045;Manutenção das Atividades da Secretaria de Municipal de Educação;3.3.90.30.00.00;MATERIAL DE CONSUMO;01892;EA;00896;1006/03/99/01/02;REPASSE MEC - APOIO A CRECHES - BRC;0.00;8884.87;8406.91;477.96
08;SECRETARIA DA EDUCAÇÃO;001;DEPARTAMENTO DE PLANEJAMENTO E ADMINISTRAÇÃO;12.122.0011.2045;Manutenção das Atividades da Secretaria de Municipal de Educação;3.3.90.30.00.00;MATERIAL DE CONSUMO;01894;E;01039;1039/02/01/00/00;Transferências do FUNDEB - Complementação da União - VAAT, máximo de 30% estabel;0.00;4600.00;2992.39;1607.61
08;SECRETARIA DA EDUCAÇÃO;001;DEPARTAMENTO DE PLANEJAMENTO E ADMINISTRAÇÃO;12.122.0011.2045;Manutenção das Atividades da Secretaria de Municipal de Educação;3.3.90.30.00.00;MATERIAL DE CONSUMO;01893;E;01040;1040/02/01/00/00;Transferências do FUNDEB - Complementação da União - VAAR;0.00;0.00;0.00;0.00
08;SECRETARIA DA EDUCAÇÃO;001;DEPARTAMENTO DE PLANEJAMENTO E ADMINISTRAÇÃO;12.122.0011.2045;Manutenção das Atividades da Secretaria de Municipal de Educação;3.3.90.30.00.00;MATERIAL DE CONSUMO;01893;EA;01040;1040/02/01/00/00;Transferências do FUNDEB - Complementação da União - VAAR;0.00;2583.00;314.50;2268.50
08;SECRETARIA DA EDUCAÇÃO;001;DEPARTAMENTO DE PLANEJAMENTO E ADMINISTRAÇÃO;12.122.0011.2045;Manutenção das Atividades da Secretaria de Municipal de Educação;3.3.90.39.00.00;OUTROS SERVIÇOS DE TERCEIROS - PESSOA JURÍDICA;01900;E;00103;0103/01/01/00/00;5% sobre Transferências Constitucionais FUNDEB;120000.00;193000.00;192741.76;258.24
08;SECRETARIA DA EDUCAÇÃO;001;DEPARTAMENTO DE PLANEJAMENTO E ADMINISTRAÇÃO;12.122.0011.2045;Manutenção das Atividades da Secretaria de Municipal de Educação;3.3.90.39.00.00;OUTROS SERVIÇOS DE TERCEIROS - PESSOA JURÍDICA;01901;E;00104;0104/01/01/00/00;Demais Impostos Vinculados à Educação Básica;0.00;216968.55;216737.40;231.15
08;SECRETARIA DA EDUCAÇÃO;001;DEPARTAMENTO DE PLANEJAMENTO E ADMINISTRAÇÃO;12.122.0011.2045;Manutenção das Atividades da Secretaria de Municipal de Educação;3.3.90.39.00.00;OUTROS SERVIÇOS DE TERCEIROS - PESSOA JURÍDICA;01902;E;00896;1006/03/99/01/02;REPASSE MEC - APOIO A CRECHES - BRC;0.00;0.00;0.00;0.00
08;SECRETARIA DA EDUCAÇÃO;001;DEPARTAMENTO DE PLANEJAMENTO E ADMINISTRAÇÃO;12.122.0011.2045;Manutenção das Atividades da Secretaria de Municipal de Educação;3.3.90.39.00.00;OUTROS SERVIÇOS DE TERCEIROS - PESSOA JURÍDICA;01902;EA;00896;1006/03/99/01/02;REPASSE MEC - APOIO A CRECHES - BRC;0.00;21000.00;0.00;21000.00
08;SECRETARIA DA EDUCAÇÃO;001;DEPARTAMENTO DE PLANEJAMENTO E ADMINISTRAÇÃO;12.122.0011.2045;Manutenção das Atividades da Secretaria de Municipal de Educação;3.3.90.46.00.00;AUXÍLIO-ALIMENTAÇÃO;01910;E;00000;0000/01/07/00/00;Recursos Ordinários (Livres);2400.00;2400.00;400.00;2000.00
08;SECRETARIA DA EDUCAÇÃO;001;DEPARTAMENTO DE PLANEJAMENTO E ADMINISTRAÇÃO;12.122.0011.2045;Manutenção das Atividades da Secretaria de Municipal de Educação;4.4.90.52.00.00;EQUIPAMENTOS E MATERIAL PERMANENTE;01920;E;00103;0103/01/01/00/00;5% sobre Transferências Constitucionais FUNDEB;10000.00;10000.00;0.00;10000.00
08;SECRETARIA DA EDUCAÇÃO;001;DEPARTAMENTO DE PLANEJAMENTO E ADMINISTRAÇÃO;12.306.0013.2046;Manutenção das Atividades da Cozinha Central - Alimentação Escolar;3.3.90.30.00.00;MATERIAL DE CONSUMO;01930;E;00000;0000/01/07/00/00;Recursos Ordinários (Livres);50000.00;43000.00;42860.27;139.73
08;SECRETARIA DA EDUCAÇÃO;001;DEPARTAMENTO DE PLANEJAMENTO E ADMINISTRAÇÃO;12.306.0013.2046;Manutenção das Atividades da Cozinha Central - Alimentação Escolar;3.3.90.30.00.00;MATERIAL DE CONSUMO;01931;E;00104;0104/01/01/00/00;Demais Impostos Vinculados à Educação Básica;0.00;25113.74;24769.14;344.60
08;SECRETARIA DA EDUCAÇÃO;001;DEPARTAMENTO DE PLANEJAMENTO E ADMINISTRAÇÃO;12.306.0013.2046;Manutenção das Atividades da Cozinha Central - Alimentação Escolar;3.3.90.30.00.00;MATERIAL DE CONSUMO;01940;E;00107;0107/99/01/00/00;Salário-Educação;250000.00;119888.50;119813.41;75.09
08;SECRETARIA DA EDUCAÇÃO;001;DEPARTAMENTO DE PLANEJAMENTO E ADMINISTRAÇÃO;12.306.0013.2046;Manutenção das Atividades da Cozinha Central - Alimentação Escolar;3.3.90.30.00.00;MATERIAL DE CONSUMO;01940;EA;00107;0107/99/01/00/00;Salário-Educação;0.00;72749.08;64425.22;8323.86
08;SECRETARIA DA EDUCAÇÃO;001;DEPARTAMENTO DE PLANEJAMENTO E ADMINISTRAÇÃO;12.306.0013.2046;Manutenção das Atividades da Cozinha Central - Alimentação Escolar;3.3.90.30.00.00;MATERIAL DE CONSUMO;01951;E;01040;1040/02/01/00/00;Transferências do FUNDEB - Complementação da União - VAAR;0.00;0.00;0.00;0.00
08;SECRETARIA DA EDUCAÇÃO;001;DEPARTAMENTO DE PLANEJAMENTO E ADMINISTRAÇÃO;12.306.0013.2046;Manutenção das Atividades da Cozinha Central - Alimentação Escolar;3.3.90.30.00.00;MATERIAL DE CONSUMO;01951;EA;01040;1040/02/01/00/00;Transferências do FUNDEB - Complementação da União - VAAR;0.00;600.00;568.38;31.62
08;SECRETARIA DA EDUCAÇÃO;001;DEPARTAMENTO DE PLANEJAMENTO E ADMINISTRAÇÃO;12.306.0013.2046;Manutenção das Atividades da Cozinha Central - Alimentação Escolar;3.3.90.30.00.00;MATERIAL DE CONSUMO;01950;E;01042;1042/09/01/06/00;Transferências de Recursos do FNDE referentes ao Programa Nacional de Alimentaçã;348000.00;348000.00;182916.78;165083.22
08;SECRETARIA DA EDUCAÇÃO;001;DEPARTAMENTO DE PLANEJAMENTO E ADMINISTRAÇÃO;12.306.0013.2046;Manutenção das Atividades da Cozinha Central - Alimentação Escolar;3.3.90.39.00.00;OUTROS SERVIÇOS DE TERCEIROS - PESSOA JURÍDICA;01960;E;00000;0000/01/07/00/00;Recursos Ordinários (Livres);20000.00;52000.00;50594.07;1405.93
08;SECRETARIA DA EDUCAÇÃO;001;DEPARTAMENTO DE PLANEJAMENTO E ADMINISTRAÇÃO;12.306.0013.2046;Manutenção das Atividades da Cozinha Central - Alimentação Escolar;4.4.90.52.00.00;EQUIPAMENTOS E MATERIAL PERMANENTE;01970;E;00000;0000/01/07/00/00;Recursos Ordinários (Livres);5000.00;5000.00;0.00;5000.00
08;SECRETARIA DA EDUCAÇÃO;001;DEPARTAMENTO DE PLANEJAMENTO E ADMINISTRAÇÃO;12.361.0003.2049;Amortização de Parcelamentos da Dívida Previdenciária - Educação;4.6.90.71.00.00;PRINCIPAL DA DÍVIDA CONTRATUAL RESGATADO;01980;E;00103;0103/01/01/00/00;5% sobre Transferências Constitucionais FUNDEB;400000.00;371555.60;0.00;371555.60
08;SECRETARIA DA EDUCAÇÃO;001;DEPARTAMENTO DE PLANEJAMENTO E ADMINISTRAÇÃO;12.361.0003.2049;Amortização de Parcelamentos da Dívida Previdenciária - Educação;4.6.90.71.00.00;PRINCIPAL DA DÍVIDA CONTRATUAL RESGATADO;01990;E;00104;0104/01/01/00/00;Demais Impostos Vinculados à Educação Básica;300000.00;300000.00;0.00;300000.00
08;SECRETARIA DA EDUCAÇÃO;001;DEPARTAMENTO DE PLANEJAMENTO E ADMINISTRAÇÃO;12.361.0007.2047;"Manutenção do Programa ""Mais Oportunidade de Trabalho com Dignidade"" - Educação";3.3.90.48.00.00;OUTROS AUXÍLIOS FINANCEIROS A PESSOAS FÍSICAS;02000;E;00103;0103/01/01/00/00;5% sobre Transferências Constitucionais FUNDEB;100000.00;100000.00;94920.00;5080.00
08;SECRETARIA DA EDUCAÇÃO;001;DEPARTAMENTO DE PLANEJAMENTO E ADMINISTRAÇÃO;12.361.0007.2047;"Manutenção do Programa ""Mais Oportunidade de Trabalho com Dignidade"" - Educação";3.3.90.48.00.00;OUTROS AUXÍLIOS FINANCEIROS A PESSOAS FÍSICAS;02010;E;00104;0104/01/01/00/00;Demais Impostos Vinculados à Educação Básica;100000.00;100000.00;52920.00;47080.00
08;SECRETARIA DA EDUCAÇÃO;001;DEPARTAMENTO DE PLANEJAMENTO E ADMINISTRAÇÃO;12.361.0013.2048;Manutenção do Transporte Escolar;3.1.90.11.00.00;VENCIMENTOS E VANTAGENS FIXAS - PESSOAL CIVIL;02020;E;00101;0101/02/01/00/00;Fundeb 70%;828000.00;828000.00;395144.92;432855.08
08;SECRETARIA DA EDUCAÇÃO;001;DEPARTAMENTO DE PLANEJAMENTO E ADMINISTRAÇÃO;12.361.0013.2048;Manutenção do Transporte Escolar;3.1.90.11.00.00;VENCIMENTOS E VANTAGENS FIXAS - PESSOAL CIVIL;02021;E;00104;0104/01/01/00/00;Demais Impostos Vinculados à Educação Básica;0.00;26000.00;25455.70;544.30
08;SECRETARIA DA EDUCAÇÃO;001;DEPARTAMENTO DE PLANEJAMENTO E ADMINISTRAÇÃO;12.361.0013.2048;Manutenção do Transporte Escolar;3.1.90.13.00.00;CONTRIBUIÇÕES PATRONAIS;02030;E;00101;0101/02/01/00/00;Fundeb 70%;154000.00;154000.00;74915.85;79084.15
08;SECRETARIA DA EDUCAÇÃO;001;DEPARTAMENTO DE PLANEJAMENTO E ADMINISTRAÇÃO;12.361.0013.2048;Manutenção do Transporte Escolar;3.3.90.30.00.00;MATERIAL DE CONSUMO;02071;E;00000;0000/01/07/00/00;Recursos Ordinários (Livres);0.00;4000.00;3098.52;901.48
08;SECRETARIA DA EDUCAÇÃO;001;DEPARTAMENTO DE PLANEJAMENTO E ADMINISTRAÇÃO;12.361.0013.2048;Manutenção do Transporte Escolar;3.3.90.30.00.00;MATERIAL DE CONSUMO;02040;E;00102;0102/02/01/00/00;Fundeb 30%;99885.50;94885.50;25808.72;69076.78
08;SECRETARIA DA EDUCAÇÃO;001;DEPARTAMENTO DE PLANEJAMENTO E ADMINISTRAÇÃO;12.361.0013.2048;Manutenção do Transporte Escolar;3.3.90.30.00.00;MATERIAL DE CONSUMO;02072;E;00104;0104/01/01/00/00;Demais Impostos Vinculados à Educação Básica;0.00;74500.00;72731.35;1768.65
08;SECRETARIA DA EDUCAÇÃO;001;DEPARTAMENTO DE PLANEJAMENTO E ADMINISTRAÇÃO;12.361.0013.2048;Manutenção do Transporte Escolar;3.3.90.30.00.00;MATERIAL DE CONSUMO;02050;E;00107;0107/99/01/00/00;Salário-Educação;20000.00;0.00;0.00;0.00
08;SECRETARIA DA EDUCAÇÃO;001;DEPARTAMENTO DE PLANEJAMENTO E ADMINISTRAÇÃO;12.361.0013.2048;Manutenção do Transporte Escolar;3.3.90.30.00.00;MATERIAL DE CONSUMO;02060;E;01013;1013/09/01/05/18;Programa Estadual de Transporte Escolar - PETE;250000.00;250000.00;165803.71;84196.29
08;SECRETARIA DA EDUCAÇÃO;001;DEPARTAMENTO DE PLANEJAMENTO E ADMINISTRAÇÃO;12.361.0013.2048;Manutenção do Transporte Escolar;3.3.90.30.00.00;MATERIAL DE CONSUMO;02074;E;01039;1039/02/01/00/00;Transferências do FUNDEB - Complementação da União - VAAT, máximo de 30% estabel;0.00;22000.00;21819.63;180.37
08;SECRETARIA DA EDUCAÇÃO;001;DEPARTAMENTO DE PLANEJAMENTO E ADMINISTRAÇÃO;12.361.0013.2048;Manutenção do Transporte Escolar;3.3.90.30.00.00;MATERIAL DE CONSUMO;02073;E;01040;1040/02/01/00/00;Transferências do FUNDEB - Complementação da União - VAAR;0.00;24850.60;24850.60;0.00
08;SECRETARIA DA EDUCAÇÃO;001;DEPARTAMENTO DE PLANEJAMENTO E ADMINISTRAÇÃO;12.361.0013.2048;Manutenção do Transporte Escolar;3.3.90.30.00.00;MATERIAL DE CONSUMO;02070;E;01043;1043/09/01/06/00;Transferências de Recursos do FNDE Referentes ao Programa Nacional de Apoio ao T;35500.00;35500.00;16701.00;18799.00
08;SECRETARIA DA EDUCAÇÃO;001;DEPARTAMENTO DE PLANEJAMENTO E ADMINISTRAÇÃO;12.361.0013.2048;Manutenção do Transporte Escolar;3.3.90.39.00.00;OUTROS SERVIÇOS DE TERCEIROS - PESSOA JURÍDICA;02080;E;00102;0102/02/01/00/00;Fundeb 30%;50000.00;33053.50;18199.91;14853.59
08;SECRETARIA DA EDUCAÇÃO;001;DEPARTAMENTO DE PLANEJAMENTO E ADMINISTRAÇÃO;12.361.0013.2048;Manutenção do Transporte Escolar;3.3.90.39.00.00;OUTROS SERVIÇOS DE TERCEIROS - PESSOA JURÍDICA;02090;E;00103;0103/01/01/00/00;5% sobre Transferências Constitucionais FUNDEB;18139.00;6448.69;5694.77;753.92
08;SECRETARIA DA EDUCAÇÃO;001;DEPARTAMENTO DE PLANEJAMENTO E ADMINISTRAÇÃO;12.361.0013.2048;Manutenção do Transporte Escolar;3.3.90.39.00.00;OUTROS SERVIÇOS DE TERCEIROS - PESSOA JURÍDICA;02111;E;00104;0104/01/01/00/00;Demais Impostos Vinculados à Educação Básica;0.00;51500.00;46773.92;4726.08
08;SECRETARIA DA EDUCAÇÃO;001;DEPARTAMENTO DE PLANEJAMENTO E ADMINISTRAÇÃO;12.361.0013.2048;Manutenção do Transporte Escolar;3.3.90.39.00.00;OUTROS SERVIÇOS DE TERCEIROS - PESSOA JURÍDICA;02100;E;01013;1013/09/01/05/18;Programa Estadual de Transporte Escolar - PETE;50000.00;50000.00;52.32;49947.68
08;SECRETARIA DA EDUCAÇÃO;001;DEPARTAMENTO DE PLANEJAMENTO E ADMINISTRAÇÃO;12.361.0013.2048;Manutenção do Transporte Escolar;3.3.90.39.00.00;OUTROS SERVIÇOS DE TERCEIROS - PESSOA JURÍDICA;02112;E;01040;1040/02/01/00/00;Transferências do FUNDEB - Complementação da União - VAAR;0.00;2477.46;2045.86;431.60
08;SECRETARIA DA EDUCAÇÃO;001;DEPARTAMENTO DE PLANEJAMENTO E ADMINISTRAÇÃO;12.361.0013.2048;Manutenção do Transporte Escolar;3.3.90.39.00.00;OUTROS SERVIÇOS DE TERCEIROS - PESSOA JURÍDICA;02110;E;01043;1043/09/01/06/00;Transferências de Recursos do FNDE Referentes ao Programa Nacional de Apoio ao T;5000.00;5000.00;0.00;5000.00
08;SECRETARIA DA EDUCAÇÃO;001;DEPARTAMENTO DE PLANEJAMENTO E ADMINISTRAÇÃO;12.361.0013.2048;Manutenção do Transporte Escolar;4.4.90.52.00.00;EQUIPAMENTOS E MATERIAL PERMANENTE;02120;E;00103;0103/01/01/00/00;5% sobre Transferências Constitucionais FUNDEB;10000.00;10000.00;0.00;10000.00
08;SECRETARIA DA EDUCAÇÃO;002;DEPARTAMENTO DE DESENVOLVIMENTO ESCOLAR;12.361.0011.1064;Construção da Escola São José - Conjunto Adalgiza Aparecida Bueno Felício;4.4.90.51.00.00;OBRAS E INSTALAÇÕES;02141;E;00102;0102/02/01/00/00;Fundeb 30%;0.00;43602.69;43602.69;0.00
08;SECRETARIA DA EDUCAÇÃO;002;DEPARTAMENTO DE DESENVOLVIMENTO ESCOLAR;12.361.0011.1064;Construção da Escola São José - Conjunto Adalgiza Aparecida Bueno Felício;4.4.90.51.00.00;OBRAS E INSTALAÇÕES;02130;E;00103;0103/01/01/00/00;5% sobre Transferências Constitucionais FUNDEB;100000.00;100000.00;0.00;100000.00
08;SECRETARIA DA EDUCAÇÃO;002;DEPARTAMENTO DE DESENVOLVIMENTO ESCOLAR;12.361.0011.1064;Construção da Escola São José - Conjunto Adalgiza Aparecida Bueno Felício;4.4.90.51.00.00;OBRAS E INSTALAÇÕES;02140;E;00148;1006/03/01/01/02;MEC/PAR - CONSTRUÇÃO DA ESCOLA SÃO JOSÉ;1000000.00;1000000.00;153830.31;846169.69
08;SECRETARIA DA EDUCAÇÃO;002;DEPARTAMENTO DE DESENVOLVIMENTO ESCOLAR;12.361.0011.1078;Construção de Quadra de Esportes na Escola da Vila Progresso;4.4.90.51.00.00;OBRAS E INSTALAÇÕES;02150;E;00103;0103/01/01/00/00;5% sobre Transferências Constitucionais FUNDEB;36700.00;36700.00;0.00;36700.00
08;SECRETARIA DA EDUCAÇÃO;002;DEPARTAMENTO DE DESENVOLVIMENTO ESCOLAR;12.361.0011.1078;Construção de Quadra de Esportes na Escola da Vila Progresso;4.4.90.51.00.00;OBRAS E INSTALAÇÕES;02160;E;00104;0104/01/01/00/00;Demais Impostos Vinculados à Educação Básica;220000.00;161000.00;0.00;161000.00
08;SECRETARIA DA EDUCAÇÃO;002;DEPARTAMENTO DE DESENVOLVIMENTO ESCOLAR;12.361.0011.2050;Manutenção das Atividades das Escolas do Ensino Fundamental;3.1.90.11.00.00;VENCIMENTOS E VANTAGENS FIXAS - PESSOAL CIVIL;02170;E;00101;0101/02/01/00/00;Fundeb 70%;5500000.00;5500000.00;2817127.91;2682872.09
08;SECRETARIA DA EDUCAÇÃO;002;DEPARTAMENTO DE DESENVOLVIMENTO ESCOLAR;12.361.0011.2050;Manutenção das Atividades das Escolas do Ensino Fundamental;3.1.90.11.00.00;VENCIMENTOS E VANTAGENS FIXAS - PESSOAL CIVIL;02171;E;00104;0104/01/01/00/00;Demais Impostos Vinculados à Educação Básica;0.00;191000.00;190916.57;83.43
08;SECRETARIA DA EDUCAÇÃO;002;DEPARTAMENTO DE DESENVOLVIMENTO ESCOLAR;12.361.0011.2050;Manutenção das Atividades das Escolas do Ensino Fundamental;3.1.90.11.00.00;VENCIMENTOS E VANTAGENS FIXAS - PESSOAL CIVIL;02180;E;01040;1040/02/01/00/00;Transferências do FUNDEB - Complementação da União - VAAR;250000.00;81968.49;0.00;81968.49
08;SECRETARIA DA EDUCAÇÃO;002;DEPARTAMENTO DE DESENVOLVIMENTO ESCOLAR;12.361.0011.2050;Manutenção das Atividades das Escolas do Ensino Fundamental;3.1.90.13.00.00;CONTRIBUIÇÕES PATRONAIS;02190;E;00101;0101/02/01/00/00;Fundeb 70%;1018000.00;1018000.00;528783.37;489216.63
08;SECRETARIA DA EDUCAÇÃO;002;DEPARTAMENTO DE DESENVOLVIMENTO ESCOLAR;12.361.0011.2050;Manutenção das Atividades das Escolas do Ensino Fundamental;3.1.90.13.00.00;CONTRIBUIÇÕES PATRONAIS;02200;E;01040;1040/02/01/00/00;Transferências do FUNDEB - Complementação da União - VAAR;65000.00;65000.00;0.00;65000.00
08;SECRETARIA DA EDUCAÇÃO;002;DEPARTAMENTO DE DESENVOLVIMENTO ESCOLAR;12.361.0011.2050;Manutenção das Atividades das Escolas do Ensino Fundamental;3.1.90.94.00.00;INDENIZAÇÕES E RESTITUIÇÕES TRABALHISTAS;02210;E;00101;0101/02/01/00/00;Fundeb 70%;83684.00;83684.00;0.00;83684.00
08;SECRETARIA DA EDUCAÇÃO;002;DEPARTAMENTO DE DESENVOLVIMENTO ESCOLAR;12.361.0011.2050;Manutenção das Atividades das Escolas do Ensino Fundamental;3.3.90.30.00.00;MATERIAL DE CONSUMO;02220;E;00102;0102/02/01/00/00;Fundeb 30%;200000.00;266000.00;264672.29;1327.71
08;SECRETARIA DA EDUCAÇÃO;002;DEPARTAMENTO DE DESENVOLVIMENTO ESCOLAR;12.361.0011.2050;Manutenção das Atividades das Escolas do Ensino Fundamental;3.3.90.30.00.00;MATERIAL DE CONSUMO;02230;E;00104;0104/01/01/00/00;Demais Impostos Vinculados à Educação Básica;200000.00;136000.00;51969.27;84030.73
08;SECRETARIA DA EDUCAÇÃO;002;DEPARTAMENTO DE DESENVOLVIMENTO ESCOLAR;12.361.0011.2050;Manutenção das Atividades das Escolas do Ensino Fundamental;3.3.90.30.00.00;MATERIAL DE CONSUMO;02240;E;00107;0107/99/01/00/00;Salário-Educação;100000.00;352611.50;352611.50;0.00
08;SECRETARIA DA EDUCAÇÃO;002;DEPARTAMENTO DE DESENVOLVIMENTO ESCOLAR;12.361.0011.2050;Manutenção das Atividades das Escolas do Ensino Fundamental;3.3.90.30.00.00;MATERIAL DE CONSUMO;02242;E;01038;1038/02/01/00/00;Transferências do FUNDEB - Complementação da União - VAAT, mínimo de 70% estabel;0.00;0.00;0.00;0.00
08;SECRETARIA DA EDUCAÇÃO;002;DEPARTAMENTO DE DESENVOLVIMENTO ESCOLAR;12.361.0011.2050;Manutenção das Atividades das Escolas do Ensino Fundamental;3.3.90.30.00.00;MATERIAL DE CONSUMO;02241;E;01039;1039/02/01/00/00;Transferências do FUNDEB - Complementação da União - VAAT, máximo de 30% estabel;0.00;0.00;0.00;0.00
08;SECRETARIA DA EDUCAÇÃO;002;DEPARTAMENTO DE DESENVOLVIMENTO ESCOLAR;12.361.0011.2050;Manutenção das Atividades das Escolas do Ensino Fundamental;3.3.90.30.00.00;MATERIAL DE CONSUMO;02243;E;01040;1040/02/01/00/00;Transferências do FUNDEB - Complementação da União - VAAR;0.00;78157.55;73786.23;4371.32
08;SECRETARIA DA EDUCAÇÃO;002;DEPARTAMENTO DE DESENVOLVIMENTO ESCOLAR;12.361.0011.2050;Manutenção das Atividades das Escolas do Ensino Fundamental;3.3.90.36.00.00;OUTROS SERVIÇOS DE TERCEIROS - PESSOA FÍSICA;02251;E;00103;0103/01/01/00/00;5% sobre Transferências Constitucionais FUNDEB;0.00;59013.17;58458.20;554.97
08;SECRETARIA DA EDUCAÇÃO;002;DEPARTAMENTO DE DESENVOLVIMENTO ESCOLAR;12.361.0011.2050;Manutenção das Atividades das Escolas do Ensino Fundamental;3.3.90.36.00.00;OUTROS SERVIÇOS DE TERCEIROS - PESSOA FÍSICA;02250;E;00104;0104/01/01/00/00;Demais Impostos Vinculados à Educação Básica;100000.00;95000.00;43843.65;51156.35
08;SECRETARIA DA EDUCAÇÃO;002;DEPARTAMENTO DE DESENVOLVIMENTO ESCOLAR;12.361.0011.2050;Manutenção das Atividades das Escolas do Ensino Fundamental;3.3.90.36.00.00;OUTROS SERVIÇOS DE TERCEIROS - PESSOA FÍSICA;02252;E;01080;1080/02/01/00/00;Transferências do FUNDEB - Complementação da União - ETI;0.00;14614.55;14614.55;0.00
08;SECRETARIA DA EDUCAÇÃO;002;DEPARTAMENTO DE DESENVOLVIMENTO ESCOLAR;12.361.0011.2050;Manutenção das Atividades das Escolas do Ensino Fundamental;3.3.90.39.00.00;OUTROS SERVIÇOS DE TERCEIROS - PESSOA JURÍDICA;02281;E;00000;0000/01/07/00/00;Recursos Ordinários (Livres);0.00;10000.00;7956.82;2043.18
08;SECRETARIA DA EDUCAÇÃO;002;DEPARTAMENTO DE DESENVOLVIMENTO ESCOLAR;12.361.0011.2050;Manutenção das Atividades das Escolas do Ensino Fundamental;3.3.90.39.00.00;OUTROS SERVIÇOS DE TERCEIROS - PESSOA JURÍDICA;02260;E;00103;0103/01/01/00/00;5% sobre Transferências Constitucionais FUNDEB;150000.00;150444.40;150444.40;0.00
08;SECRETARIA DA EDUCAÇÃO;002;DEPARTAMENTO DE DESENVOLVIMENTO ESCOLAR;12.361.0011.2050;Manutenção das Atividades das Escolas do Ensino Fundamental;3.3.90.39.00.00;OUTROS SERVIÇOS DE TERCEIROS - PESSOA JURÍDICA;02270;E;00104;0104/01/01/00/00;Demais Impostos Vinculados à Educação Básica;150000.00;67000.00;63903.80;3096.20
08;SECRETARIA DA EDUCAÇÃO;002;DEPARTAMENTO DE DESENVOLVIMENTO ESCOLAR;12.361.0011.2050;Manutenção das Atividades das Escolas do Ensino Fundamental;3.3.90.39.00.00;OUTROS SERVIÇOS DE TERCEIROS - PESSOA JURÍDICA;02280;E;00107;0107/99/01/00/00;Salário-Educação;109920.00;7420.00;0.00;7420.00
08;SECRETARIA DA EDUCAÇÃO;002;DEPARTAMENTO DE DESENVOLVIMENTO ESCOLAR;12.361.0011.2050;Manutenção das Atividades das Escolas do Ensino Fundamental;3.3.90.39.00.00;OUTROS SERVIÇOS DE TERCEIROS - PESSOA JURÍDICA;02282;E;01040;1040/02/01/00/00;Transferências do FUNDEB - Complementação da União - VAAR;0.00;1500.00;1040.51;459.49
08;SECRETARIA DA EDUCAÇÃO;002;DEPARTAMENTO DE DESENVOLVIMENTO ESCOLAR;12.361.0011.2050;Manutenção das Atividades das Escolas do Ensino Fundamental;3.3.90.46.00.00;AUXÍLIO-ALIMENTAÇÃO;02290;E;00000;0000/01/07/00/00;Recursos Ordinários (Livres);10000.00;4000.00;2500.00;1500.00
08;SECRETARIA DA EDUCAÇÃO;002;DEPARTAMENTO DE DESENVOLVIMENTO ESCOLAR;12.361.0011.2050;Manutenção das Atividades das Escolas do Ensino Fundamental;3.3.90.92.00.00;DESPESAS DE EXERCÍCIOS ANTERIORES;02300;E;00104;0104/01/01/00/00;Demais Impostos Vinculados à Educação Básica;50000.00;50000.00;1174.30;48825.70
08;SECRETARIA DA EDUCAÇÃO;002;DEPARTAMENTO DE DESENVOLVIMENTO ESCOLAR;12.361.0011.2050;Manutenção das Atividades das Escolas do Ensino Fundamental;4.4.90.52.00.00;EQUIPAMENTOS E MATERIAL PERMANENTE;02310;E;00103;0103/01/01/00/00;5% sobre Transferências Constitucionais FUNDEB;50000.00;50000.00;0.00;50000.00
08;SECRETARIA DA EDUCAÇÃO;002;DEPARTAMENTO DE DESENVOLVIMENTO ESCOLAR;12.361.0011.2050;Manutenção das Atividades das Escolas do Ensino Fundamental;4.4.90.52.00.00;EQUIPAMENTOS E MATERIAL PERMANENTE;02320;E;00107;0107/99/01/00/00;Salário-Educação;10000.00;10000.00;0.00;10000.00
08;SECRETARIA DA EDUCAÇÃO;002;DEPARTAMENTO DE DESENVOLVIMENTO ESCOLAR;12.365.0012.1092;Convênio Estadual - Construção de Unidade Escolar Infantil (Creche);4.4.90.51.00.00;OBRAS E INSTALAÇÕES;02330;E;01990;1005/03/01/01/01;CONVÊNIO ESTADUAL - CONSTRUÇÃO DE CRECHE;2000000.00;2000000.00;0.00;2000000.00
08;SECRETARIA DA EDUCAÇÃO;002;DEPARTAMENTO DE DESENVOLVIMENTO ESCOLAR;12.365.0012.2051;Manutenção das Atividades dos Centros Municipais de Educação Infantil - Creche;3.1.90.11.00.00;VENCIMENTOS E VANTAGENS FIXAS - PESSOAL CIVIL;02340;E;00101;0101/02/01/00/00;Fundeb 70%;980000.00;980000.00;739049.89;240950.11
08;SECRETARIA DA EDUCAÇÃO;002;DEPARTAMENTO DE DESENVOLVIMENTO ESCOLAR;12.365.0012.2051;Manutenção das Atividades dos Centros Municipais de Educação Infantil - Creche;3.1.90.11.00.00;VENCIMENTOS E VANTAGENS FIXAS - PESSOAL CIVIL;02341;E;00104;0104/01/01/00/00;Demais Impostos Vinculados à Educação Básica;0.00;68000.00;67784.85;215.15
08;SECRETARIA DA EDUCAÇÃO;002;DEPARTAMENTO DE DESENVOLVIMENTO ESCOLAR;12.365.0012.2051;Manutenção das Atividades dos Centros Municipais de Educação Infantil - Creche;3.1.90.11.00.00;VENCIMENTOS E VANTAGENS FIXAS - PESSOAL CIVIL;02350;E;01038;1038/02/01/00/00;Transferências do FUNDEB - Complementação da União - VAAT, mínimo de 70% estabel;225000.00;225000.00;0.00;225000.00
08;SECRETARIA DA EDUCAÇÃO;002;DEPARTAMENTO DE DESENVOLVIMENTO ESCOLAR;12.365.0012.2051;Manutenção das Atividades dos Centros Municipais de Educação Infantil - Creche;3.1.90.13.00.00;CONTRIBUIÇÕES PATRONAIS;02360;E;00101;0101/02/01/00/00;Fundeb 70%;182000.00;182000.00;138296.39;43703.61
08;SECRETARIA DA EDUCAÇÃO;002;DEPARTAMENTO DE DESENVOLVIMENTO ESCOLAR;12.365.0012.2051;Manutenção das Atividades dos Centros Municipais de Educação Infantil - Creche;3.1.90.13.00.00;CONTRIBUIÇÕES PATRONAIS;02370;E;01038;1038/02/01/00/00;Transferências do FUNDEB - Complementação da União - VAAT, mínimo de 70% estabel;50000.00;50000.00;0.00;50000.00
08;SECRETARIA DA EDUCAÇÃO;002;DEPARTAMENTO DE DESENVOLVIMENTO ESCOLAR;12.365.0012.2051;Manutenção das Atividades dos Centros Municipais de Educação Infantil - Creche;3.1.90.16.00.00;OUTRAS DESPESAS VARIÁVEIS - PESSOAL CIVIL;02380;E;00101;0101/02/01/00/00;Fundeb 70%;20000.00;20000.00;0.00;20000.00
08;SECRETARIA DA EDUCAÇÃO;002;DEPARTAMENTO DE DESENVOLVIMENTO ESCOLAR;12.365.0012.2051;Manutenção das Atividades dos Centros Municipais de Educação Infantil - Creche;3.1.90.94.00.00;INDENIZAÇÕES E RESTITUIÇÕES TRABALHISTAS;02390;E;00101;0101/02/01/00/00;Fundeb 70%;20000.00;20000.00;0.00;20000.00
08;SECRETARIA DA EDUCAÇÃO;002;DEPARTAMENTO DE DESENVOLVIMENTO ESCOLAR;12.365.0012.2051;Manutenção das Atividades dos Centros Municipais de Educação Infantil - Creche;3.3.50.43.00.00;SUBVENÇÕES SOCIAIS;02400;E;00102;0102/02/01/00/00;Fundeb 30%;670000.00;653000.00;652500.00;500.00
08;SECRETARIA DA EDUCAÇÃO;002;DEPARTAMENTO DE DESENVOLVIMENTO ESCOLAR;12.365.0012.2051;Manutenção das Atividades dos Centros Municipais de Educação Infantil - Creche;3.3.50.43.00.00;SUBVENÇÕES SOCIAIS;02410;E;00103;0103/01/01/00/00;5% sobre Transferências Constitucionais FUNDEB;295750.00;335750.00;335000.00;750.00
08;SECRETARIA DA EDUCAÇÃO;002;DEPARTAMENTO DE DESENVOLVIMENTO ESCOLAR;12.365.0012.2051;Manutenção das Atividades dos Centros Municipais de Educação Infantil - Creche;3.3.50.43.00.00;SUBVENÇÕES SOCIAIS;02420;E;00104;0104/01/01/00/00;Demais Impostos Vinculados à Educação Básica;604250.00;353250.00;352659.05;590.95
08;SECRETARIA DA EDUCAÇÃO;002;DEPARTAMENTO DE DESENVOLVIMENTO ESCOLAR;12.365.0012.2051;Manutenção das Atividades dos Centros Municipais de Educação Infantil - Creche;3.3.50.43.00.00;SUBVENÇÕES SOCIAIS;02430;E;01039;1039/02/01/00/00;Transferências do FUNDEB - Complementação da União - VAAT, máximo de 30% estabel;200000.00;151732.30;40000.00;111732.30
08;SECRETARIA DA EDUCAÇÃO;002;DEPARTAMENTO DE DESENVOLVIMENTO ESCOLAR;12.365.0012.2051;Manutenção das Atividades dos Centros Municipais de Educação Infantil - Creche;3.3.50.43.00.00;SUBVENÇÕES SOCIAIS;02431;E;01040;1040/02/01/00/00;Transferências do FUNDEB - Complementação da União - VAAR;0.00;76798.90;76798.90;0.00
08;SECRETARIA DA EDUCAÇÃO;002;DEPARTAMENTO DE DESENVOLVIMENTO ESCOLAR;12.365.0012.2051;Manutenção das Atividades dos Centros Municipais de Educação Infantil - Creche;3.3.50.92.00.00;DESPESAS DE EXERCÍCIOS ANTERIORES;02440;E;00104;0104/01/01/00/00;Demais Impostos Vinculados à Educação Básica;50000.00;50000.00;0.00;50000.00
08;SECRETARIA DA EDUCAÇÃO;002;DEPARTAMENTO DE DESENVOLVIMENTO ESCOLAR;12.365.0012.2051;Manutenção das Atividades dos Centros Municipais de Educação Infantil - Creche;3.3.90.30.00.00;MATERIAL DE CONSUMO;02450;E;00102;0102/02/01/00/00;Fundeb 30%;5000.00;10000.00;5958.65;4041.35
08;SECRETARIA DA EDUCAÇÃO;002;DEPARTAMENTO DE DESENVOLVIMENTO ESCOLAR;12.365.0012.2051;Manutenção das Atividades dos Centros Municipais de Educação Infantil - Creche;3.3.90.30.00.00;MATERIAL DE CONSUMO;02460;E;00103;0103/01/01/00/00;5% sobre Transferências Constitucionais FUNDEB;5000.00;5000.00;0.00;5000.00
08;SECRETARIA DA EDUCAÇÃO;002;DEPARTAMENTO DE DESENVOLVIMENTO ESCOLAR;12.365.0012.2051;Manutenção das Atividades dos Centros Municipais de Educação Infantil - Creche;3.3.90.30.00.00;MATERIAL DE CONSUMO;02470;E;00104;0104/01/01/00/00;Demais Impostos Vinculados à Educação Básica;5000.00;24000.00;24000.00;0.00
08;SECRETARIA DA EDUCAÇÃO;002;DEPARTAMENTO DE DESENVOLVIMENTO ESCOLAR;12.365.0012.2051;Manutenção das Atividades dos Centros Municipais de Educação Infantil - Creche;3.3.90.30.00.00;MATERIAL DE CONSUMO;02472;E;00896;1006/03/99/01/02;REPASSE MEC - APOIO A CRECHES - BRC;0.00;0.00;0.00;0.00
08;SECRETARIA DA EDUCAÇÃO;002;DEPARTAMENTO DE DESENVOLVIMENTO ESCOLAR;12.365.0012.2051;Manutenção das Atividades dos Centros Municipais de Educação Infantil - Creche;3.3.90.30.00.00;MATERIAL DE CONSUMO;02472;EA;00896;1006/03/99/01/02;REPASSE MEC - APOIO A CRECHES - BRC;0.00;35000.00;29343.91;5656.09
08;SECRETARIA DA EDUCAÇÃO;002;DEPARTAMENTO DE DESENVOLVIMENTO ESCOLAR;12.365.0012.2051;Manutenção das Atividades dos Centros Municipais de Educação Infantil - Creche;3.3.90.30.00.00;MATERIAL DE CONSUMO;02471;E;01039;1039/02/01/00/00;Transferências do FUNDEB - Complementação da União - VAAT, máximo de 30% estabel;0.00;26922.78;25377.41;1545.37
08;SECRETARIA DA EDUCAÇÃO;002;DEPARTAMENTO DE DESENVOLVIMENTO ESCOLAR;12.365.0012.2051;Manutenção das Atividades dos Centros Municipais de Educação Infantil - Creche;3.3.90.39.00.00;OUTROS SERVIÇOS DE TERCEIROS - PESSOA JURÍDICA;02480;E;00102;0102/02/01/00/00;Fundeb 30%;5000.00;5000.00;0.00;5000.00
08;SECRETARIA DA EDUCAÇÃO;002;DEPARTAMENTO DE DESENVOLVIMENTO ESCOLAR;12.365.0012.2051;Manutenção das Atividades dos Centros Municipais de Educação Infantil - Creche;3.3.90.39.00.00;OUTROS SERVIÇOS DE TERCEIROS - PESSOA JURÍDICA;02490;E;00103;0103/01/01/00/00;5% sobre Transferências Constitucionais FUNDEB;10000.00;10000.00;0.00;10000.00
08;SECRETARIA DA EDUCAÇÃO;002;DEPARTAMENTO DE DESENVOLVIMENTO ESCOLAR;12.365.0012.2051;Manutenção das Atividades dos Centros Municipais de Educação Infantil - Creche;3.3.90.39.00.00;OUTROS SERVIÇOS DE TERCEIROS - PESSOA JURÍDICA;02500;E;00104;0104/01/01/00/00;Demais Impostos Vinculados à Educação Básica;5000.00;5000.00;4665.18;334.82
08;SECRETARIA DA EDUCAÇÃO;002;DEPARTAMENTO DE DESENVOLVIMENTO ESCOLAR;12.365.0012.2051;Manutenção das Atividades dos Centros Municipais de Educação Infantil - Creche;3.3.90.39.00.00;OUTROS SERVIÇOS DE TERCEIROS - PESSOA JURÍDICA;02501;E;00896;1006/03/99/01/02;REPASSE MEC - APOIO A CRECHES - BRC;0.00;0.00;0.00;0.00
08;SECRETARIA DA EDUCAÇÃO;002;DEPARTAMENTO DE DESENVOLVIMENTO ESCOLAR;12.365.0012.2051;Manutenção das Atividades dos Centros Municipais de Educação Infantil - Creche;3.3.90.39.00.00;OUTROS SERVIÇOS DE TERCEIROS - PESSOA JURÍDICA;02501;EA;00896;1006/03/99/01/02;REPASSE MEC - APOIO A CRECHES - BRC;0.00;105530.16;103243.11;2287.05
08;SECRETARIA DA EDUCAÇÃO;002;DEPARTAMENTO DE DESENVOLVIMENTO ESCOLAR;12.365.0012.2051;Manutenção das Atividades dos Centros Municipais de Educação Infantil - Creche;3.3.90.46.00.00;AUXÍLIO-ALIMENTAÇÃO;02510;E;00000;0000/01/07/00/00;Recursos Ordinários (Livres);2500.00;2500.00;0.00;2500.00
08;SECRETARIA DA EDUCAÇÃO;002;DEPARTAMENTO DE DESENVOLVIMENTO ESCOLAR;12.365.0012.2051;Manutenção das Atividades dos Centros Municipais de Educação Infantil - Creche;4.4.90.52.00.00;EQUIPAMENTOS E MATERIAL PERMANENTE;02520;E;00102;0102/02/01/00/00;Fundeb 30%;5000.00;5000.00;0.00;5000.00
08;SECRETARIA DA EDUCAÇÃO;002;DEPARTAMENTO DE DESENVOLVIMENTO ESCOLAR;12.365.0012.2051;Manutenção das Atividades dos Centros Municipais de Educação Infantil - Creche;4.4.90.52.00.00;EQUIPAMENTOS E MATERIAL PERMANENTE;02530;E;00104;0104/01/01/00/00;Demais Impostos Vinculados à Educação Básica;5000.00;5000.00;0.00;5000.00
08;SECRETARIA DA EDUCAÇÃO;002;DEPARTAMENTO DE DESENVOLVIMENTO ESCOLAR;12.365.0012.2051;Manutenção das Atividades dos Centros Municipais de Educação Infantil - Creche;4.4.90.52.00.00;EQUIPAMENTOS E MATERIAL PERMANENTE;02540;E;01039;1039/02/01/00/00;Transferências do FUNDEB - Complementação da União - VAAT, máximo de 30% estabel;35500.00;35500.00;0.00;35500.00
08;SECRETARIA DA EDUCAÇÃO;002;DEPARTAMENTO DE DESENVOLVIMENTO ESCOLAR;12.365.0012.2052;Manutenção das Atividades dos Centros Municipais de Educação Infantil - Pré-Esco;3.1.90.11.00.00;VENCIMENTOS E VANTAGENS FIXAS - PESSOAL CIVIL;02550;E;00101;0101/02/01/00/00;Fundeb 70%;938000.00;938000.00;437645.88;500354.12
08;SECRETARIA DA EDUCAÇÃO;002;DEPARTAMENTO DE DESENVOLVIMENTO ESCOLAR;12.365.0012.2052;Manutenção das Atividades dos Centros Municipais de Educação Infantil - Pré-Esco;3.1.90.11.00.00;VENCIMENTOS E VANTAGENS FIXAS - PESSOAL CIVIL;02551;E;00104;0104/01/01/00/00;Demais Impostos Vinculados à Educação Básica;0.00;29000.00;28177.93;822.07
08;SECRETARIA DA EDUCAÇÃO;002;DEPARTAMENTO DE DESENVOLVIMENTO ESCOLAR;12.365.0012.2052;Manutenção das Atividades dos Centros Municipais de Educação Infantil - Pré-Esco;3.1.90.11.00.00;VENCIMENTOS E VANTAGENS FIXAS - PESSOAL CIVIL;02560;E;01038;1038/02/01/00/00;Transferências do FUNDEB - Complementação da União - VAAT, mínimo de 70% estabel;225000.00;225000.00;0.00;225000.00
08;SECRETARIA DA EDUCAÇÃO;002;DEPARTAMENTO DE DESENVOLVIMENTO ESCOLAR;12.365.0012.2052;Manutenção das Atividades dos Centros Municipais de Educação Infantil - Pré-Esco;3.1.90.13.00.00;CONTRIBUIÇÕES PATRONAIS;02570;E;00101;0101/02/01/00/00;Fundeb 70%;174000.00;174000.00;84152.38;89847.62
08;SECRETARIA DA EDUCAÇÃO;002;DEPARTAMENTO DE DESENVOLVIMENTO ESCOLAR;12.365.0012.2052;Manutenção das Atividades dos Centros Municipais de Educação Infantil - Pré-Esco;3.1.90.13.00.00;CONTRIBUIÇÕES PATRONAIS;02580;E;01038;1038/02/01/00/00;Transferências do FUNDEB - Complementação da União - VAAT, mínimo de 70% estabel;49500.00;49500.00;0.00;49500.00
08;SECRETARIA DA EDUCAÇÃO;002;DEPARTAMENTO DE DESENVOLVIMENTO ESCOLAR;12.365.0012.2052;Manutenção das Atividades dos Centros Municipais de Educação Infantil - Pré-Esco;3.1.90.16.00.00;OUTRAS DESPESAS VARIÁVEIS - PESSOAL CIVIL;02590;E;00101;0101/02/01/00/00;Fundeb 70%;20000.00;20000.00;0.00;20000.00
08;SECRETARIA DA EDUCAÇÃO;002;DEPARTAMENTO DE DESENVOLVIMENTO ESCOLAR;12.365.0012.2052;Manutenção das Atividades dos Centros Municipais de Educação Infantil - Pré-Esco;3.1.90.94.00.00;INDENIZAÇÕES E RESTITUIÇÕES TRABALHISTAS;02600;E;00101;0101/02/01/00/00;Fundeb 70%;20000.00;20000.00;0.00;20000.00
08;SECRETARIA DA EDUCAÇÃO;002;DEPARTAMENTO DE DESENVOLVIMENTO ESCOLAR;12.365.0012.2052;Manutenção das Atividades dos Centros Municipais de Educação Infantil - Pré-Esco;3.3.50.43.00.00;SUBVENÇÕES SOCIAIS;02610;E;00102;0102/02/01/00/00;Fundeb 30%;670000.00;323397.31;286945.37;36451.94
08;SECRETARIA DA EDUCAÇÃO;002;DEPARTAMENTO DE DESENVOLVIMENTO ESCOLAR;12.365.0012.2052;Manutenção das Atividades dos Centros Municipais de Educação Infantil - Pré-Esco;3.3.50.43.00.00;SUBVENÇÕES SOCIAIS;02620;E;00103;0103/01/01/00/00;5% sobre Transferências Constitucionais FUNDEB;450000.00;366000.00;80000.00;286000.00
08;SECRETARIA DA EDUCAÇÃO;002;DEPARTAMENTO DE DESENVOLVIMENTO ESCOLAR;12.365.0012.2052;Manutenção das Atividades dos Centros Municipais de Educação Infantil - Pré-Esco;3.3.50.43.00.00;SUBVENÇÕES SOCIAIS;02630;E;00104;0104/01/01/00/00;Demais Impostos Vinculados à Educação Básica;450000.00;170000.00;82091.85;87908.15
08;SECRETARIA DA EDUCAÇÃO;002;DEPARTAMENTO DE DESENVOLVIMENTO ESCOLAR;12.365.0012.2052;Manutenção das Atividades dos Centros Municipais de Educação Infantil - Pré-Esco;3.3.50.92.00.00;DESPESAS DE EXERCÍCIOS ANTERIORES;02640;E;00104;0104/01/01/00/00;Demais Impostos Vinculados à Educação Básica;50000.00;50000.00;0.00;50000.00
08;SECRETARIA DA EDUCAÇÃO;002;DEPARTAMENTO DE DESENVOLVIMENTO ESCOLAR;12.365.0012.2052;Manutenção das Atividades dos Centros Municipais de Educação Infantil - Pré-Esco;3.3.90.30.00.00;MATERIAL DE CONSUMO;02650;E;00102;0102/02/01/00/00;Fundeb 30%;5000.00;105000.00;100000.00;5000.00
08;SECRETARIA DA EDUCAÇÃO;002;DEPARTAMENTO DE DESENVOLVIMENTO ESCOLAR;12.365.0012.2052;Manutenção das Atividades dos Centros Municipais de Educação Infantil - Pré-Esco;3.3.90.30.00.00;MATERIAL DE CONSUMO;02660;E;00103;0103/01/01/00/00;5% sobre Transferências Constitucionais FUNDEB;5000.00;85000.00;79997.00;5003.00
08;SECRETARIA DA EDUCAÇÃO;002;DEPARTAMENTO DE DESENVOLVIMENTO ESCOLAR;12.365.0012.2052;Manutenção das Atividades dos Centros Municipais de Educação Infantil - Pré-Esco;3.3.90.30.00.00;MATERIAL DE CONSUMO;02670;E;00104;0104/01/01/00/00;Demais Impostos Vinculados à Educação Básica;5000.00;95500.00;95280.00;220.00
08;SECRETARIA DA EDUCAÇÃO;002;DEPARTAMENTO DE DESENVOLVIMENTO ESCOLAR;12.365.0012.2052;Manutenção das Atividades dos Centros Municipais de Educação Infantil - Pré-Esco;3.3.90.39.00.00;OUTROS SERVIÇOS DE TERCEIROS - PESSOA JURÍDICA;02680;E;00102;0102/02/01/00/00;Fundeb 30%;5000.00;21946.50;21946.50;0.00
08;SECRETARIA DA EDUCAÇÃO;002;DEPARTAMENTO DE DESENVOLVIMENTO ESCOLAR;12.365.0012.2052;Manutenção das Atividades dos Centros Municipais de Educação Infantil - Pré-Esco;3.3.90.39.00.00;OUTROS SERVIÇOS DE TERCEIROS - PESSOA JURÍDICA;02690;E;00103;0103/01/01/00/00;5% sobre Transferências Constitucionais FUNDEB;5000.00;2611.83;104.64;2507.19
08;SECRETARIA DA EDUCAÇÃO;002;DEPARTAMENTO DE DESENVOLVIMENTO ESCOLAR;12.365.0012.2052;Manutenção das Atividades dos Centros Municipais de Educação Infantil - Pré-Esco;3.3.90.39.00.00;OUTROS SERVIÇOS DE TERCEIROS - PESSOA JURÍDICA;02700;E;00104;0104/01/01/00/00;Demais Impostos Vinculados à Educação Básica;5000.00;6000.00;5188.80;811.20
08;SECRETARIA DA EDUCAÇÃO;002;DEPARTAMENTO DE DESENVOLVIMENTO ESCOLAR;12.365.0012.2052;Manutenção das Atividades dos Centros Municipais de Educação Infantil - Pré-Esco;3.3.90.46.00.00;AUXÍLIO-ALIMENTAÇÃO;02710;E;00000;0000/01/07/00/00;Recursos Ordinários (Livres);2500.00;2500.00;0.00;2500.00
08;SECRETARIA DA EDUCAÇÃO;002;DEPARTAMENTO DE DESENVOLVIMENTO ESCOLAR;12.365.0012.2052;Manutenção das Atividades dos Centros Municipais de Educação Infantil - Pré-Esco;4.4.90.52.00.00;EQUIPAMENTOS E MATERIAL PERMANENTE;02720;E;00102;0102/02/01/00/00;Fundeb 30%;5000.00;5000.00;0.00;5000.00
08;SECRETARIA DA EDUCAÇÃO;002;DEPARTAMENTO DE DESENVOLVIMENTO ESCOLAR;12.365.0012.2052;Manutenção das Atividades dos Centros Municipais de Educação Infantil - Pré-Esco;4.4.90.52.00.00;EQUIPAMENTOS E MATERIAL PERMANENTE;02730;E;00103;0103/01/01/00/00;5% sobre Transferências Constitucionais FUNDEB;5000.00;5000.00;0.00;5000.00
08;SECRETARIA DA EDUCAÇÃO;002;DEPARTAMENTO DE DESENVOLVIMENTO ESCOLAR;12.365.0012.2052;Manutenção das Atividades dos Centros Municipais de Educação Infantil - Pré-Esco;4.4.90.52.00.00;EQUIPAMENTOS E MATERIAL PERMANENTE;02740;E;00104;0104/01/01/00/00;Demais Impostos Vinculados à Educação Básica;5000.00;5000.00;0.00;5000.00
08;SECRETARIA DA EDUCAÇÃO;002;DEPARTAMENTO DE DESENVOLVIMENTO ESCOLAR;12.367.0011.2053;Manutenção das Atividades da Educação Especial;3.3.50.41.00.00;CONTRIBUIÇÕES;02750;E;00103;0103/01/01/00/00;5% sobre Transferências Constitucionais FUNDEB;25000.00;25000.00;0.00;25000.00
08;SECRETARIA DA EDUCAÇÃO;002;DEPARTAMENTO DE DESENVOLVIMENTO ESCOLAR;12.367.0011.2053;Manutenção das Atividades da Educação Especial;3.3.50.41.00.00;CONTRIBUIÇÕES;02760;E;00104;0104/01/01/00/00;Demais Impostos Vinculados à Educação Básica;25000.00;25000.00;0.00;25000.00
08;SECRETARIA DA EDUCAÇÃO;002;DEPARTAMENTO DE DESENVOLVIMENTO ESCOLAR;12.367.0011.2053;Manutenção das Atividades da Educação Especial;3.3.50.43.00.00;SUBVENÇÕES SOCIAIS;02770;E;00102;0102/02/01/00/00;Fundeb 30%;25000.00;446600.00;446000.92;599.08
08;SECRETARIA DA EDUCAÇÃO;002;DEPARTAMENTO DE DESENVOLVIMENTO ESCOLAR;12.367.0011.2053;Manutenção das Atividades da Educação Especial;3.3.50.43.00.00;SUBVENÇÕES SOCIAIS;02780;E;00103;0103/01/01/00/00;5% sobre Transferências Constitucionais FUNDEB;25000.00;25000.00;0.00;25000.00
09;SECRETARIA DE INFRAESTRUTURA E SERVIÇOS PÚBLICOS;001;DEPARTAMENTO DE INFRAESTRUTURA DE SERV. PÚBLICOS.;15.451.0007.2055;"Manutenção do Programa ""Mais Oportunidade de Trabalho com Dignidade"" - Serv Urba";3.3.90.48.00.00;OUTROS AUXÍLIOS FINANCEIROS A PESSOAS FÍSICAS;02790;E;00000;0000/01/07/00/00;Recursos Ordinários (Livres);250000.00;190000.00;74256.00;115744.00
09;SECRETARIA DE INFRAESTRUTURA E SERVIÇOS PÚBLICOS;001;DEPARTAMENTO DE INFRAESTRUTURA DE SERV. PÚBLICOS.;15.451.0007.2055;"Manutenção do Programa ""Mais Oportunidade de Trabalho com Dignidade"" - Serv Urba";3.3.90.48.00.00;OUTROS AUXÍLIOS FINANCEIROS A PESSOAS FÍSICAS;02801;E;00510;0510/01/07/00/00;Taxas - Exercício Poder de Polícia;0.00;22000.00;20440.00;1560.00
09;SECRETARIA DE INFRAESTRUTURA E SERVIÇOS PÚBLICOS;001;DEPARTAMENTO DE INFRAESTRUTURA DE SERV. PÚBLICOS.;15.451.0007.2055;"Manutenção do Programa ""Mais Oportunidade de Trabalho com Dignidade"" - Serv Urba";3.3.90.48.00.00;OUTROS AUXÍLIOS FINANCEIROS A PESSOAS FÍSICAS;02800;E;00511;0511/01/07/00/00;Taxas - Prestação de Serviços;150000.00;150000.00;24528.00;125472.00
09;SECRETARIA DE INFRAESTRUTURA E SERVIÇOS PÚBLICOS;001;DEPARTAMENTO DE INFRAESTRUTURA DE SERV. PÚBLICOS.;15.451.0007.2055;"Manutenção do Programa ""Mais Oportunidade de Trabalho com Dignidade"" - Serv Urba";3.3.90.48.00.00;OUTROS AUXÍLIOS FINANCEIROS A PESSOAS FÍSICAS;02802;E;01015;1015/14/99/00/00;Cessão Onerosa - Pré-Sal - Lei nº 13.885/2019;0.00;0.00;0.00;0.00
09;SECRETARIA DE INFRAESTRUTURA E SERVIÇOS PÚBLICOS;001;DEPARTAMENTO DE INFRAESTRUTURA DE SERV. PÚBLICOS.;15.451.0007.2055;"Manutenção do Programa ""Mais Oportunidade de Trabalho com Dignidade"" - Serv Urba";3.3.90.48.00.00;OUTROS AUXÍLIOS FINANCEIROS A PESSOAS FÍSICAS;02802;EA;01015;1015/14/99/00/00;Cessão Onerosa - Pré-Sal - Lei nº 13.885/2019;0.00;38780.00;38780.00;0.00
09;SECRETARIA DE INFRAESTRUTURA E SERVIÇOS PÚBLICOS;001;DEPARTAMENTO DE INFRAESTRUTURA DE SERV. PÚBLICOS.;15.451.0015.1066;Pavimentação de Vias Públicas;4.4.90.51.00.00;OBRAS E INSTALAÇÕES;02810;E;00000;0000/01/07/00/00;Recursos Ordinários (Livres);50000.00;50000.00;0.00;50000.00
09;SECRETARIA DE INFRAESTRUTURA E SERVIÇOS PÚBLICOS;001;DEPARTAMENTO DE INFRAESTRUTURA DE SERV. PÚBLICOS.;15.451.0015.1066;Pavimentação de Vias Públicas;4.4.90.51.00.00;OBRAS E INSTALAÇÕES;02811;E;00511;0511/01/07/00/00;Taxas - Prestação de Serviços;0.00;191000.00;190077.00;923.00
09;SECRETARIA DE INFRAESTRUTURA E SERVIÇOS PÚBLICOS;001;DEPARTAMENTO DE INFRAESTRUTURA DE SERV. PÚBLICOS.;15.451.0015.1066;Pavimentação de Vias Públicas;4.4.90.51.00.00;OBRAS E INSTALAÇÕES;02811;EA;00511;0511/01/07/00/00;Taxas - Prestação de Serviços;0.00;127223.62;127223.00;0.62
09;SECRETARIA DE INFRAESTRUTURA E SERVIÇOS PÚBLICOS;001;DEPARTAMENTO DE INFRAESTRUTURA DE SERV. PÚBLICOS.;15.451.0015.1067;Reforma e Revitalização de Praças e Parques;4.4.90.30.00.00;MATERIAL DE CONSUMO;02820;E;00000;0000/01/07/00/00;Recursos Ordinários (Livres);50000.00;50000.00;0.00;50000.00
09;SECRETARIA DE INFRAESTRUTURA E SERVIÇOS PÚBLICOS;001;DEPARTAMENTO DE INFRAESTRUTURA DE SERV. PÚBLICOS.;15.451.0015.1067;Reforma e Revitalização de Praças e Parques;4.4.90.39.00.00;OUTROS SERVIÇOS DE TERCEIROS - PESSOA JURÍDICA;02830;E;00000;0000/01/07/00/00;Recursos Ordinários (Livres);50000.00;50000.00;0.00;50000.00
09;SECRETARIA DE INFRAESTRUTURA E SERVIÇOS PÚBLICOS;001;DEPARTAMENTO DE INFRAESTRUTURA DE SERV. PÚBLICOS.;15.451.0015.1067;Reforma e Revitalização de Praças e Parques;4.4.90.51.00.00;OBRAS E INSTALAÇÕES;02840;E;00000;0000/01/07/00/00;Recursos Ordinários (Livres);50000.00;50000.00;0.00;50000.00
09;SECRETARIA DE INFRAESTRUTURA E SERVIÇOS PÚBLICOS;001;DEPARTAMENTO DE INFRAESTRUTURA DE SERV. PÚBLICOS.;15.451.0015.1068;Realização de Obras de Recape Asfálticos em Ruas e Logradouros Municipais;4.4.90.30.00.00;MATERIAL DE CONSUMO;02850;E;00000;0000/01/07/00/00;Recursos Ordinários (Livres);30000.00;30000.00;0.00;30000.00
09;SECRETARIA DE INFRAESTRUTURA E SERVIÇOS PÚBLICOS;001;DEPARTAMENTO DE INFRAESTRUTURA DE SERV. PÚBLICOS.;15.451.0015.1068;Realização de Obras de Recape Asfálticos em Ruas e Logradouros Municipais;4.4.90.39.00.00;OUTROS SERVIÇOS DE TERCEIROS - PESSOA JURÍDICA;02860;E;00000;0000/01/07/00/00;Recursos Ordinários (Livres);30000.00;30000.00;0.00;30000.00
09;SECRETARIA DE INFRAESTRUTURA E SERVIÇOS PÚBLICOS;001;DEPARTAMENTO DE INFRAESTRUTURA DE SERV. PÚBLICOS.;15.451.0015.1068;Realização de Obras de Recape Asfálticos em Ruas e Logradouros Municipais;4.4.90.51.00.00;OBRAS E INSTALAÇÕES;02870;E;00000;0000/01/07/00/00;Recursos Ordinários (Livres);50000.00;1223925.10;1173925.11;49999.99
09;SECRETARIA DE INFRAESTRUTURA E SERVIÇOS PÚBLICOS;001;DEPARTAMENTO DE INFRAESTRUTURA DE SERV. PÚBLICOS.;15.451.0015.1068;Realização de Obras de Recape Asfálticos em Ruas e Logradouros Municipais;4.4.90.51.00.00;OBRAS E INSTALAÇÕES;02871;E;00501;0501/04/99/00/00;Receitas de Alienações de Ativos;0.00;820274.93;819746.94;527.99
09;SECRETARIA DE INFRAESTRUTURA E SERVIÇOS PÚBLICOS;001;DEPARTAMENTO DE INFRAESTRUTURA DE SERV. PÚBLICOS.;15.451.0015.1068;Realização de Obras de Recape Asfálticos em Ruas e Logradouros Municipais;4.4.90.51.00.00;OBRAS E INSTALAÇÕES;02871;EA;00501;0501/04/99/00/00;Receitas de Alienações de Ativos;0.00;60527.95;60527.95;0.00
09;SECRETARIA DE INFRAESTRUTURA E SERVIÇOS PÚBLICOS;001;DEPARTAMENTO DE INFRAESTRUTURA DE SERV. PÚBLICOS.;15.451.0015.1068;Realização de Obras de Recape Asfálticos em Ruas e Logradouros Municipais;4.4.90.51.00.00;OBRAS E INSTALAÇÕES;02872;E;01104;1016/12/99/00/00;E.I.I - trasnf. com finalidade definida - Luiza Canziani- 202640340001 - recape;0.00;0.00;0.00;0.00
09;SECRETARIA DE INFRAESTRUTURA E SERVIÇOS PÚBLICOS;001;DEPARTAMENTO DE INFRAESTRUTURA DE SERV. PÚBLICOS.;15.451.0015.1068;Realização de Obras de Recape Asfálticos em Ruas e Logradouros Municipais;4.4.90.51.00.00;OBRAS E INSTALAÇÕES;02872;EA;01104;1016/12/99/00/00;E.I.I - trasnf. com finalidade definida - Luiza Canziani- 202640340001 - recape;0.00;398000.00;0.00;398000.00
09;SECRETARIA DE INFRAESTRUTURA E SERVIÇOS PÚBLICOS;001;DEPARTAMENTO DE INFRAESTRUTURA DE SERV. PÚBLICOS.;15.451.0015.1068;Realização de Obras de Recape Asfálticos em Ruas e Logradouros Municipais;4.4.90.51.00.00;OBRAS E INSTALAÇÕES;02873;E;01105;1016/12/99/00/00;E.I.I - trasnf. com finalidade definida - Paulo Litro - 202644450003 - recape as;0.00;0.00;0.00;0.00
09;SECRETARIA DE INFRAESTRUTURA E SERVIÇOS PÚBLICOS;001;DEPARTAMENTO DE INFRAESTRUTURA DE SERV. PÚBLICOS.;15.451.0015.1068;Realização de Obras de Recape Asfálticos em Ruas e Logradouros Municipais;4.4.90.51.00.00;OBRAS E INSTALAÇÕES;02873;EA;01105;1016/12/99/00/00;E.I.I - trasnf. com finalidade definida - Paulo Litro - 202644450003 - recape as;0.00;497500.00;0.00;497500.00
09;SECRETARIA DE INFRAESTRUTURA E SERVIÇOS PÚBLICOS;001;DEPARTAMENTO DE INFRAESTRUTURA DE SERV. PÚBLICOS.;15.451.0015.1069;Pavimentação Asfáltica - Programa Asfalto Novo, Vida Nova (Ruas da Cidade);4.4.90.51.00.00;OBRAS E INSTALAÇÕES;02880;E;00000;0000/01/07/00/00;Recursos Ordinários (Livres);50000.00;50000.00;0.00;50000.00
09;SECRETARIA DE INFRAESTRUTURA E SERVIÇOS PÚBLICOS;001;DEPARTAMENTO DE INFRAESTRUTURA DE SERV. PÚBLICOS.;15.451.0015.1069;Pavimentação Asfáltica - Programa Asfalto Novo, Vida Nova (Ruas da Cidade);4.4.90.51.00.00;OBRAS E INSTALAÇÕES;02890;E;01951;1005/03/99/01/01;SECID - PAVIMENTAÇÃO PROGRAMA ASFALTO NOVO - VIDA NOVA;10000000.00;10000000.00;19670.33;9980329.67
09;SECRETARIA DE INFRAESTRUTURA E SERVIÇOS PÚBLICOS;001;DEPARTAMENTO DE INFRAESTRUTURA DE SERV. PÚBLICOS.;15.451.0015.1070;Ampliação da Rede de Iluminação Pública;4.4.90.30.00.00;MATERIAL DE CONSUMO;02900;E;00000;0000/01/07/00/00;Recursos Ordinários (Livres);20000.00;20000.00;0.00;20000.00
09;SECRETARIA DE INFRAESTRUTURA E SERVIÇOS PÚBLICOS;001;DEPARTAMENTO DE INFRAESTRUTURA DE SERV. PÚBLICOS.;15.451.0015.1070;Ampliação da Rede de Iluminação Pública;4.4.90.39.00.00;OUTROS SERVIÇOS DE TERCEIROS - PESSOA JURÍDICA;02910;E;00000;0000/01/07/00/00;Recursos Ordinários (Livres);10000.00;10000.00;0.00;10000.00
09;SECRETARIA DE INFRAESTRUTURA E SERVIÇOS PÚBLICOS;001;DEPARTAMENTO DE INFRAESTRUTURA DE SERV. PÚBLICOS.;15.451.0015.1070;Ampliação da Rede de Iluminação Pública;4.4.90.51.00.00;OBRAS E INSTALAÇÕES;02920;E;00000;0000/01/07/00/00;Recursos Ordinários (Livres);20000.00;20000.00;0.00;20000.00
09;SECRETARIA DE INFRAESTRUTURA E SERVIÇOS PÚBLICOS;001;DEPARTAMENTO DE INFRAESTRUTURA DE SERV. PÚBLICOS.;15.451.0015.1070;Ampliação da Rede de Iluminação Pública;4.4.90.51.00.00;OBRAS E INSTALAÇÕES;02930;E;01952;1005/03/99/01/01;SECID ILUMINAÇÃO PÚBLICA - PROGRAMA ASFALTO NOVO - VIDA NOVA;650000.00;650000.00;0.00;650000.00
09;SECRETARIA DE INFRAESTRUTURA E SERVIÇOS PÚBLICOS;001;DEPARTAMENTO DE INFRAESTRUTURA DE SERV. PÚBLICOS.;15.451.0015.1071;Construção do Escritório da Secretaria de Obras, Infra-estrutura e Serv Urbanos;4.4.90.51.00.00;OBRAS E INSTALAÇÕES;02940;E;00000;0000/01/07/00/00;Recursos Ordinários (Livres);50000.00;42000.00;0.00;42000.00
09;SECRETARIA DE INFRAESTRUTURA E SERVIÇOS PÚBLICOS;001;DEPARTAMENTO DE INFRAESTRUTURA DE SERV. PÚBLICOS.;15.451.0015.1071;Construção do Escritório da Secretaria de Obras, Infra-estrutura e Serv Urbanos;4.4.90.51.00.00;OBRAS E INSTALAÇÕES;02951;E;01015;1015/14/99/00/00;Cessão Onerosa - Pré-Sal - Lei nº 13.885/2019;0.00;0.00;0.00;0.00
09;SECRETARIA DE INFRAESTRUTURA E SERVIÇOS PÚBLICOS;001;DEPARTAMENTO DE INFRAESTRUTURA DE SERV. PÚBLICOS.;15.451.0015.1071;Construção do Escritório da Secretaria de Obras, Infra-estrutura e Serv Urbanos;4.4.90.51.00.00;OBRAS E INSTALAÇÕES;02951;EA;01015;1015/14/99/00/00;Cessão Onerosa - Pré-Sal - Lei nº 13.885/2019;0.00;20000.00;9950.00;10050.00
09;SECRETARIA DE INFRAESTRUTURA E SERVIÇOS PÚBLICOS;001;DEPARTAMENTO DE INFRAESTRUTURA DE SERV. PÚBLICOS.;15.451.0015.1071;Construção do Escritório da Secretaria de Obras, Infra-estrutura e Serv Urbanos;4.4.90.51.00.00;OBRAS E INSTALAÇÕES;02950;E;01954;1005/03/99/01/01;SECID - CONSTRUÇÃO ESCRITÓRIO DA SECRETARIA DE OBRAS E INFRA ESTRUTURA;210000.00;210000.00;189043.92;20956.08
09;SECRETARIA DE INFRAESTRUTURA E SERVIÇOS PÚBLICOS;001;DEPARTAMENTO DE INFRAESTRUTURA DE SERV. PÚBLICOS.;15.451.0015.1072;Revitalização do Canteiro Central da Avenida Vanderlei Antunes de Moraes;4.4.90.51.00.00;OBRAS E INSTALAÇÕES;02960;E;00000;0000/01/07/00/00;Recursos Ordinários (Livres);50000.00;144000.00;142137.32;1862.68
09;SECRETARIA DE INFRAESTRUTURA E SERVIÇOS PÚBLICOS;001;DEPARTAMENTO DE INFRAESTRUTURA DE SERV. PÚBLICOS.;15.451.0015.1072;Revitalização do Canteiro Central da Avenida Vanderlei Antunes de Moraes;4.4.90.51.00.00;OBRAS E INSTALAÇÕES;02960;EA;00000;0000/01/07/00/00;Recursos Ordinários (Livres);0.00;42052.07;0.00;42052.07
09;SECRETARIA DE INFRAESTRUTURA E SERVIÇOS PÚBLICOS;001;DEPARTAMENTO DE INFRAESTRUTURA DE SERV. PÚBLICOS.;15.451.0015.1072;Revitalização do Canteiro Central da Avenida Vanderlei Antunes de Moraes;4.4.90.51.00.00;OBRAS E INSTALAÇÕES;02962;E;00501;0501/04/99/00/00;Receitas de Alienações de Ativos;0.00;36128.36;36128.36;0.00
09;SECRETARIA DE INFRAESTRUTURA E SERVIÇOS PÚBLICOS;001;DEPARTAMENTO DE INFRAESTRUTURA DE SERV. PÚBLICOS.;15.451.0015.1072;Revitalização do Canteiro Central da Avenida Vanderlei Antunes de Moraes;4.4.90.51.00.00;OBRAS E INSTALAÇÕES;02961;E;01001;1072/03/99/01/02;ITAIPU - Ref. Canteiro Av. Vanderlei A.de Morais-Aquis. de Equipamento-Ref Nasce;0.00;0.00;0.00;0.00
09;SECRETARIA DE INFRAESTRUTURA E SERVIÇOS PÚBLICOS;001;DEPARTAMENTO DE INFRAESTRUTURA DE SERV. PÚBLICOS.;15.451.0015.1072;Revitalização do Canteiro Central da Avenida Vanderlei Antunes de Moraes;4.4.90.51.00.00;OBRAS E INSTALAÇÕES;02961;EA;01001;1072/03/99/01/02;ITAIPU - Ref. Canteiro Av. Vanderlei A.de Morais-Aquis. de Equipamento-Ref Nasce;0.00;900248.32;899196.08;1052.24
09;SECRETARIA DE INFRAESTRUTURA E SERVIÇOS PÚBLICOS;001;DEPARTAMENTO DE INFRAESTRUTURA DE SERV. PÚBLICOS.;15.451.0015.1073;Execução de Obras de Sinalização Viária;4.4.90.51.00.00;OBRAS E INSTALAÇÕES;02970;E;19389;1005/03/99/01/01;CONVÊNIO ESTADUAL - SINALIZAÇAO VIARIA;350000.00;350000.00;0.00;350000.00
09;SECRETARIA DE INFRAESTRUTURA E SERVIÇOS PÚBLICOS;001;DEPARTAMENTO DE INFRAESTRUTURA DE SERV. PÚBLICOS.;15.451.0015.1081;Pavimentação Asfáltica - Programa Asfalto Novo, Vida Nova (Ruas do Distrito Vila;4.4.90.51.00.00;OBRAS E INSTALAÇÕES;02980;E;00000;0000/01/07/00/00;Recursos Ordinários (Livres);40000.00;40000.00;0.00;40000.00
09;SECRETARIA DE INFRAESTRUTURA E SERVIÇOS PÚBLICOS;001;DEPARTAMENTO DE INFRAESTRUTURA DE SERV. PÚBLICOS.;15.451.0015.1081;Pavimentação Asfáltica - Programa Asfalto Novo, Vida Nova (Ruas do Distrito Vila;4.4.90.51.00.00;OBRAS E INSTALAÇÕES;02990;E;01979;1005/03/99/01/01;CONVÊNIO ESTADUAL - PAVIM ASFÁLTICA - VILA PROGRESSO;4000000.00;4000000.00;0.00;4000000.00
09;SECRETARIA DE INFRAESTRUTURA E SERVIÇOS PÚBLICOS;001;DEPARTAMENTO DE INFRAESTRUTURA DE SERV. PÚBLICOS.;15.451.0015.1086;Construção do Parquinho Infantil Público no Jardim Nazaré;4.4.90.51.00.00;OBRAS E INSTALAÇÕES;03001;E;01965;1005/03/99/01/01;SECID - AQUISIÇÃO DE PARQUE INFANTIL NO CONJUNTO ALDALGISA A.B.FELICIO;0.00;0.00;0.00;0.00
09;SECRETARIA DE INFRAESTRUTURA E SERVIÇOS PÚBLICOS;001;DEPARTAMENTO DE INFRAESTRUTURA DE SERV. PÚBLICOS.;15.451.0015.1086;Construção do Parquinho Infantil Público no Jardim Nazaré;4.4.90.51.00.00;OBRAS E INSTALAÇÕES;03000;E;01984;1005/03/99/01/01;CONVÊNIO ESTADUAL - CONSTRUÇÃO DO PARQUINHO NO JARDIM NAZARÉ;220000.00;220000.00;0.00;220000.00
09;SECRETARIA DE INFRAESTRUTURA E SERVIÇOS PÚBLICOS;001;DEPARTAMENTO DE INFRAESTRUTURA DE SERV. PÚBLICOS.;15.451.0015.1090;Convênio Estadual - Drenagem e Revitalização da Entrada da Cidade;4.4.90.51.00.00;OBRAS E INSTALAÇÕES;03010;E;01988;1005/03/99/01/01;CONVÊNIO ESTADUAL - DRENAGEM E REVITALIZAÇÃO DA ENTRADA DA CIDADE;15000000.00;15000000.00;0.00;15000000.00
09;SECRETARIA DE INFRAESTRUTURA E SERVIÇOS PÚBLICOS;001;DEPARTAMENTO DE INFRAESTRUTURA DE SERV. PÚBLICOS.;15.451.0015.2054;Manutenção das Atividades da Secretaria de Infraestrutura e Serv. Públicos;3.1.90.11.00.00;VENCIMENTOS E VANTAGENS FIXAS - PESSOAL CIVIL;03020;E;00000;0000/01/07/00/00;Recursos Ordinários (Livres);3838000.00;3497000.00;2160263.49;1336736.51
09;SECRETARIA DE INFRAESTRUTURA E SERVIÇOS PÚBLICOS;001;DEPARTAMENTO DE INFRAESTRUTURA DE SERV. PÚBLICOS.;15.451.0015.2054;Manutenção das Atividades da Secretaria de Infraestrutura e Serv. Públicos;3.1.90.11.00.00;VENCIMENTOS E VANTAGENS FIXAS - PESSOAL CIVIL;03030;E;00002;0002/01/07/00/00;Desvinculação das Receitas dos Municípios - DRM;277000.00;67000.00;0.00;67000.00
09;SECRETARIA DE INFRAESTRUTURA E SERVIÇOS PÚBLICOS;001;DEPARTAMENTO DE INFRAESTRUTURA DE SERV. PÚBLICOS.;15.451.0015.2054;Manutenção das Atividades da Secretaria de Infraestrutura e Serv. Públicos;3.1.90.13.00.00;CONTRIBUIÇÕES PATRONAIS;03040;E;00000;0000/01/07/00/00;Recursos Ordinários (Livres);710000.00;710000.00;369908.96;340091.04
09;SECRETARIA DE INFRAESTRUTURA E SERVIÇOS PÚBLICOS;001;DEPARTAMENTO DE INFRAESTRUTURA DE SERV. PÚBLICOS.;15.451.0015.2054;Manutenção das Atividades da Secretaria de Infraestrutura e Serv. Públicos;3.1.90.13.00.00;CONTRIBUIÇÕES PATRONAIS;03050;E;00002;0002/01/07/00/00;Desvinculação das Receitas dos Municípios - DRM;52000.00;52000.00;0.00;52000.00
09;SECRETARIA DE INFRAESTRUTURA E SERVIÇOS PÚBLICOS;001;DEPARTAMENTO DE INFRAESTRUTURA DE SERV. PÚBLICOS.;15.451.0015.2054;Manutenção das Atividades da Secretaria de Infraestrutura e Serv. Públicos;3.1.90.16.00.00;OUTRAS DESPESAS VARIÁVEIS - PESSOAL CIVIL;03060;E;00000;0000/01/07/00/00;Recursos Ordinários (Livres);40000.00;40000.00;0.00;40000.00
09;SECRETARIA DE INFRAESTRUTURA E SERVIÇOS PÚBLICOS;001;DEPARTAMENTO DE INFRAESTRUTURA DE SERV. PÚBLICOS.;15.451.0015.2054;Manutenção das Atividades da Secretaria de Infraestrutura e Serv. Públicos;3.1.90.94.00.00;INDENIZAÇÕES E RESTITUIÇÕES TRABALHISTAS;03070;E;00000;0000/01/07/00/00;Recursos Ordinários (Livres);30000.00;30000.00;0.00;30000.00
09;SECRETARIA DE INFRAESTRUTURA E SERVIÇOS PÚBLICOS;001;DEPARTAMENTO DE INFRAESTRUTURA DE SERV. PÚBLICOS.;15.451.0015.2054;Manutenção das Atividades da Secretaria de Infraestrutura e Serv. Públicos;3.3.90.14.00.00;DIÁRIAS - CIVIL;03080;E;00000;0000/01/07/00/00;Recursos Ordinários (Livres);4000.00;14000.00;9075.00;4925.00
09;SECRETARIA DE INFRAESTRUTURA E SERVIÇOS PÚBLICOS;001;DEPARTAMENTO DE INFRAESTRUTURA DE SERV. PÚBLICOS.;15.451.0015.2054;Manutenção das Atividades da Secretaria de Infraestrutura e Serv. Públicos;3.3.90.30.00.00;MATERIAL DE CONSUMO;03090;E;00000;0000/01/07/00/00;Recursos Ordinários (Livres);200000.00;664790.00;664400.84;389.16
09;SECRETARIA DE INFRAESTRUTURA E SERVIÇOS PÚBLICOS;001;DEPARTAMENTO DE INFRAESTRUTURA DE SERV. PÚBLICOS.;15.451.0015.2054;Manutenção das Atividades da Secretaria de Infraestrutura e Serv. Públicos;3.3.90.30.00.00;MATERIAL DE CONSUMO;03100;E;00504;0504/99/99/00/00;Outros Royalties e Compensações Financeiras e Patrimoniais não Previdenciárias;385000.00;368881.01;314081.88;54799.13
09;SECRETARIA DE INFRAESTRUTURA E SERVIÇOS PÚBLICOS;001;DEPARTAMENTO DE INFRAESTRUTURA DE SERV. PÚBLICOS.;15.451.0015.2054;Manutenção das Atividades da Secretaria de Infraestrutura e Serv. Públicos;3.3.90.30.00.00;MATERIAL DE CONSUMO;03110;E;00505;0505/99/99/00/00;Royalties Tratado de Itaipú Binacional;11000.00;10850.00;4506.59;6343.41
09;SECRETARIA DE INFRAESTRUTURA E SERVIÇOS PÚBLICOS;001;DEPARTAMENTO DE INFRAESTRUTURA DE SERV. PÚBLICOS.;15.451.0015.2054;Manutenção das Atividades da Secretaria de Infraestrutura e Serv. Públicos;3.3.90.30.00.00;MATERIAL DE CONSUMO;03120;E;00510;0510/01/07/00/00;Taxas - Exercício Poder de Polícia;111500.00;40300.00;0.00;40300.00
09;SECRETARIA DE INFRAESTRUTURA E SERVIÇOS PÚBLICOS;001;DEPARTAMENTO DE INFRAESTRUTURA DE SERV. PÚBLICOS.;15.451.0015.2054;Manutenção das Atividades da Secretaria de Infraestrutura e Serv. Públicos;3.3.90.30.00.00;MATERIAL DE CONSUMO;03130;E;00511;0511/01/07/00/00;Taxas - Prestação de Serviços;615000.00;343525.00;57621.50;285903.50
09;SECRETARIA DE INFRAESTRUTURA E SERVIÇOS PÚBLICOS;001;DEPARTAMENTO DE INFRAESTRUTURA DE SERV. PÚBLICOS.;15.451.0015.2054;Manutenção das Atividades da Secretaria de Infraestrutura e Serv. Públicos;3.3.90.30.00.00;MATERIAL DE CONSUMO;03140;E;00512;0512/99/99/00/00;CIDE (Lei 10866/04, art. 1ºB);25000.00;24500.00;0.00;24500.00
09;SECRETARIA DE INFRAESTRUTURA E SERVIÇOS PÚBLICOS;001;DEPARTAMENTO DE INFRAESTRUTURA DE SERV. PÚBLICOS.;15.451.0015.2054;Manutenção das Atividades da Secretaria de Infraestrutura e Serv. Públicos;3.3.90.30.00.00;MATERIAL DE CONSUMO;03142;E;00567;1011/09/99/05/18;FUNDO MUNICIPAL DO MEIO AMBIENTE - FMMA;0.00;0.00;0.00;0.00
09;SECRETARIA DE INFRAESTRUTURA E SERVIÇOS PÚBLICOS;001;DEPARTAMENTO DE INFRAESTRUTURA DE SERV. PÚBLICOS.;15.451.0015.2054;Manutenção das Atividades da Secretaria de Infraestrutura e Serv. Públicos;3.3.90.30.00.00;MATERIAL DE CONSUMO;03142;EA;00567;1011/09/99/05/18;FUNDO MUNICIPAL DO MEIO AMBIENTE - FMMA;0.00;35000.00;34936.09;63.91
09;SECRETARIA DE INFRAESTRUTURA E SERVIÇOS PÚBLICOS;001;DEPARTAMENTO DE INFRAESTRUTURA DE SERV. PÚBLICOS.;15.451.0015.2054;Manutenção das Atividades da Secretaria de Infraestrutura e Serv. Públicos;3.3.90.30.00.00;MATERIAL DE CONSUMO;03141;E;01015;1015/14/99/00/00;Cessão Onerosa - Pré-Sal - Lei nº 13.885/2019;0.00;0.00;0.00;0.00
09;SECRETARIA DE INFRAESTRUTURA E SERVIÇOS PÚBLICOS;001;DEPARTAMENTO DE INFRAESTRUTURA DE SERV. PÚBLICOS.;15.451.0015.2054;Manutenção das Atividades da Secretaria de Infraestrutura e Serv. Públicos;3.3.90.30.00.00;MATERIAL DE CONSUMO;03141;EA;01015;1015/14/99/00/00;Cessão Onerosa - Pré-Sal - Lei nº 13.885/2019;0.00;32788.68;32029.56;759.12
09;SECRETARIA DE INFRAESTRUTURA E SERVIÇOS PÚBLICOS;001;DEPARTAMENTO DE INFRAESTRUTURA DE SERV. PÚBLICOS.;15.451.0015.2054;Manutenção das Atividades da Secretaria de Infraestrutura e Serv. Públicos;3.3.90.36.00.00;OUTROS SERVIÇOS DE TERCEIROS - PESSOA FÍSICA;03150;E;00000;0000/01/07/00/00;Recursos Ordinários (Livres);25000.00;41300.16;38480.96;2819.20
09;SECRETARIA DE INFRAESTRUTURA E SERVIÇOS PÚBLICOS;001;DEPARTAMENTO DE INFRAESTRUTURA DE SERV. PÚBLICOS.;15.451.0015.2054;Manutenção das Atividades da Secretaria de Infraestrutura e Serv. Públicos;3.3.90.36.00.00;OUTROS SERVIÇOS DE TERCEIROS - PESSOA FÍSICA;03150;EA;00000;0000/01/07/00/00;Recursos Ordinários (Livres);0.00;6300.16;6300.16;0.00
09;SECRETARIA DE INFRAESTRUTURA E SERVIÇOS PÚBLICOS;001;DEPARTAMENTO DE INFRAESTRUTURA DE SERV. PÚBLICOS.;15.451.0015.2054;Manutenção das Atividades da Secretaria de Infraestrutura e Serv. Públicos;3.3.90.36.00.00;OUTROS SERVIÇOS DE TERCEIROS - PESSOA FÍSICA;03161;E;00510;0510/01/07/00/00;Taxas - Exercício Poder de Polícia;0.00;12000.00;6300.16;5699.84
09;SECRETARIA DE INFRAESTRUTURA E SERVIÇOS PÚBLICOS;001;DEPARTAMENTO DE INFRAESTRUTURA DE SERV. PÚBLICOS.;15.451.0015.2054;Manutenção das Atividades da Secretaria de Infraestrutura e Serv. Públicos;3.3.90.36.00.00;OUTROS SERVIÇOS DE TERCEIROS - PESSOA FÍSICA;03160;E;00511;0511/01/07/00/00;Taxas - Prestação de Serviços;20000.00;20000.00;0.00;20000.00
09;SECRETARIA DE INFRAESTRUTURA E SERVIÇOS PÚBLICOS;001;DEPARTAMENTO DE INFRAESTRUTURA DE SERV. PÚBLICOS.;15.451.0015.2054;Manutenção das Atividades da Secretaria de Infraestrutura e Serv. Públicos;3.3.90.39.00.00;OUTROS SERVIÇOS DE TERCEIROS - PESSOA JURÍDICA;03170;E;00000;0000/01/07/00/00;Recursos Ordinários (Livres);200000.00;351552.03;350161.68;1390.35
09;SECRETARIA DE INFRAESTRUTURA E SERVIÇOS PÚBLICOS;001;DEPARTAMENTO DE INFRAESTRUTURA DE SERV. PÚBLICOS.;15.451.0015.2054;Manutenção das Atividades da Secretaria de Infraestrutura e Serv. Públicos;3.3.90.39.00.00;OUTROS SERVIÇOS DE TERCEIROS - PESSOA JURÍDICA;03170;EA;00000;0000/01/07/00/00;Recursos Ordinários (Livres);0.00;1445463.99;1445463.99;0.00
09;SECRETARIA DE INFRAESTRUTURA E SERVIÇOS PÚBLICOS;001;DEPARTAMENTO DE INFRAESTRUTURA DE SERV. PÚBLICOS.;15.451.0015.2054;Manutenção das Atividades da Secretaria de Infraestrutura e Serv. Públicos;3.3.90.39.00.00;OUTROS SERVIÇOS DE TERCEIROS - PESSOA JURÍDICA;03201;E;00002;0002/01/07/00/00;Desvinculação das Receitas dos Municípios - DRM;0.00;58800.00;58577.26;222.74
09;SECRETARIA DE INFRAESTRUTURA E SERVIÇOS PÚBLICOS;001;DEPARTAMENTO DE INFRAESTRUTURA DE SERV. PÚBLICOS.;15.451.0015.2054;Manutenção das Atividades da Secretaria de Infraestrutura e Serv. Públicos;3.3.90.39.00.00;OUTROS SERVIÇOS DE TERCEIROS - PESSOA JURÍDICA;03203;E;00501;0501/04/99/00/00;Receitas de Alienações de Ativos;0.00;0.00;0.00;0.00
09;SECRETARIA DE INFRAESTRUTURA E SERVIÇOS PÚBLICOS;001;DEPARTAMENTO DE INFRAESTRUTURA DE SERV. PÚBLICOS.;15.451.0015.2054;Manutenção das Atividades da Secretaria de Infraestrutura e Serv. Públicos;3.3.90.39.00.00;OUTROS SERVIÇOS DE TERCEIROS - PESSOA JURÍDICA;03203;EA;00501;0501/04/99/00/00;Receitas de Alienações de Ativos;0.00;42052.07;42052.07;0.00
09;SECRETARIA DE INFRAESTRUTURA E SERVIÇOS PÚBLICOS;001;DEPARTAMENTO DE INFRAESTRUTURA DE SERV. PÚBLICOS.;15.451.0015.2054;Manutenção das Atividades da Secretaria de Infraestrutura e Serv. Públicos;3.3.90.39.00.00;OUTROS SERVIÇOS DE TERCEIROS - PESSOA JURÍDICA;03180;E;00504;0504/99/99/00/00;Outros Royalties e Compensações Financeiras e Patrimoniais não Previdenciárias;300000.00;288000.00;30929.36;257070.64
09;SECRETARIA DE INFRAESTRUTURA E SERVIÇOS PÚBLICOS;001;DEPARTAMENTO DE INFRAESTRUTURA DE SERV. PÚBLICOS.;15.451.0015.2054;Manutenção das Atividades da Secretaria de Infraestrutura e Serv. Públicos;3.3.90.39.00.00;OUTROS SERVIÇOS DE TERCEIROS - PESSOA JURÍDICA;03190;E;00507;0507/99/99/00/00;COSIP - Contribuição de Iluminação Pública, Art. 149-A, CF;1143500.00;1143500.00;175972.81;967527.19
09;SECRETARIA DE INFRAESTRUTURA E SERVIÇOS PÚBLICOS;001;DEPARTAMENTO DE INFRAESTRUTURA DE SERV. PÚBLICOS.;15.451.0015.2054;Manutenção das Atividades da Secretaria de Infraestrutura e Serv. Públicos;3.3.90.39.00.00;OUTROS SERVIÇOS DE TERCEIROS - PESSOA JURÍDICA;03202;E;00510;0510/01/07/00/00;Taxas - Exercício Poder de Polícia;0.00;13000.00;12374.24;625.76
09;SECRETARIA DE INFRAESTRUTURA E SERVIÇOS PÚBLICOS;001;DEPARTAMENTO DE INFRAESTRUTURA DE SERV. PÚBLICOS.;15.451.0015.2054;Manutenção das Atividades da Secretaria de Infraestrutura e Serv. Públicos;3.3.90.39.00.00;OUTROS SERVIÇOS DE TERCEIROS - PESSOA JURÍDICA;03202;EA;00510;0510/01/07/00/00;Taxas - Exercício Poder de Polícia;0.00;10000.00;3104.58;6895.42
09;SECRETARIA DE INFRAESTRUTURA E SERVIÇOS PÚBLICOS;001;DEPARTAMENTO DE INFRAESTRUTURA DE SERV. PÚBLICOS.;15.451.0015.2054;Manutenção das Atividades da Secretaria de Infraestrutura e Serv. Públicos;3.3.90.39.00.00;OUTROS SERVIÇOS DE TERCEIROS - PESSOA JURÍDICA;03200;E;00511;0511/01/07/00/00;Taxas - Prestação de Serviços;700000.00;593500.00;157531.92;435968.08
09;SECRETARIA DE INFRAESTRUTURA E SERVIÇOS PÚBLICOS;001;DEPARTAMENTO DE INFRAESTRUTURA DE SERV. PÚBLICOS.;15.451.0015.2054;Manutenção das Atividades da Secretaria de Infraestrutura e Serv. Públicos;3.3.90.39.00.00;OUTROS SERVIÇOS DE TERCEIROS - PESSOA JURÍDICA;03204;E;01015;1015/14/99/00/00;Cessão Onerosa - Pré-Sal - Lei nº 13.885/2019;0.00;0.00;0.00;0.00
09;SECRETARIA DE INFRAESTRUTURA E SERVIÇOS PÚBLICOS;001;DEPARTAMENTO DE INFRAESTRUTURA DE SERV. PÚBLICOS.;15.451.0015.2054;Manutenção das Atividades da Secretaria de Infraestrutura e Serv. Públicos;3.3.90.39.00.00;OUTROS SERVIÇOS DE TERCEIROS - PESSOA JURÍDICA;03204;EA;01015;1015/14/99/00/00;Cessão Onerosa - Pré-Sal - Lei nº 13.885/2019;0.00;40000.00;39291.58;708.42
09;SECRETARIA DE INFRAESTRUTURA E SERVIÇOS PÚBLICOS;001;DEPARTAMENTO DE INFRAESTRUTURA DE SERV. PÚBLICOS.;15.451.0015.2054;Manutenção das Atividades da Secretaria de Infraestrutura e Serv. Públicos;3.3.90.46.00.00;AUXÍLIO-ALIMENTAÇÃO;03210;E;00000;0000/01/07/00/00;Recursos Ordinários (Livres);5000.00;19200.00;19100.00;100.00
09;SECRETARIA DE INFRAESTRUTURA E SERVIÇOS PÚBLICOS;001;DEPARTAMENTO DE INFRAESTRUTURA DE SERV. PÚBLICOS.;15.451.0015.2054;Manutenção das Atividades da Secretaria de Infraestrutura e Serv. Públicos;3.3.90.47.00.00;OBRIGAÇÕES TRIBUTÁRIAS E CONTRIBUTIVAS;03220;E;00000;0000/01/07/00/00;Recursos Ordinários (Livres);5000.00;5000.00;0.00;5000.00
09;SECRETARIA DE INFRAESTRUTURA E SERVIÇOS PÚBLICOS;001;DEPARTAMENTO DE INFRAESTRUTURA DE SERV. PÚBLICOS.;15.451.0015.2054;Manutenção das Atividades da Secretaria de Infraestrutura e Serv. Públicos;3.3.90.47.00.00;OBRIGAÇÕES TRIBUTÁRIAS E CONTRIBUTIVAS;03231;E;00504;0504/99/99/00/00;Outros Royalties e Compensações Financeiras e Patrimoniais não Previdenciárias;0.00;8000.00;4849.45;3150.55
09;SECRETARIA DE INFRAESTRUTURA E SERVIÇOS PÚBLICOS;001;DEPARTAMENTO DE INFRAESTRUTURA DE SERV. PÚBLICOS.;15.451.0015.2054;Manutenção das Atividades da Secretaria de Infraestrutura e Serv. Públicos;3.3.90.47.00.00;OBRIGAÇÕES TRIBUTÁRIAS E CONTRIBUTIVAS;03230;E;00511;0511/01/07/00/00;Taxas - Prestação de Serviços;12000.00;87000.00;13496.94;73503.06
09;SECRETARIA DE INFRAESTRUTURA E SERVIÇOS PÚBLICOS;001;DEPARTAMENTO DE INFRAESTRUTURA DE SERV. PÚBLICOS.;15.451.0015.2054;Manutenção das Atividades da Secretaria de Infraestrutura e Serv. Públicos;3.3.90.92.00.00;DESPESAS DE EXERCÍCIOS ANTERIORES;03240;E;00511;0511/01/07/00/00;Taxas - Prestação de Serviços;18000.00;18000.00;16314.79;1685.21
09;SECRETARIA DE INFRAESTRUTURA E SERVIÇOS PÚBLICOS;001;DEPARTAMENTO DE INFRAESTRUTURA DE SERV. PÚBLICOS.;15.451.0015.2054;Manutenção das Atividades da Secretaria de Infraestrutura e Serv. Públicos;4.4.90.52.00.00;EQUIPAMENTOS E MATERIAL PERMANENTE;03250;E;00000;0000/01/07/00/00;Recursos Ordinários (Livres);20000.00;88000.00;40890.00;47110.00
09;SECRETARIA DE INFRAESTRUTURA E SERVIÇOS PÚBLICOS;001;DEPARTAMENTO DE INFRAESTRUTURA DE SERV. PÚBLICOS.;15.451.0015.2054;Manutenção das Atividades da Secretaria de Infraestrutura e Serv. Públicos;4.4.90.52.00.00;EQUIPAMENTOS E MATERIAL PERMANENTE;03260;E;00501;0501/04/99/00/00;Receitas de Alienações de Ativos;20000.00;20000.00;0.00;20000.00
09;SECRETARIA DE INFRAESTRUTURA E SERVIÇOS PÚBLICOS;001;DEPARTAMENTO DE INFRAESTRUTURA DE SERV. PÚBLICOS.;15.451.0015.2054;Manutenção das Atividades da Secretaria de Infraestrutura e Serv. Públicos;4.4.90.52.00.00;EQUIPAMENTOS E MATERIAL PERMANENTE;03261;E;01965;1005/03/99/01/01;SECID - AQUISIÇÃO DE PARQUE INFANTIL NO CONJUNTO ALDALGISA A.B.FELICIO;0.00;153900.00;153900.00;0.00
09;SECRETARIA DE INFRAESTRUTURA E SERVIÇOS PÚBLICOS;001;DEPARTAMENTO DE INFRAESTRUTURA DE SERV. PÚBLICOS.;15.451.0015.2054;Manutenção das Atividades da Secretaria de Infraestrutura e Serv. Públicos;4.4.90.52.00.00;EQUIPAMENTOS E MATERIAL PERMANENTE;03263;E;01998;1005/03/99/01/01;Convênio Estadual SECID 1761/2025 AQUISIÇÃO DE UM CAMINHÃO COLETOR COMPACTADOR D;0.00;968000.00;776910.00;191090.00
09;SECRETARIA DE INFRAESTRUTURA E SERVIÇOS PÚBLICOS;001;DEPARTAMENTO DE INFRAESTRUTURA DE SERV. PÚBLICOS.;15.451.0015.2054;Manutenção das Atividades da Secretaria de Infraestrutura e Serv. Públicos;4.4.90.52.00.00;EQUIPAMENTOS E MATERIAL PERMANENTE;03264;E;01999;1005/03/99/01/01;Convênio Estadual SECID 1680/2025 AQUISIÇÃO DE 20 CAÇAMBAS ESTACIONÁRIAS;0.00;107993.40;82000.00;25993.40
09;SECRETARIA DE INFRAESTRUTURA E SERVIÇOS PÚBLICOS;001;DEPARTAMENTO DE INFRAESTRUTURA DE SERV. PÚBLICOS.;15.451.0015.2054;Manutenção das Atividades da Secretaria de Infraestrutura e Serv. Públicos;4.4.90.52.00.00;EQUIPAMENTOS E MATERIAL PERMANENTE;03262;E;19390;1006/03/99/01/02;CONVENIO FEDERAL PROPOSTA 047668/2025 - AQUISICAO DE MAQUINAS E EQUIPAMENTOS;0.00;470000.00;0.00;470000.00
09;SECRETARIA DE INFRAESTRUTURA E SERVIÇOS PÚBLICOS;001;DEPARTAMENTO DE INFRAESTRUTURA DE SERV. PÚBLICOS.;15.451.0015.2056;Contribuição ao CINDEPAR - Consórcio Público Intermunicipal de Inovaçãoe Desenvo;3.1.71.70.00.00;RATEIO PELA PARTICIPAÇÃO EM CONSÓRCIO PÚBLICO;03270;E;00000;0000/01/07/00/00;Recursos Ordinários (Livres);30000.00;30000.00;6615.00;23385.00
09;SECRETARIA DE INFRAESTRUTURA E SERVIÇOS PÚBLICOS;001;DEPARTAMENTO DE INFRAESTRUTURA DE SERV. PÚBLICOS.;15.451.0015.2056;Contribuição ao CINDEPAR - Consórcio Público Intermunicipal de Inovaçãoe Desenvo;3.3.71.70.00.00;RATEIO PELA PARTICIPAÇÃO EM CONSÓRCIO PÚBLICO;03280;E;00000;0000/01/07/00/00;Recursos Ordinários (Livres);30000.00;30000.00;15435.00;14565.00
09;SECRETARIA DE INFRAESTRUTURA E SERVIÇOS PÚBLICOS;001;DEPARTAMENTO DE INFRAESTRUTURA DE SERV. PÚBLICOS.;15.451.0016.1106;Execução de Calçamento em Passeios Públicos;4.4.90.51.00.00;OBRAS E INSTALAÇÕES;04010;E;00000;0000/01/07/00/00;Recursos Ordinários (Livres);0.00;16875.33;0.00;16875.33
09;SECRETARIA DE INFRAESTRUTURA E SERVIÇOS PÚBLICOS;001;DEPARTAMENTO DE INFRAESTRUTURA DE SERV. PÚBLICOS.;15.451.0016.1106;Execução de Calçamento em Passeios Públicos;4.4.90.51.00.00;OBRAS E INSTALAÇÕES;04000;E;01102;1016/12/99/00/00;E. I.I.- transf. com finalidade definida - Beto Preto - Calçamento Prefeitura;0.00;0.00;0.00;0.00
09;SECRETARIA DE INFRAESTRUTURA E SERVIÇOS PÚBLICOS;001;DEPARTAMENTO DE INFRAESTRUTURA DE SERV. PÚBLICOS.;15.451.0016.1106;Execução de Calçamento em Passeios Públicos;4.4.90.51.00.00;OBRAS E INSTALAÇÕES;04000;EA;01102;1016/12/99/00/00;E. I.I.- transf. com finalidade definida - Beto Preto - Calçamento Prefeitura;0.00;396000.00;351500.00;44500.00
09;SECRETARIA DE INFRAESTRUTURA E SERVIÇOS PÚBLICOS;001;DEPARTAMENTO DE INFRAESTRUTURA DE SERV. PÚBLICOS.;15.451.0016.2057;Contribuição ao CISMEL - Consórcio Intermunicipal de Segurança Pública e Cidadan;3.1.71.70.00.00;RATEIO PELA PARTICIPAÇÃO EM CONSÓRCIO PÚBLICO;03290;E;00000;0000/01/07/00/00;Recursos Ordinários (Livres);5000.00;5000.00;0.00;5000.00
09;SECRETARIA DE INFRAESTRUTURA E SERVIÇOS PÚBLICOS;001;DEPARTAMENTO DE INFRAESTRUTURA DE SERV. PÚBLICOS.;15.451.0016.2057;Contribuição ao CISMEL - Consórcio Intermunicipal de Segurança Pública e Cidadan;3.3.71.70.00.00;RATEIO PELA PARTICIPAÇÃO EM CONSÓRCIO PÚBLICO;03300;E;00000;0000/01/07/00/00;Recursos Ordinários (Livres);5000.00;5000.00;0.00;5000.00
09;SECRETARIA DE INFRAESTRUTURA E SERVIÇOS PÚBLICOS;001;DEPARTAMENTO DE INFRAESTRUTURA DE SERV. PÚBLICOS.;16.482.0015.1087;Convênio Estadual COHAPAR - Construção de Unidades para Habitação Popular;4.4.90.51.00.00;OBRAS E INSTALAÇÕES;03311;E;00000;0000/01/07/00/00;Recursos Ordinários (Livres);0.00;0.00;0.00;0.00
09;SECRETARIA DE INFRAESTRUTURA E SERVIÇOS PÚBLICOS;001;DEPARTAMENTO DE INFRAESTRUTURA DE SERV. PÚBLICOS.;16.482.0015.1087;Convênio Estadual COHAPAR - Construção de Unidades para Habitação Popular;4.4.90.51.00.00;OBRAS E INSTALAÇÕES;03310;E;01985;1005/03/99/01/01;CONVÊNIO ESTADUAL COHAPAR - CONTRUÇÃO DE HABITAÇÃO POPULAR;2100000.00;2100000.00;0.00;2100000.00
09;SECRETARIA DE INFRAESTRUTURA E SERVIÇOS PÚBLICOS;001;DEPARTAMENTO DE INFRAESTRUTURA DE SERV. PÚBLICOS.;16.482.0022.1088;Convênio Federal - Construção de Unidades para Habitação Popular - Novo PAC;4.4.90.51.00.00;OBRAS E INSTALAÇÕES;03320;E;00000;0000/01/07/00/00;Recursos Ordinários (Livres);70000.00;20000.00;0.00;20000.00
09;SECRETARIA DE INFRAESTRUTURA E SERVIÇOS PÚBLICOS;001;DEPARTAMENTO DE INFRAESTRUTURA DE SERV. PÚBLICOS.;16.482.0022.1088;Convênio Federal - Construção de Unidades para Habitação Popular - Novo PAC;4.4.90.51.00.00;OBRAS E INSTALAÇÕES;03330;E;01986;1006/12/99/01/02;CONVÊNIO FEDERAL - CONSTRUÇÃO DE UNIDADES HABITACIONAIS;2800000.00;2800000.00;0.00;2800000.00
09;SECRETARIA DE INFRAESTRUTURA E SERVIÇOS PÚBLICOS;001;DEPARTAMENTO DE INFRAESTRUTURA DE SERV. PÚBLICOS.;17.512.0015.1107;Convenio Sanepar - Ampliação do Sistema de Esgotamento Sanitario;4.4.90.51.00.00;OBRAS E INSTALAÇÕES;00001;E;00000;0000/01/07/00/00;Recursos Ordinários (Livres);0.00;0.00;0.00;0.00
10;SECRETARIA DE ESPORTE, CULTURA E LAZER;001;DEPARTAMENTO DE ESPORTE CULTURA E LAZER;13.392.0014.1095;Construção de Barracão para realização de eventos - Recursos Itaipu Binacional;4.4.90.51.00.00;OBRAS E INSTALAÇÕES;03340;E;01993;1072/03/99/01/02;TRANSF ITAIPU BINACIONAL - CONSTRUÇÃO DE BARRACÃO PARA EVENTOS;800000.00;800000.00;0.00;800000.00
10;SECRETARIA DE ESPORTE, CULTURA E LAZER;001;DEPARTAMENTO DE ESPORTE CULTURA E LAZER;13.392.0014.2059;Organizar, Colaborar e Realizar Eventos, Conferências e Festividades do Calendár;3.3.90.30.00.00;MATERIAL DE CONSUMO;03350;E;00000;0000/01/07/00/00;Recursos Ordinários (Livres);250000.00;250000.00;135946.00;114054.00
10;SECRETARIA DE ESPORTE, CULTURA E LAZER;001;DEPARTAMENTO DE ESPORTE CULTURA E LAZER;13.392.0014.2059;Organizar, Colaborar e Realizar Eventos, Conferências e Festividades do Calendár;3.3.90.30.00.00;MATERIAL DE CONSUMO;03351;E;00510;0510/01/07/00/00;Taxas - Exercício Poder de Polícia;0.00;3000.00;1688.32;1311.68
10;SECRETARIA DE ESPORTE, CULTURA E LAZER;001;DEPARTAMENTO DE ESPORTE CULTURA E LAZER;13.392.0014.2059;Organizar, Colaborar e Realizar Eventos, Conferências e Festividades do Calendár;3.3.90.30.00.00;MATERIAL DE CONSUMO;03353;E;01015;1015/14/99/00/00;Cessão Onerosa - Pré-Sal - Lei nº 13.885/2019;0.00;0.00;0.00;0.00
10;SECRETARIA DE ESPORTE, CULTURA E LAZER;001;DEPARTAMENTO DE ESPORTE CULTURA E LAZER;13.392.0014.2059;Organizar, Colaborar e Realizar Eventos, Conferências e Festividades do Calendár;3.3.90.30.00.00;MATERIAL DE CONSUMO;03353;EA;01015;1015/14/99/00/00;Cessão Onerosa - Pré-Sal - Lei nº 13.885/2019;0.00;10000.00;7137.77;2862.23
10;SECRETARIA DE ESPORTE, CULTURA E LAZER;001;DEPARTAMENTO DE ESPORTE CULTURA E LAZER;13.392.0014.2059;Organizar, Colaborar e Realizar Eventos, Conferências e Festividades do Calendár;3.3.90.30.00.00;MATERIAL DE CONSUMO;03352;E;19391;1045/01/07/00/00;Taxa de incrição do Concurso Público Centenario do Sul Edital 01_2025;0.00;11000.00;10828.55;171.45
10;SECRETARIA DE ESPORTE, CULTURA E LAZER;001;DEPARTAMENTO DE ESPORTE CULTURA E LAZER;13.392.0014.2059;Organizar, Colaborar e Realizar Eventos, Conferências e Festividades do Calendár;3.3.90.31.00.00;PREMIAÇÕES CULTURAIS, ARTÍSTICAS, CIENTÍFICAS, DESPORTIVAS E OUTRAS;03360;E;00000;0000/01/07/00/00;Recursos Ordinários (Livres);10000.00;10000.00;0.00;10000.00
10;SECRETARIA DE ESPORTE, CULTURA E LAZER;001;DEPARTAMENTO DE ESPORTE CULTURA E LAZER;13.392.0014.2059;Organizar, Colaborar e Realizar Eventos, Conferências e Festividades do Calendár;3.3.90.32.00.00;MATERIAL, BEM OU SERVIÇO PARA DISTRIBUIÇÃO GRATUITA;03370;E;00000;0000/01/07/00/00;Recursos Ordinários (Livres);5000.00;5000.00;0.00;5000.00
10;SECRETARIA DE ESPORTE, CULTURA E LAZER;001;DEPARTAMENTO DE ESPORTE CULTURA E LAZER;13.392.0014.2059;Organizar, Colaborar e Realizar Eventos, Conferências e Festividades do Calendár;3.3.90.36.00.00;OUTROS SERVIÇOS DE TERCEIROS - PESSOA FÍSICA;03380;E;00000;0000/01/07/00/00;Recursos Ordinários (Livres);5000.00;5000.00;0.00;5000.00
10;SECRETARIA DE ESPORTE, CULTURA E LAZER;001;DEPARTAMENTO DE ESPORTE CULTURA E LAZER;13.392.0014.2059;Organizar, Colaborar e Realizar Eventos, Conferências e Festividades do Calendár;3.3.90.39.00.00;OUTROS SERVIÇOS DE TERCEIROS - PESSOA JURÍDICA;03390;E;00000;0000/01/07/00/00;Recursos Ordinários (Livres);250000.00;164895.23;51640.00;113255.23
10;SECRETARIA DE ESPORTE, CULTURA E LAZER;001;DEPARTAMENTO DE ESPORTE CULTURA E LAZER;13.392.0014.2059;Organizar, Colaborar e Realizar Eventos, Conferências e Festividades do Calendár;3.3.90.39.00.00;OUTROS SERVIÇOS DE TERCEIROS - PESSOA JURÍDICA;03391;E;02001;1005/03/99/01/01;CONVENIO ESTADUAL 037/2026 SETU PR;0.00;249700.00;0.00;249700.00
10;SECRETARIA DE ESPORTE, CULTURA E LAZER;001;DEPARTAMENTO DE ESPORTE CULTURA E LAZER;13.392.0014.2059;Organizar, Colaborar e Realizar Eventos, Conferências e Festividades do Calendár;3.3.90.39.00.00;OUTROS SERVIÇOS DE TERCEIROS - PESSOA JURÍDICA;03392;E;19391;1045/01/07/00/00;Taxa de incrição do Concurso Público Centenario do Sul Edital 01_2025;0.00;0.00;0.00;0.00
10;SECRETARIA DE ESPORTE, CULTURA E LAZER;001;DEPARTAMENTO DE ESPORTE CULTURA E LAZER;13.392.0014.2059;Organizar, Colaborar e Realizar Eventos, Conferências e Festividades do Calendár;3.3.90.39.00.00;OUTROS SERVIÇOS DE TERCEIROS - PESSOA JURÍDICA;03392;EA;19391;1045/01/07/00/00;Taxa de incrição do Concurso Público Centenario do Sul Edital 01_2025;0.00;5000.00;4192.20;807.80
10;SECRETARIA DE ESPORTE, CULTURA E LAZER;001;DEPARTAMENTO DE ESPORTE CULTURA E LAZER;13.392.0014.2060;Manutenção das Atividades das Unidades de Atendimento à Cultura;3.1.90.11.00.00;VENCIMENTOS E VANTAGENS FIXAS - PESSOAL CIVIL;03400;E;00000;0000/01/07/00/00;Recursos Ordinários (Livres);91000.00;91000.00;26503.33;64496.67
10;SECRETARIA DE ESPORTE, CULTURA E LAZER;001;DEPARTAMENTO DE ESPORTE CULTURA E LAZER;13.392.0014.2060;Manutenção das Atividades das Unidades de Atendimento à Cultura;3.1.90.13.00.00;CONTRIBUIÇÕES PATRONAIS;03410;E;00000;0000/01/07/00/00;Recursos Ordinários (Livres);17000.00;17000.00;4665.00;12335.00
10;SECRETARIA DE ESPORTE, CULTURA E LAZER;001;DEPARTAMENTO DE ESPORTE CULTURA E LAZER;13.392.0014.2060;Manutenção das Atividades das Unidades de Atendimento à Cultura;3.3.90.14.00.00;DIÁRIAS - CIVIL;03420;E;00000;0000/01/07/00/00;Recursos Ordinários (Livres);10000.00;8000.00;6535.00;1465.00
10;SECRETARIA DE ESPORTE, CULTURA E LAZER;001;DEPARTAMENTO DE ESPORTE CULTURA E LAZER;13.392.0014.2060;Manutenção das Atividades das Unidades de Atendimento à Cultura;3.3.90.14.00.00;DIÁRIAS - CIVIL;03421;E;01057;1057/01/07/00/00;Auxílio Financeiro - Outorga Crédito Tributário ICMS - Art. 5º, Inciso V, EC nº;0.00;0.00;0.00;0.00
10;SECRETARIA DE ESPORTE, CULTURA E LAZER;001;DEPARTAMENTO DE ESPORTE CULTURA E LAZER;13.392.0014.2060;Manutenção das Atividades das Unidades de Atendimento à Cultura;3.3.90.14.00.00;DIÁRIAS - CIVIL;03421;EA;01057;1057/01/07/00/00;Auxílio Financeiro - Outorga Crédito Tributário ICMS - Art. 5º, Inciso V, EC nº;0.00;6000.00;5400.00;600.00
10;SECRETARIA DE ESPORTE, CULTURA E LAZER;001;DEPARTAMENTO DE ESPORTE CULTURA E LAZER;13.392.0014.2060;Manutenção das Atividades das Unidades de Atendimento à Cultura;3.3.90.30.00.00;MATERIAL DE CONSUMO;03430;E;00000;0000/01/07/00/00;Recursos Ordinários (Livres);20000.00;20000.00;0.00;20000.00
10;SECRETARIA DE ESPORTE, CULTURA E LAZER;001;DEPARTAMENTO DE ESPORTE CULTURA E LAZER;13.392.0014.2060;Manutenção das Atividades das Unidades de Atendimento à Cultura;3.3.90.36.00.00;OUTROS SERVIÇOS DE TERCEIROS - PESSOA FÍSICA;03440;E;00000;0000/01/07/00/00;Recursos Ordinários (Livres);10000.00;10000.00;9856.00;144.00
10;SECRETARIA DE ESPORTE, CULTURA E LAZER;001;DEPARTAMENTO DE ESPORTE CULTURA E LAZER;13.392.0014.2060;Manutenção das Atividades das Unidades de Atendimento à Cultura;3.3.90.39.00.00;OUTROS SERVIÇOS DE TERCEIROS - PESSOA JURÍDICA;03450;E;00000;0000/01/07/00/00;Recursos Ordinários (Livres);100000.00;100000.00;18735.54;81264.46
10;SECRETARIA DE ESPORTE, CULTURA E LAZER;001;DEPARTAMENTO DE ESPORTE CULTURA E LAZER;13.392.0014.2060;Manutenção das Atividades das Unidades de Atendimento à Cultura;3.3.90.39.00.00;OUTROS SERVIÇOS DE TERCEIROS - PESSOA JURÍDICA;03451;E;01063;1063/09/99/06/18;FNC - Transferências da Política Nacional Lei Aldir Blanc;0.00;99000.00;99000.00;0.00
10;SECRETARIA DE ESPORTE, CULTURA E LAZER;001;DEPARTAMENTO DE ESPORTE CULTURA E LAZER;13.392.0014.2060;Manutenção das Atividades das Unidades de Atendimento à Cultura;4.4.90.52.00.00;EQUIPAMENTOS E MATERIAL PERMANENTE;03460;E;00000;0000/01/07/00/00;Recursos Ordinários (Livres);8000.00;8000.00;0.00;8000.00
10;SECRETARIA DE ESPORTE, CULTURA E LAZER;001;DEPARTAMENTO DE ESPORTE CULTURA E LAZER;27.812.0017.1076;Construção de Quadra de Volei de Areia no Conjunto Bela Italia;4.4.90.30.00.00;MATERIAL DE CONSUMO;03470;E;00000;0000/01/07/00/00;Recursos Ordinários (Livres);50000.00;50000.00;0.00;50000.00
10;SECRETARIA DE ESPORTE, CULTURA E LAZER;001;DEPARTAMENTO DE ESPORTE CULTURA E LAZER;27.812.0017.1076;Construção de Quadra de Volei de Areia no Conjunto Bela Italia;4.4.90.39.00.00;OUTROS SERVIÇOS DE TERCEIROS - PESSOA JURÍDICA;03480;E;00000;0000/01/07/00/00;Recursos Ordinários (Livres);50000.00;50000.00;0.00;50000.00
10;SECRETARIA DE ESPORTE, CULTURA E LAZER;001;DEPARTAMENTO DE ESPORTE CULTURA E LAZER;27.812.0017.1076;Construção de Quadra de Volei de Areia no Conjunto Bela Italia;4.4.90.51.00.00;OBRAS E INSTALAÇÕES;03490;E;00000;0000/01/07/00/00;Recursos Ordinários (Livres);100000.00;100000.00;0.00;100000.00
10;SECRETARIA DE ESPORTE, CULTURA E LAZER;001;DEPARTAMENTO DE ESPORTE CULTURA E LAZER;27.812.0017.1077;Reforma da Unidade Esportiva - Centenário Esporte Clube;4.4.90.30.00.00;MATERIAL DE CONSUMO;03500;E;00000;0000/01/07/00/00;Recursos Ordinários (Livres);10000.00;10000.00;0.00;10000.00
10;SECRETARIA DE ESPORTE, CULTURA E LAZER;001;DEPARTAMENTO DE ESPORTE CULTURA E LAZER;27.812.0017.1077;Reforma da Unidade Esportiva - Centenário Esporte Clube;4.4.90.39.00.00;OUTROS SERVIÇOS DE TERCEIROS - PESSOA JURÍDICA;03510;E;00000;0000/01/07/00/00;Recursos Ordinários (Livres);10000.00;10000.00;0.00;10000.00
10;SECRETARIA DE ESPORTE, CULTURA E LAZER;001;DEPARTAMENTO DE ESPORTE CULTURA E LAZER;27.812.0017.1077;Reforma da Unidade Esportiva - Centenário Esporte Clube;4.4.90.51.00.00;OBRAS E INSTALAÇÕES;03520;E;00000;0000/01/07/00/00;Recursos Ordinários (Livres);30000.00;30000.00;0.00;30000.00
10;SECRETARIA DE ESPORTE, CULTURA E LAZER;001;DEPARTAMENTO DE ESPORTE CULTURA E LAZER;27.812.0017.1077;Reforma da Unidade Esportiva - Centenário Esporte Clube;4.4.90.51.00.00;OBRAS E INSTALAÇÕES;03530;E;19388;1005/03/99/01/01;CONVÊNIO ESTADUAL - REFORMA DO CENTRO DE EVENTOS - CENT ESP CLUBE;500000.00;500000.00;0.00;500000.00
10;SECRETARIA DE ESPORTE, CULTURA E LAZER;001;DEPARTAMENTO DE ESPORTE CULTURA E LAZER;27.812.0017.2058;Manutenção do Atendimento nas Unidades Esportivas;3.1.90.11.00.00;VENCIMENTOS E VANTAGENS FIXAS - PESSOAL CIVIL;03540;E;00000;0000/01/07/00/00;Recursos Ordinários (Livres);465000.00;453000.00;290480.35;162519.65
10;SECRETARIA DE ESPORTE, CULTURA E LAZER;001;DEPARTAMENTO DE ESPORTE CULTURA E LAZER;27.812.0017.2058;Manutenção do Atendimento nas Unidades Esportivas;3.1.90.13.00.00;CONTRIBUIÇÕES PATRONAIS;03550;E;00000;0000/01/07/00/00;Recursos Ordinários (Livres);86000.00;86000.00;50961.70;35038.30
10;SECRETARIA DE ESPORTE, CULTURA E LAZER;001;DEPARTAMENTO DE ESPORTE CULTURA E LAZER;27.812.0017.2058;Manutenção do Atendimento nas Unidades Esportivas;3.3.90.14.00.00;DIÁRIAS - CIVIL;03560;E;00000;0000/01/07/00/00;Recursos Ordinários (Livres);10000.00;13400.00;13355.00;45.00
10;SECRETARIA DE ESPORTE, CULTURA E LAZER;001;DEPARTAMENTO DE ESPORTE CULTURA E LAZER;27.812.0017.2058;Manutenção do Atendimento nas Unidades Esportivas;3.3.90.30.00.00;MATERIAL DE CONSUMO;03570;E;00000;0000/01/07/00/00;Recursos Ordinários (Livres);150000.00;128600.00;47369.45;81230.55
10;SECRETARIA DE ESPORTE, CULTURA E LAZER;001;DEPARTAMENTO DE ESPORTE CULTURA E LAZER;27.812.0017.2058;Manutenção do Atendimento nas Unidades Esportivas;3.3.90.30.00.00;MATERIAL DE CONSUMO;03571;E;00510;0510/01/07/00/00;Taxas - Exercício Poder de Polícia;0.00;1000.00;646.09;353.91
10;SECRETARIA DE ESPORTE, CULTURA E LAZER;001;DEPARTAMENTO DE ESPORTE CULTURA E LAZER;27.812.0017.2058;Manutenção do Atendimento nas Unidades Esportivas;3.3.90.30.00.00;MATERIAL DE CONSUMO;03573;E;00511;0511/01/07/00/00;Taxas - Prestação de Serviços;0.00;1625.39;1625.39;0.00
10;SECRETARIA DE ESPORTE, CULTURA E LAZER;001;DEPARTAMENTO DE ESPORTE CULTURA E LAZER;27.812.0017.2058;Manutenção do Atendimento nas Unidades Esportivas;3.3.90.30.00.00;MATERIAL DE CONSUMO;03572;E;11045;1045/01/07/00/00;Outros Recursos não Vinculados;0.00;2900.00;2793.13;106.87
10;SECRETARIA DE ESPORTE, CULTURA E LAZER;001;DEPARTAMENTO DE ESPORTE CULTURA E LAZER;27.812.0017.2058;Manutenção do Atendimento nas Unidades Esportivas;3.3.90.31.00.00;PREMIAÇÕES CULTURAIS, ARTÍSTICAS, CIENTÍFICAS, DESPORTIVAS E OUTRAS;03580;E;00000;0000/01/07/00/00;Recursos Ordinários (Livres);20000.00;20000.00;15000.00;5000.00
10;SECRETARIA DE ESPORTE, CULTURA E LAZER;001;DEPARTAMENTO DE ESPORTE CULTURA E LAZER;27.812.0017.2058;Manutenção do Atendimento nas Unidades Esportivas;3.3.90.36.00.00;OUTROS SERVIÇOS DE TERCEIROS - PESSOA FÍSICA;03590;E;00000;0000/01/07/00/00;Recursos Ordinários (Livres);10000.00;47376.00;41164.00;6212.00
10;SECRETARIA DE ESPORTE, CULTURA E LAZER;001;DEPARTAMENTO DE ESPORTE CULTURA E LAZER;27.812.0017.2058;Manutenção do Atendimento nas Unidades Esportivas;3.3.90.39.00.00;OUTROS SERVIÇOS DE TERCEIROS - PESSOA JURÍDICA;03600;E;00000;0000/01/07/00/00;Recursos Ordinários (Livres);200000.00;194624.00;108100.72;86523.28
10;SECRETARIA DE ESPORTE, CULTURA E LAZER;001;DEPARTAMENTO DE ESPORTE CULTURA E LAZER;27.812.0017.2058;Manutenção do Atendimento nas Unidades Esportivas;3.3.90.39.00.00;OUTROS SERVIÇOS DE TERCEIROS - PESSOA JURÍDICA;03601;E;00002;0002/01/07/00/00;Desvinculação das Receitas dos Municípios - DRM;0.00;5900.00;5889.64;10.36
10;SECRETARIA DE ESPORTE, CULTURA E LAZER;001;DEPARTAMENTO DE ESPORTE CULTURA E LAZER;27.812.0017.2058;Manutenção do Atendimento nas Unidades Esportivas;3.3.90.39.00.00;OUTROS SERVIÇOS DE TERCEIROS - PESSOA JURÍDICA;03602;E;00511;0511/01/07/00/00;Taxas - Prestação de Serviços;0.00;8834.46;8834.46;0.00
10;SECRETARIA DE ESPORTE, CULTURA E LAZER;001;DEPARTAMENTO DE ESPORTE CULTURA E LAZER;27.812.0017.2058;Manutenção do Atendimento nas Unidades Esportivas;3.3.90.46.00.00;AUXÍLIO-ALIMENTAÇÃO;03610;E;00000;0000/01/07/00/00;Recursos Ordinários (Livres);2500.00;2500.00;0.00;2500.00
10;SECRETARIA DE ESPORTE, CULTURA E LAZER;001;DEPARTAMENTO DE ESPORTE CULTURA E LAZER;27.812.0017.2058;Manutenção do Atendimento nas Unidades Esportivas;4.4.90.52.00.00;EQUIPAMENTOS E MATERIAL PERMANENTE;03620;E;00000;0000/01/07/00/00;Recursos Ordinários (Livres);20000.00;16010.00;0.00;16010.00
11;SECRETARIA DE AGRICULTURA E MEIO AMBIENTE;001;DEPARTAMENTO DE FOMENTO AGROPECUARIO;20.608.0018.1074;Reforma do Prédio da Secretaria de Agricultura;4.4.90.30.00.00;MATERIAL DE CONSUMO;03630;E;00000;0000/01/07/00/00;Recursos Ordinários (Livres);50000.00;50000.00;0.00;50000.00
11;SECRETARIA DE AGRICULTURA E MEIO AMBIENTE;001;DEPARTAMENTO DE FOMENTO AGROPECUARIO;20.608.0018.1074;Reforma do Prédio da Secretaria de Agricultura;4.4.90.39.00.00;OUTROS SERVIÇOS DE TERCEIROS - PESSOA JURÍDICA;03640;E;00000;0000/01/07/00/00;Recursos Ordinários (Livres);50000.00;50000.00;0.00;50000.00
11;SECRETARIA DE AGRICULTURA E MEIO AMBIENTE;001;DEPARTAMENTO DE FOMENTO AGROPECUARIO;20.608.0018.1074;Reforma do Prédio da Secretaria de Agricultura;4.4.90.51.00.00;OBRAS E INSTALAÇÕES;03650;E;00000;0000/01/07/00/00;Recursos Ordinários (Livres);100000.00;70000.00;0.00;70000.00
11;SECRETARIA DE AGRICULTURA E MEIO AMBIENTE;001;DEPARTAMENTO DE FOMENTO AGROPECUARIO;20.608.0018.1083;Convênio Estadual - Pavimentação da Estrada Rural Voilta Seca - Trecho 1;4.4.90.51.00.00;OBRAS E INSTALAÇÕES;03660;E;00000;0000/01/07/00/00;Recursos Ordinários (Livres);65800.00;65800.00;0.00;65800.00
11;SECRETARIA DE AGRICULTURA E MEIO AMBIENTE;001;DEPARTAMENTO DE FOMENTO AGROPECUARIO;20.608.0018.1083;Convênio Estadual - Pavimentação da Estrada Rural Voilta Seca - Trecho 1;4.4.90.51.00.00;OBRAS E INSTALAÇÕES;03670;E;01981;1005/03/99/01/01;CONVÊNIO ESTADUAL - PAVIMENTAÇÃO ESTRADA RURAL VOLTA SECA - TRECHO 1;6514200.00;6514200.00;0.00;6514200.00
11;SECRETARIA DE AGRICULTURA E MEIO AMBIENTE;001;DEPARTAMENTO DE FOMENTO AGROPECUARIO;20.608.0018.1084;Convênio Estadual - Pavimentação da Estrada Rural Voilta Seca - Trecho 2;4.4.90.51.00.00;OBRAS E INSTALAÇÕES;03680;E;00000;0000/01/07/00/00;Recursos Ordinários (Livres);65800.00;65800.00;0.00;65800.00
11;SECRETARIA DE AGRICULTURA E MEIO AMBIENTE;001;DEPARTAMENTO DE FOMENTO AGROPECUARIO;20.608.0018.1084;Convênio Estadual - Pavimentação da Estrada Rural Voilta Seca - Trecho 2;4.4.90.51.00.00;OBRAS E INSTALAÇÕES;03690;E;01982;1005/03/99/01/01;CONVÊNIO ESTADUAL - PAVIMENTAÇÃO ESTRADA RURAL VOLTA SECA - TRECHO 2;6514200.00;6514200.00;0.00;6514200.00
11;SECRETARIA DE AGRICULTURA E MEIO AMBIENTE;001;DEPARTAMENTO DE FOMENTO AGROPECUARIO;20.608.0018.1085;Convênio Estadual - Pavimentação da Estrada Rural TOAKO;4.4.90.51.00.00;OBRAS E INSTALAÇÕES;03700;E;00000;0000/01/07/00/00;Recursos Ordinários (Livres);45000.00;45000.00;0.00;45000.00
11;SECRETARIA DE AGRICULTURA E MEIO AMBIENTE;001;DEPARTAMENTO DE FOMENTO AGROPECUARIO;20.608.0018.1085;Convênio Estadual - Pavimentação da Estrada Rural TOAKO;4.4.90.51.00.00;OBRAS E INSTALAÇÕES;03710;E;01983;1005/03/99/01/01;CONVÊNIO ESTADUAL - PAVIMENTAÇAÕ ESTRADA RURAL ESTRADA TOAKO;4455000.00;4455000.00;0.00;4455000.00
11;SECRETARIA DE AGRICULTURA E MEIO AMBIENTE;001;DEPARTAMENTO DE FOMENTO AGROPECUARIO;20.608.0018.1094;Convênio Federal - Incra - Aquisição de Fábrica de Farinha Móvel;4.4.90.52.00.00;EQUIPAMENTOS E MATERIAL PERMANENTE;03720;E;01992;1006/03/99/01/02;CONVÊNIO FEDERAL - INCRA - AQUISIÇAÕ DE FÁBRICA DE FARINHA MÓVEL;340000.00;340000.00;0.00;340000.00
11;SECRETARIA DE AGRICULTURA E MEIO AMBIENTE;001;DEPARTAMENTO DE FOMENTO AGROPECUARIO;20.608.0018.2061;Manutenção das Atividades do Departamento de Fomento Agropecuário;3.1.90.11.00.00;VENCIMENTOS E VANTAGENS FIXAS - PESSOAL CIVIL;03730;E;00000;0000/01/07/00/00;Recursos Ordinários (Livres);485000.00;465800.00;298404.03;167395.97
11;SECRETARIA DE AGRICULTURA E MEIO AMBIENTE;001;DEPARTAMENTO DE FOMENTO AGROPECUARIO;20.608.0018.2061;Manutenção das Atividades do Departamento de Fomento Agropecuário;3.1.90.13.00.00;CONTRIBUIÇÕES PATRONAIS;03740;E;00000;0000/01/07/00/00;Recursos Ordinários (Livres);90000.00;90000.00;52294.00;37706.00
11;SECRETARIA DE AGRICULTURA E MEIO AMBIENTE;001;DEPARTAMENTO DE FOMENTO AGROPECUARIO;20.608.0018.2061;Manutenção das Atividades do Departamento de Fomento Agropecuário;3.3.90.30.00.00;MATERIAL DE CONSUMO;03750;E;00000;0000/01/07/00/00;Recursos Ordinários (Livres);10000.00;10700.00;10621.78;78.22
11;SECRETARIA DE AGRICULTURA E MEIO AMBIENTE;001;DEPARTAMENTO DE FOMENTO AGROPECUARIO;20.608.0018.2061;Manutenção das Atividades do Departamento de Fomento Agropecuário;3.3.90.30.00.00;MATERIAL DE CONSUMO;03761;E;00510;0510/01/07/00/00;Taxas - Exercício Poder de Polícia;0.00;3000.00;2119.91;880.09
11;SECRETARIA DE AGRICULTURA E MEIO AMBIENTE;001;DEPARTAMENTO DE FOMENTO AGROPECUARIO;20.608.0018.2061;Manutenção das Atividades do Departamento de Fomento Agropecuário;3.3.90.30.00.00;MATERIAL DE CONSUMO;03760;E;00511;0511/01/07/00/00;Taxas - Prestação de Serviços;50000.00;47517.60;1879.45;45638.15
11;SECRETARIA DE AGRICULTURA E MEIO AMBIENTE;001;DEPARTAMENTO DE FOMENTO AGROPECUARIO;20.608.0018.2061;Manutenção das Atividades do Departamento de Fomento Agropecuário;3.3.90.30.00.00;MATERIAL DE CONSUMO;03762;E;00567;1011/09/99/05/18;FUNDO MUNICIPAL DO MEIO AMBIENTE - FMMA;0.00;0.00;0.00;0.00
11;SECRETARIA DE AGRICULTURA E MEIO AMBIENTE;001;DEPARTAMENTO DE FOMENTO AGROPECUARIO;20.608.0018.2061;Manutenção das Atividades do Departamento de Fomento Agropecuário;3.3.90.30.00.00;MATERIAL DE CONSUMO;03762;EA;00567;1011/09/99/05/18;FUNDO MUNICIPAL DO MEIO AMBIENTE - FMMA;0.00;7000.00;618.82;6381.18
11;SECRETARIA DE AGRICULTURA E MEIO AMBIENTE;001;DEPARTAMENTO DE FOMENTO AGROPECUARIO;20.608.0018.2061;Manutenção das Atividades do Departamento de Fomento Agropecuário;3.3.90.30.00.00;MATERIAL DE CONSUMO;03763;E;11045;1045/01/07/00/00;Outros Recursos não Vinculados;0.00;1300.00;1067.48;232.52
11;SECRETARIA DE AGRICULTURA E MEIO AMBIENTE;001;DEPARTAMENTO DE FOMENTO AGROPECUARIO;20.608.0018.2061;Manutenção das Atividades do Departamento de Fomento Agropecuário;3.3.90.39.00.00;OUTROS SERVIÇOS DE TERCEIROS - PESSOA JURÍDICA;03770;E;00000;0000/01/07/00/00;Recursos Ordinários (Livres);100000.00;67010.88;2642.99;64367.89
11;SECRETARIA DE AGRICULTURA E MEIO AMBIENTE;001;DEPARTAMENTO DE FOMENTO AGROPECUARIO;20.608.0018.2061;Manutenção das Atividades do Departamento de Fomento Agropecuário;3.3.90.39.00.00;OUTROS SERVIÇOS DE TERCEIROS - PESSOA JURÍDICA;03780;E;00511;0511/01/07/00/00;Taxas - Prestação de Serviços;50000.00;41165.54;4912.81;36252.73
11;SECRETARIA DE AGRICULTURA E MEIO AMBIENTE;001;DEPARTAMENTO DE FOMENTO AGROPECUARIO;20.608.0018.2061;Manutenção das Atividades do Departamento de Fomento Agropecuário;3.3.90.46.00.00;AUXÍLIO-ALIMENTAÇÃO;03790;E;00000;0000/01/07/00/00;Recursos Ordinários (Livres);2400.00;2400.00;0.00;2400.00
11;SECRETARIA DE AGRICULTURA E MEIO AMBIENTE;001;DEPARTAMENTO DE FOMENTO AGROPECUARIO;20.608.0018.2061;Manutenção das Atividades do Departamento de Fomento Agropecuário;4.4.90.52.00.00;EQUIPAMENTOS E MATERIAL PERMANENTE;03800;E;00000;0000/01/07/00/00;Recursos Ordinários (Livres);10000.00;40000.00;35800.00;4200.00
11;SECRETARIA DE AGRICULTURA E MEIO AMBIENTE;001;DEPARTAMENTO DE FOMENTO AGROPECUARIO;20.608.0018.2061;Manutenção das Atividades do Departamento de Fomento Agropecuário;4.4.90.52.00.00;EQUIPAMENTOS E MATERIAL PERMANENTE;03805;E;00501;0501/04/99/00/00;Receitas de Alienações de Ativos;0.00;17937.13;17937.13;0.00
11;SECRETARIA DE AGRICULTURA E MEIO AMBIENTE;001;DEPARTAMENTO DE FOMENTO AGROPECUARIO;20.608.0018.2061;Manutenção das Atividades do Departamento de Fomento Agropecuário;4.4.90.52.00.00;EQUIPAMENTOS E MATERIAL PERMANENTE;03801;E;01975;1005/03/99/01/01;SEAB - CONVÊNIO 98/2025 - AQUISIÇÃO DE 02 PLANTADEIRAS DE PLANTIO DIRETO;0.00;358000.00;322200.00;35800.00
11;SECRETARIA DE AGRICULTURA E MEIO AMBIENTE;001;DEPARTAMENTO DE FOMENTO AGROPECUARIO;20.608.0018.2061;Manutenção das Atividades do Departamento de Fomento Agropecuário;4.4.90.52.00.00;EQUIPAMENTOS E MATERIAL PERMANENTE;03804;E;19390;1006/03/99/01/02;CONVENIO FEDERAL PROPOSTA 047668/2025 - AQUISICAO DE MAQUINAS E EQUIPAMENTOS;0.00;0.00;0.00;0.00
11;SECRETARIA DE AGRICULTURA E MEIO AMBIENTE;001;DEPARTAMENTO DE FOMENTO AGROPECUARIO;20.608.0018.2061;Manutenção das Atividades do Departamento de Fomento Agropecuário;4.4.90.52.00.00;EQUIPAMENTOS E MATERIAL PERMANENTE;03802;E;19392;1006/03/99/01/02;CONVENIO FEDERAL 980155/2025 AQUISICAO MAQUINAS E EQUIPAMENTOS;0.00;286787.00;0.00;286787.00
11;SECRETARIA DE AGRICULTURA E MEIO AMBIENTE;001;DEPARTAMENTO DE FOMENTO AGROPECUARIO;20.608.0018.2061;Manutenção das Atividades do Departamento de Fomento Agropecuário;4.4.90.52.00.00;EQUIPAMENTOS E MATERIAL PERMANENTE;03803;E;19393;1006/03/99/01/02;CONVENIO FEDERAL INCRA 986135/2025 AQ EQUIP;0.00;397490.00;180299.99;217190.01
11;SECRETARIA DE AGRICULTURA E MEIO AMBIENTE;001;DEPARTAMENTO DE FOMENTO AGROPECUARIO;26.782.0018.1091;Convênio Estadual - Construção de Pontes em Concreto na Área Rural;4.4.90.51.00.00;OBRAS E INSTALAÇÕES;03810;E;01989;1005/03/99/01/01;CONVÊNIO ESTADUAL - CONSRUÇÃO DE PONTES EM CONCRETO;2000000.00;2000000.00;0.00;2000000.00
11;SECRETARIA DE AGRICULTURA E MEIO AMBIENTE;002;DEPARTAMENTO DO MEIO AMBIENTE;18.541.0018.2062;Manutenção das Atividades do Departamento de Meio Ambiente;3.3.90.30.00.00;MATERIAL DE CONSUMO;03820;E;00000;0000/01/07/00/00;Recursos Ordinários (Livres);10000.00;15961.38;15500.37;461.01
11;SECRETARIA DE AGRICULTURA E MEIO AMBIENTE;002;DEPARTAMENTO DO MEIO AMBIENTE;18.541.0018.2062;Manutenção das Atividades do Departamento de Meio Ambiente;3.3.90.36.00.00;OUTROS SERVIÇOS DE TERCEIROS - PESSOA FÍSICA;03830;E;00000;0000/01/07/00/00;Recursos Ordinários (Livres);2000.00;27000.00;19992.00;7008.00
11;SECRETARIA DE AGRICULTURA E MEIO AMBIENTE;002;DEPARTAMENTO DO MEIO AMBIENTE;18.541.0018.2062;Manutenção das Atividades do Departamento de Meio Ambiente;3.3.90.39.00.00;OUTROS SERVIÇOS DE TERCEIROS - PESSOA JURÍDICA;03840;E;00000;0000/01/07/00/00;Recursos Ordinários (Livres);1500000.00;1253294.08;20993.17;1232300.91
11;SECRETARIA DE AGRICULTURA E MEIO AMBIENTE;002;DEPARTAMENTO DO MEIO AMBIENTE;18.541.0018.2062;Manutenção das Atividades do Departamento de Meio Ambiente;3.3.90.39.00.00;OUTROS SERVIÇOS DE TERCEIROS - PESSOA JURÍDICA;03850;E;00002;0002/01/07/00/00;Desvinculação das Receitas dos Municípios - DRM;46000.00;46000.00;0.00;46000.00
11;SECRETARIA DE AGRICULTURA E MEIO AMBIENTE;002;DEPARTAMENTO DO MEIO AMBIENTE;18.542.0019.1097;Construção de um Barracão para Transbordo de Resíduos Sólidos Urbanos;4.4.90.51.00.00;OBRAS E INSTALAÇÕES;03860;E;00000;0000/01/07/00/00;Recursos Ordinários (Livres);10000.00;10000.00;0.00;10000.00
12;SECRETARIA DE DESELVOLVIMENTO ECONÔMICO E TURISMO;001;DEPARTAMENTO DE INDÚSTRIA COMËRCIO E TURISMO;13.392.0014.1096;Convênio Federal - Construção de Centro de Eventos para Turismo;4.4.90.51.00.00;OBRAS E INSTALAÇÕES;03870;E;00000;0000/01/07/00/00;Recursos Ordinários (Livres);10000.00;10000.00;0.00;10000.00
12;SECRETARIA DE DESELVOLVIMENTO ECONÔMICO E TURISMO;001;DEPARTAMENTO DE INDÚSTRIA COMËRCIO E TURISMO;13.392.0014.1096;Convênio Federal - Construção de Centro de Eventos para Turismo;4.4.90.51.00.00;OBRAS E INSTALAÇÕES;03880;E;01994;1006/03/99/01/02;CONVÊNIO FEDERAL - CONSTRUÇÃO DO CENTRO DE EVENTOS PARA TURISMO;560000.00;560000.00;0.00;560000.00
12;SECRETARIA DE DESELVOLVIMENTO ECONÔMICO E TURISMO;001;DEPARTAMENTO DE INDÚSTRIA COMËRCIO E TURISMO;22.661.0021.1075;Construção de Barracões Industriais - Incentivo à Industrialização;4.4.90.51.00.00;OBRAS E INSTALAÇÕES;03890;E;00000;0000/01/07/00/00;Recursos Ordinários (Livres);50000.00;50000.00;0.00;50000.00
12;SECRETARIA DE DESELVOLVIMENTO ECONÔMICO E TURISMO;001;DEPARTAMENTO DE INDÚSTRIA COMËRCIO E TURISMO;22.661.0021.1075;Construção de Barracões Industriais - Incentivo à Industrialização;4.4.90.51.00.00;OBRAS E INSTALAÇÕES;03900;E;01953;1005/03/99/01/01;SECID - CONSTRUÇÃO DE BARRACÃO INDUSTRIAL;450000.00;450000.00;0.00;450000.00
12;SECRETARIA DE DESELVOLVIMENTO ECONÔMICO E TURISMO;001;DEPARTAMENTO DE INDÚSTRIA COMËRCIO E TURISMO;22.661.0021.1075;Construção de Barracões Industriais - Incentivo à Industrialização;4.4.90.51.00.00;OBRAS E INSTALAÇÕES;03910;E;01958;1006/03/99/01/02;M.DESENVOLVIMENTO ECONÔMICO - CONST. BARRACÃO INDUSTRIAL;450000.00;450000.00;0.00;450000.00
12;SECRETARIA DE DESELVOLVIMENTO ECONÔMICO E TURISMO;001;DEPARTAMENTO DE INDÚSTRIA COMËRCIO E TURISMO;22.661.0021.1075;Construção de Barracões Industriais - Incentivo à Industrialização;4.4.90.51.00.00;OBRAS E INSTALAÇÕES;03911;E;01978;1017/12/99/01/02;CONVENIO FEDERAL PROPOSTA 007919/2024 BARRACAO INDUSTRIAL;0.00;0.00;0.00;0.00
12;SECRETARIA DE DESELVOLVIMENTO ECONÔMICO E TURISMO;001;DEPARTAMENTO DE INDÚSTRIA COMËRCIO E TURISMO;22.661.0021.2063;Manutenção das Atividades da Secretaria de Desenvolvimento Econômico e Turismo;3.1.90.11.00.00;VENCIMENTOS E VANTAGENS FIXAS - PESSOAL CIVIL;03920;E;00000;0000/01/07/00/00;Recursos Ordinários (Livres);402000.00;341853.06;228856.91;112996.15
12;SECRETARIA DE DESELVOLVIMENTO ECONÔMICO E TURISMO;001;DEPARTAMENTO DE INDÚSTRIA COMËRCIO E TURISMO;22.661.0021.2063;Manutenção das Atividades da Secretaria de Desenvolvimento Econômico e Turismo;3.1.90.13.00.00;CONTRIBUIÇÕES PATRONAIS;03930;E;00000;0000/01/07/00/00;Recursos Ordinários (Livres);75000.00;75000.00;39696.37;35303.63
12;SECRETARIA DE DESELVOLVIMENTO ECONÔMICO E TURISMO;001;DEPARTAMENTO DE INDÚSTRIA COMËRCIO E TURISMO;22.661.0021.2063;Manutenção das Atividades da Secretaria de Desenvolvimento Econômico e Turismo;3.3.90.30.00.00;MATERIAL DE CONSUMO;03940;E;00000;0000/01/07/00/00;Recursos Ordinários (Livres);30000.00;28786.89;6479.00;22307.89
12;SECRETARIA DE DESELVOLVIMENTO ECONÔMICO E TURISMO;001;DEPARTAMENTO DE INDÚSTRIA COMËRCIO E TURISMO;22.661.0021.2063;Manutenção das Atividades da Secretaria de Desenvolvimento Econômico e Turismo;3.3.90.30.00.00;MATERIAL DE CONSUMO;03950;E;00002;0002/01/07/00/00;Desvinculação das Receitas dos Municípios - DRM;5000.00;9178.70;0.00;9178.70
12;SECRETARIA DE DESELVOLVIMENTO ECONÔMICO E TURISMO;001;DEPARTAMENTO DE INDÚSTRIA COMËRCIO E TURISMO;22.661.0021.2063;Manutenção das Atividades da Secretaria de Desenvolvimento Econômico e Turismo;3.3.90.30.00.00;MATERIAL DE CONSUMO;03951;E;00510;0510/01/07/00/00;Taxas - Exercício Poder de Polícia;0.00;5900.00;4943.54;956.46
12;SECRETARIA DE DESELVOLVIMENTO ECONÔMICO E TURISMO;001;DEPARTAMENTO DE INDÚSTRIA COMËRCIO E TURISMO;22.661.0021.2063;Manutenção das Atividades da Secretaria de Desenvolvimento Econômico e Turismo;3.3.90.30.00.00;MATERIAL DE CONSUMO;03953;E;00511;0511/01/07/00/00;Taxas - Prestação de Serviços;0.00;314.50;314.50;0.00
12;SECRETARIA DE DESELVOLVIMENTO ECONÔMICO E TURISMO;001;DEPARTAMENTO DE INDÚSTRIA COMËRCIO E TURISMO;22.661.0021.2063;Manutenção das Atividades da Secretaria de Desenvolvimento Econômico e Turismo;3.3.90.30.00.00;MATERIAL DE CONSUMO;03952;E;11045;1045/01/07/00/00;Outros Recursos não Vinculados;0.00;400.00;314.50;85.50
12;SECRETARIA DE DESELVOLVIMENTO ECONÔMICO E TURISMO;001;DEPARTAMENTO DE INDÚSTRIA COMËRCIO E TURISMO;22.661.0021.2063;Manutenção das Atividades da Secretaria de Desenvolvimento Econômico e Turismo;3.3.90.39.00.00;OUTROS SERVIÇOS DE TERCEIROS - PESSOA JURÍDICA;03961;E;00000;0000/01/07/00/00;Recursos Ordinários (Livres);0.00;43702.73;43702.73;0.00
12;SECRETARIA DE DESELVOLVIMENTO ECONÔMICO E TURISMO;001;DEPARTAMENTO DE INDÚSTRIA COMËRCIO E TURISMO;22.661.0021.2063;Manutenção das Atividades da Secretaria de Desenvolvimento Econômico e Turismo;3.3.90.39.00.00;OUTROS SERVIÇOS DE TERCEIROS - PESSOA JURÍDICA;03961;EA;00000;0000/01/07/00/00;Recursos Ordinários (Livres);0.00;700.00;700.00;0.00
12;SECRETARIA DE DESELVOLVIMENTO ECONÔMICO E TURISMO;001;DEPARTAMENTO DE INDÚSTRIA COMËRCIO E TURISMO;22.661.0021.2063;Manutenção das Atividades da Secretaria de Desenvolvimento Econômico e Turismo;3.3.90.39.00.00;OUTROS SERVIÇOS DE TERCEIROS - PESSOA JURÍDICA;03960;E;00002;0002/01/07/00/00;Desvinculação das Receitas dos Municípios - DRM;100000.00;44800.00;7156.23;37643.77
12;SECRETARIA DE DESELVOLVIMENTO ECONÔMICO E TURISMO;001;DEPARTAMENTO DE INDÚSTRIA COMËRCIO E TURISMO;22.661.0021.2063;Manutenção das Atividades da Secretaria de Desenvolvimento Econômico e Turismo;3.3.90.46.00.00;AUXÍLIO-ALIMENTAÇÃO;03970;E;00000;0000/01/07/00/00;Recursos Ordinários (Livres);2500.00;2500.00;500.00;2000.00
12;SECRETARIA DE DESELVOLVIMENTO ECONÔMICO E TURISMO;001;DEPARTAMENTO DE INDÚSTRIA COMËRCIO E TURISMO;22.661.0021.2063;Manutenção das Atividades da Secretaria de Desenvolvimento Econômico e Turismo;4.4.90.52.00.00;EQUIPAMENTOS E MATERIAL PERMANENTE;03980;E;00000;0000/01/07/00/00;Recursos Ordinários (Livres);5000.00;5000.00;0.00;5000.00
12;SECRETARIA DE DESELVOLVIMENTO ECONÔMICO E TURISMO;002;DEPARTAMENTO DE TURISMO;13.392.0014.1098;Apoio a Projetos de Infraestrutura Turística;4.4.90.51.00.00;OBRAS E INSTALAÇÕES;00004;E;00000;0000/01/07/00/00;Recursos Ordinários (Livres);0.00;0.00;0.00;0.00
12;SECRETARIA DE DESELVOLVIMENTO ECONÔMICO E TURISMO;002;DEPARTAMENTO DE TURISMO;13.392.0014.1098;Apoio a Projetos de Infraestrutura Turística;4.4.90.51.00.00;OBRAS E INSTALAÇÕES;00005;E;19394;1006/03/99/01/02;CONTRATO DE REPASSE TRANSFEREGOV PROPOSTA 021939/2026;0.00;400000.00;0.00;400000.00
